timeOpen;timeClose;timeHigh;timeLow;name;open;high;low;close;volume;marketCap;timestamp
"2025-01-03T00:00:00.000Z";"2025-01-03T23:59:59.999Z";"2025-01-03T18:19:00.000Z";"2025-01-03T07:41:00.000Z";"2781";0.00003175777259;0.00003673828796;0.0000310381002;0.00003587031203;486325824.19;2732990008.42;"2025-01-03T23:59:59.999Z"
"2025-01-02T00:00:00.000Z";"2025-01-02T23:59:59.999Z";"2025-01-02T12:19:00.000Z";"2025-01-02T00:13:00.000Z";"2781";0.00002967208852;0.00003265616827;0.0000296045115;0.00003175777259;388146789.13;2419107249.17;"2025-01-02T23:59:59.999Z"
"2025-01-01T00:00:00.000Z";"2025-01-01T23:59:59.999Z";"2025-01-01T00:22:00.000Z";"2025-01-01T15:37:00.000Z";"2781";0.00003055617011;0.00003080256208;0.00002897839186;0.00002967208852;256464073.93;2254146659.13;"2025-01-01T23:59:59.999Z"
"2024-12-31T00:00:00.000Z";"2024-12-31T23:59:59.999Z";"2024-12-31T13:30:00.000Z";"2024-12-31T05:22:00.000Z";"2781";0.0000309823301;0.00003206968543;0.00002964089743;0.00003055759535;247746660.26;2320566238.57;"2024-12-31T23:59:59.999Z"
"2024-12-30T00:00:00.000Z";"2024-12-30T23:59:59.999Z";"2024-12-30T08:09:00.000Z";"2024-12-30T16:52:00.000Z";"2781";0.00003081950576;0.00003290183441;0.00003023832703;0.0000309823301;317854789.01;2352034110.96;"2024-12-30T23:59:59.999Z"
"2024-12-29T00:00:00.000Z";"2024-12-29T23:59:59.999Z";"2024-12-29T00:00:00.000Z";"2024-12-29T22:26:00.000Z";"2781";0.00003270177993;0.00003270215668;0.00003056362523;0.00003081998821;156995953.1;2339097400.95;"2024-12-29T23:59:59.999Z"
"2024-12-28T00:00:00.000Z";"2024-12-28T23:59:59.999Z";"2024-12-28T17:29:00.000Z";"2024-12-28T11:01:00.000Z";"2781";0.00003191876545;0.00003329002709;0.00003121911011;0.00003270202291;202994682.71;2481603389.15;"2024-12-28T23:59:59.999Z"
"2024-12-27T00:00:00.000Z";"2024-12-27T23:59:59.999Z";"2024-12-27T12:37:00.000Z";"2024-12-27T07:44:00.000Z";"2781";0.00003043304929;0.00003401515023;0.0000300351978;0.00003191876545;366531900.92;2421661648.67;"2024-12-27T23:59:59.999Z"
"2024-12-26T00:00:00.000Z";"2024-12-26T23:59:59.999Z";"2024-12-26T02:35:00.000Z";"2024-12-26T23:16:00.000Z";"2781";0.00003285277002;0.00003342915484;0.00003015789713;0.0000304344267;290634848.34;2308458343.58;"2024-12-26T23:59:59.999Z"
"2024-12-25T00:00:00.000Z";"2024-12-25T23:59:59.999Z";"2024-12-25T03:31:00.000Z";"2024-12-25T22:20:00.000Z";"2781";0.00003340209058;0.00003444446182;0.00003246009843;0.00003285277002;288745954.95;2491469500.81;"2024-12-25T23:59:59.999Z"
"2024-12-24T00:00:00.000Z";"2024-12-24T23:59:59.999Z";"2024-12-24T18:18:00.000Z";"2024-12-24T02:24:00.000Z";"2781";0.00003234179087;0.00003380117485;0.00003110648043;0.00003340227029;290444087.8;2533046442.97;"2024-12-24T23:59:59.999Z"
"2024-12-23T00:00:00.000Z";"2024-12-23T23:59:59.999Z";"2024-12-23T21:29:00.000Z";"2024-12-23T01:22:00.000Z";"2781";0.0000312053931;0.000032905137;0.00003025116574;0.0000323403943;347866165.78;2452112414.97;"2024-12-23T23:59:59.999Z"
"2024-12-22T00:00:00.000Z";"2024-12-22T23:59:59.999Z";"2024-12-22T16:37:00.000Z";"2024-12-22T01:46:00.000Z";"2781";0.00003001889125;0.00003271130618;0.00002958764834;0.0000312074106;398299395;2365967107.79;"2024-12-22T23:59:59.999Z"
"2024-12-21T00:00:00.000Z";"2024-12-21T23:59:59.999Z";"2024-12-21T07:31:00.000Z";"2024-12-21T23:12:00.000Z";"2781";0.00003330761086;0.00003490990834;0.00002958600914;0.00003001876003;511050673.21;2275274051.61;"2024-12-21T23:59:59.999Z"
"2024-12-20T00:00:00.000Z";"2024-12-20T23:59:59.999Z";"2024-12-20T21:59:00.000Z";"2024-12-20T12:03:00.000Z";"2781";0.00002937518591;0.0000345935092;0.00002494190172;0.00003330796654;900399834.02;2524467307.8;"2024-12-20T23:59:59.999Z"
"2024-12-19T00:00:00.000Z";"2024-12-19T23:59:59.999Z";"2024-12-19T04:37:00.000Z";"2024-12-19T19:57:00.000Z";"2781";0.00003111249913;0.00003136150698;0.00002680556604;0.0000293749729;726619023.73;2226167369.61;"2024-12-19T23:59:59.999Z"
"2024-12-18T00:00:00.000Z";"2024-12-18T23:59:59.999Z";"2024-12-18T01:35:00.000Z";"2024-12-18T23:51:00.000Z";"2781";0.00003582686361;0.00003661780651;0.00003103054479;0.00003111252368;588395587.36;2357433708.75;"2024-12-18T23:59:59.999Z"
"2024-12-17T00:00:00.000Z";"2024-12-17T23:59:59.999Z";"2024-12-17T17:10:00.000Z";"2024-12-17T04:47:00.000Z";"2781";0.00003695528088;0.00003932889284;0.00003548899586;0.00003582641456;544981809.59;2714466922.07;"2024-12-17T23:59:59.999Z"
"2024-12-16T00:00:00.000Z";"2024-12-16T23:59:59.999Z";"2024-12-16T22:46:00.000Z";"2024-12-16T11:59:00.000Z";"2781";0.0000367568995;0.00003799974933;0.00003452236936;0.00003695528088;428616754.5;2798986353.56;"2024-12-16T23:59:59.999Z"
"2024-12-15T00:00:00.000Z";"2024-12-15T23:59:59.999Z";"2024-12-15T15:37:00.000Z";"2024-12-15T22:13:00.000Z";"2781";0.0000364181819;0.00003703303217;0.00003441977602;0.0000367562288;265163103.81;2783316968;"2024-12-15T23:59:59.999Z"
"2024-12-14T00:00:00.000Z";"2024-12-14T23:59:59.999Z";"2024-12-14T01:31:00.000Z";"2024-12-14T21:00:00.000Z";"2781";0.00003879347413;0.00003925280169;0.00003565006675;0.0000364181819;255471572.91;2756236594.52;"2024-12-14T23:59:59.999Z"
"2024-12-13T00:00:00.000Z";"2024-12-13T23:59:59.999Z";"2024-12-13T14:58:00.000Z";"2024-12-13T07:09:00.000Z";"2781";0.0000379362742;0.00004029463978;0.00003705815222;0.00003879249732;355092509.42;2935556790.45;"2024-12-13T23:59:59.999Z"
"2024-12-12T00:00:00.000Z";"2024-12-12T23:59:59.999Z";"2024-12-12T03:34:00.000Z";"2024-12-12T22:22:00.000Z";"2781";0.00003937114281;0.00004077771749;0.00003753336203;0.0000379387321;411110815.12;2869726111.15;"2024-12-12T23:59:59.999Z"
"2024-12-11T00:00:00.000Z";"2024-12-11T23:59:59.999Z";"2024-12-11T20:11:00.000Z";"2024-12-11T01:31:00.000Z";"2781";0.00003587529575;0.00004013618595;0.0000341847454;0.00003937123209;467911858.46;2976927110.29;"2024-12-11T23:59:59.999Z"
"2024-12-10T00:00:00.000Z";"2024-12-10T23:59:59.999Z";"2024-12-10T00:41:00.000Z";"2024-12-10T18:13:00.000Z";"2781";0.00003908221397;0.00004000471007;0.00003272673994;0.00003587549575;762902986.97;2711593990.51;"2024-12-10T23:59:59.999Z"
"2024-12-09T00:00:00.000Z";"2024-12-09T23:59:59.999Z";"2024-12-09T01:16:00.000Z";"2024-12-09T21:07:00.000Z";"2781";0.00004603491315;0.00004635080005;0.00003503060815;0.0000390820328;1090317622.35;2953723186.3;"2024-12-09T23:59:59.999Z"
"2024-12-08T00:00:00.000Z";"2024-12-08T23:59:59.999Z";"2024-12-08T03:28:00.000Z";"2024-12-08T09:58:00.000Z";"2781";0.00004623476879;0.00004859037002;0.00004466226914;0.00004606709457;636793718.42;3481268570.32;"2024-12-08T23:59:59.999Z"
"2024-12-07T00:00:00.000Z";"2024-12-07T23:59:59.999Z";"2024-12-07T21:13:00.000Z";"2024-12-07T05:52:00.000Z";"2781";0.00004296592262;0.00004850698553;0.00004223716683;0.00004667731586;872436262.04;3526513268.79;"2024-12-07T23:59:59.999Z"
"2024-12-06T00:00:00.000Z";"2024-12-06T23:59:59.999Z";"2024-12-06T08:10:00.000Z";"2024-12-06T13:30:00.000Z";"2781";0.00004269505467;0.0000449641521;0.00004172137318;0.00004296592262;615605978.97;3245754856.06;"2024-12-06T23:59:59.999Z"
"2024-12-05T00:00:00.000Z";"2024-12-05T23:59:59.999Z";"2024-12-05T14:22:00.000Z";"2024-12-05T01:28:00.000Z";"2781";0.0000423989614;0.00004398306936;0.00004003379389;0.00004244689071;794644083.49;3205913272.89;"2024-12-05T23:59:59.999Z"
"2024-12-04T00:00:00.000Z";"2024-12-04T23:59:59.999Z";"2024-12-04T05:38:00.000Z";"2024-12-04T17:19:00.000Z";"2781";0.00004172821625;0.00004332150046;0.00004039445051;0.0000423989614;640199192.8;3201875563.21;"2024-12-04T23:59:59.999Z"
"2024-12-03T00:00:00.000Z";"2024-12-03T23:59:59.999Z";"2024-12-03T06:48:00.000Z";"2024-12-03T14:37:00.000Z";"2781";0.00004284852679;0.00004381607917;0.00003903430806;0.00004172821625;724114401.43;3150332234.45;"2024-12-03T23:59:59.999Z"
"2024-12-02T00:00:00.000Z";"2024-12-02T23:59:59.999Z";"2024-12-02T00:40:00.000Z";"2024-12-02T18:01:00.000Z";"2781";0.00004609373656;0.00004651469062;0.00004152381093;0.00004284837211;711017349.26;3234215539.71;"2024-12-02T23:59:59.999Z"
"2024-12-01T00:00:00.000Z";"2024-12-01T23:59:59.999Z";"2024-12-01T16:10:00.000Z";"2024-12-01T03:31:00.000Z";"2781";0.00004493654747;0.00004838743452;0.00004420978092;0.00004609231889;730351861.4;3469316705.87;"2024-12-01T23:59:59.999Z"
"2024-11-30T00:00:00.000Z";"2024-11-30T23:59:59.999Z";"2024-11-30T00:01:00.000Z";"2024-11-30T22:56:00.000Z";"2781";0.00004667033652;0.00004667042102;0.00004478595237;0.00004493654747;456922785.93;3381811776.95;"2024-11-30T23:59:59.999Z"
"2024-11-29T00:00:00.000Z";"2024-11-29T23:59:59.999Z";"2024-11-29T20:46:00.000Z";"2024-11-29T00:13:00.000Z";"2781";0.00004297732626;0.00004809585462;0.00004278880395;0.00004667040205;861899204.46;3511844945.24;"2024-11-29T23:59:59.999Z"
"2024-11-28T00:00:00.000Z";"2024-11-28T23:59:59.999Z";"2024-11-28T02:35:00.000Z";"2024-11-28T15:57:00.000Z";"2781";0.00004384315537;0.00004580291522;0.00004216893661;0.00004297729532;465861581.9;3233273158.76;"2024-11-28T23:59:59.999Z"
"2024-11-27T00:00:00.000Z";"2024-11-27T23:59:59.999Z";"2024-11-27T20:34:00.000Z";"2024-11-27T12:35:00.000Z";"2781";0.00004256479072;0.00004492098655;0.0000410964314;0.00004384315537;590581061.45;3296053072.09;"2024-11-27T23:59:59.999Z"
"2024-11-26T00:00:00.000Z";"2024-11-26T23:59:59.999Z";"2024-11-26T00:36:00.000Z";"2024-11-26T11:33:00.000Z";"2781";0.00004348447149;0.0000444425588;0.00004014903895;0.00004256479072;722461322.65;3199785133.66;"2024-11-26T23:59:59.999Z"
"2024-11-25T00:00:00.000Z";"2024-11-25T23:59:59.999Z";"2024-11-25T00:56:00.000Z";"2024-11-25T22:41:00.000Z";"2781";0.0000477782547;0.00004837851023;0.00004214048138;0.00004348568192;1083320050.6;3268120665.12;"2024-11-25T23:59:59.999Z"
"2024-11-24T00:00:00.000Z";"2024-11-24T23:59:59.999Z";"2024-11-24T02:51:00.000Z";"2024-11-24T12:46:00.000Z";"2781";0.00004765250859;0.00004940675419;0.00004316054297;0.0000477782547;1123054755.76;3588679812.92;"2024-11-24T23:59:59.999Z"
"2024-11-23T00:00:00.000Z";"2024-11-23T23:59:59.999Z";"2024-11-23T11:19:00.000Z";"2024-11-23T20:31:00.000Z";"2781";0.00004959520726;0.00005254479182;0.00004678387925;0.00004765250859;1246237873.24;3579444291.45;"2024-11-23T23:59:59.999Z"
"2024-11-22T00:00:00.000Z";"2024-11-22T23:59:59.999Z";"2024-11-22T00:02:00.000Z";"2024-11-22T20:02:00.000Z";"2781";0.000053565983;0.00005360376768;0.0000481365404;0.00004959520726;1016603740.27;3724696183;"2024-11-22T23:59:59.999Z"
"2024-11-21T00:00:00.000Z";"2024-11-21T23:59:59.999Z";"2024-11-21T23:06:00.000Z";"2024-11-21T02:44:00.000Z";"2781";0.00004926765137;0.00005400710003;0.000046795365;0.00005356449012;1804459042.17;4022444486.16;"2024-11-21T23:59:59.999Z"
"2024-11-20T00:00:00.000Z";"2024-11-20T23:59:59.999Z";"2024-11-20T04:02:00.000Z";"2024-11-20T19:29:00.000Z";"2781";0.00005232582444;0.00005915619243;0.00004809085022;0.00004926765137;2792082034.58;3699156690.09;"2024-11-20T23:59:59.999Z"
"2024-11-19T00:00:00.000Z";"2024-11-19T23:59:59.999Z";"2024-11-19T19:40:00.000Z";"2024-11-19T00:05:00.000Z";"2781";0.0000482895271;0.00005732167894;0.00004803460379;0.00005232582444;1899647055.82;3928292158.06;"2024-11-19T23:59:59.999Z"
"2024-11-18T00:00:00.000Z";"2024-11-18T23:59:59.999Z";"2024-11-18T09:11:00.000Z";"2024-11-18T19:35:00.000Z";"2781";0.00005129289561;0.00005374905564;0.00004578043182;0.0000482895271;1537388111.76;3624821232.14;"2024-11-18T23:59:59.999Z"
"2024-11-17T00:00:00.000Z";"2024-11-17T23:59:59.999Z";"2024-11-17T15:46:00.000Z";"2024-11-17T02:17:00.000Z";"2781";0.00004760865556;0.00005626998823;0.0000445061866;0.00005130206119;2669827680.95;3849809642.11;"2024-11-17T23:59:59.999Z"
"2024-11-16T00:00:00.000Z";"2024-11-16T23:59:59.999Z";"2024-11-16T22:25:00.000Z";"2024-11-16T15:51:00.000Z";"2781";0.00004545979685;0.00004846048664;0.00003875223021;0.00004761391351;1579819033.36;3571926384.52;"2024-11-16T23:59:59.999Z"
"2024-11-15T00:00:00.000Z";"2024-11-15T23:59:59.999Z";"2024-11-15T22:47:00.000Z";"2024-11-15T05:19:00.000Z";"2781";0.00003554172159;0.00004598221119;0.00003315885241;0.00004498163329;1574669291.06;3372839931.19;"2024-11-15T23:59:59.999Z"
"2024-11-14T00:00:00.000Z";"2024-11-14T23:59:59.999Z";"2024-11-14T10:28:00.000Z";"2024-11-14T23:43:00.000Z";"2781";0.00003758443687;0.00004391097861;0.00003501619292;0.00003554517658;1920757507.93;2664882085.08;"2024-11-14T23:59:59.999Z"
"2024-11-13T00:00:00.000Z";"2024-11-13T23:59:59.999Z";"2024-11-13T18:22:00.000Z";"2024-11-13T06:40:00.000Z";"2781";0.00003762551758;0.00004230668086;0.00003119273948;0.00003758443687;2508194030.11;2817532134.45;"2024-11-13T23:59:59.999Z"
"2024-11-12T00:00:00.000Z";"2024-11-12T23:59:59.999Z";"2024-11-12T23:35:00.000Z";"2024-11-12T02:56:00.000Z";"2781";0.0000266943691;0.0000396463476;0.00002525862899;0.00003762551758;2230960827.71;2819523140.86;"2024-11-12T23:59:59.999Z"
"2024-11-11T00:00:00.000Z";"2024-11-11T23:59:59.999Z";"2024-11-11T20:49:00.000Z";"2024-11-11T05:58:00.000Z";"2781";0.00002534019678;0.00002752691563;0.00002468517797;0.0000266943691;793069339.28;1999995921.82;"2024-11-11T23:59:59.999Z"
"2024-11-10T00:00:00.000Z";"2024-11-10T23:59:59.999Z";"2024-11-10T18:53:00.000Z";"2024-11-10T00:38:00.000Z";"2781";0.00002237594423;0.00002769507621;0.00002219970643;0.00002534110587;837356543.53;1898304243.09;"2024-11-10T23:59:59.999Z"
"2024-11-09T00:00:00.000Z";"2024-11-09T23:59:59.999Z";"2024-11-09T23:41:00.000Z";"2024-11-09T04:01:00.000Z";"2781";0.00002194716171;0.00002260857705;0.00002140481361;0.00002237594423;170933172.66;1673906623.55;"2024-11-09T23:59:59.999Z"
"2024-11-08T00:00:00.000Z";"2024-11-08T23:59:59.999Z";"2024-11-08T00:49:00.000Z";"2024-11-08T17:29:00.000Z";"2781";0.00002262007442;0.00002314131434;0.00002140393368;0.00002194716171;216433909.47;1641745156.46;"2024-11-08T23:59:59.999Z"
"2024-11-07T00:00:00.000Z";"2024-11-07T23:59:59.999Z";"2024-11-07T02:25:00.000Z";"2024-11-07T06:50:00.000Z";"2781";0.00002262711321;0.00002322294667;0.00002162848722;0.00002262007442;225470145.41;1691954647.43;"2024-11-07T23:59:59.999Z"
"2024-11-06T00:00:00.000Z";"2024-11-06T23:59:59.999Z";"2024-11-06T23:02:00.000Z";"2024-11-06T00:01:00.000Z";"2781";0.00001920295893;0.00002289854935;0.00001919794584;0.00002262711321;417486082.7;1691947590.54;"2024-11-06T23:59:59.999Z"
"2024-11-05T00:00:00.000Z";"2024-11-05T23:59:59.999Z";"2024-11-05T16:38:00.000Z";"2024-11-05T00:02:00.000Z";"2781";0.00001781413719;0.00001975111385;0.00001780652027;0.00001920295893;151723485.78;1431973613.82;"2024-11-05T23:59:59.999Z"
"2024-11-04T00:00:00.000Z";"2024-11-04T23:59:59.999Z";"2024-11-04T03:05:00.000Z";"2024-11-04T21:58:00.000Z";"2781";0.00001800675945;0.00001833692707;0.00001723168447;0.00001781408478;84810443.3;1323076005.31;"2024-11-04T23:59:59.999Z"
"2024-11-03T00:00:00.000Z";"2024-11-03T23:59:59.999Z";"2024-11-03T00:04:00.000Z";"2024-11-03T15:11:00.000Z";"2781";0.00001895973327;0.00001902065562;0.00001713309317;0.00001800675945;112841909.49;1337199684;"2024-11-03T23:59:59.999Z"
"2024-11-02T00:00:00.000Z";"2024-11-02T23:59:59.999Z";"2024-11-02T02:29:00.000Z";"2024-11-02T15:15:00.000Z";"2781";0.00001921777921;0.00001953020335;0.00001872504119;0.00001895973327;57453621.44;1407734987.32;"2024-11-02T23:59:59.999Z"
"2024-11-01T00:00:00.000Z";"2024-11-01T23:59:59.999Z";"2024-11-01T14:22:00.000Z";"2024-11-01T21:39:00.000Z";"2781";0.00002018456619;0.0000204266698;0.00001894339127;0.00001921777921;108581267.2;1426835090.92;"2024-11-01T23:59:59.999Z"
"2024-10-31T00:00:00.000Z";"2024-10-31T23:59:59.999Z";"2024-10-31T00:15:00.000Z";"2024-10-31T18:21:00.000Z";"2781";0.00002110874169;0.00002120096146;0.00002003922646;0.00002018456619;97230357.79;1498268020.04;"2024-10-31T23:59:59.999Z"
"2024-10-30T00:00:00.000Z";"2024-10-30T23:59:59.999Z";"2024-10-30T05:46:00.000Z";"2024-10-30T13:13:00.000Z";"2781";0.00002190439689;0.00002253963255;0.00002110087902;0.00002110874169;151772628.06;1566721616.87;"2024-10-30T23:59:59.999Z"
"2024-10-29T00:00:00.000Z";"2024-10-29T23:59:59.999Z";"2024-10-29T17:08:00.000Z";"2024-10-29T00:02:00.000Z";"2781";0.00002121526394;0.00002264695032;0.00002120275902;0.00002190456638;157073291.25;1625639704.39;"2024-10-29T23:59:59.999Z"
"2024-10-28T00:00:00.000Z";"2024-10-28T23:59:59.999Z";"2024-10-28T22:12:00.000Z";"2024-10-28T17:08:00.000Z";"2781";0.00002133785382;0.00002176719443;0.00002015397272;0.00002121507164;147906226.22;1574061267.87;"2024-10-28T23:59:59.999Z"
"2024-10-27T00:00:00.000Z";"2024-10-27T23:59:59.999Z";"2024-10-27T22:13:00.000Z";"2024-10-27T01:34:00.000Z";"2781";0.00002109607923;0.00002157346662;0.00002081178316;0.00002133785382;73444920.3;1583050174.09;"2024-10-27T23:59:59.999Z"
"2024-10-26T00:00:00.000Z";"2024-10-26T23:59:59.999Z";"2024-10-26T10:22:00.000Z";"2024-10-26T00:20:00.000Z";"2781";0.00002043127492;0.00002140612045;0.00002005610462;0.00002109607923;96665580.28;1564713193.63;"2024-10-26T23:59:59.999Z"
"2024-10-25T00:00:00.000Z";"2024-10-25T23:59:59.999Z";"2024-10-25T00:32:00.000Z";"2024-10-25T23:26:00.000Z";"2781";0.00002292573298;0.00002312248796;0.00001994171796;0.0000204314636;167307783.06;1515287463.86;"2024-10-25T23:59:59.999Z"
"2024-10-24T00:00:00.000Z";"2024-10-24T23:59:59.999Z";"2024-10-24T22:58:00.000Z";"2024-10-24T00:31:00.000Z";"2781";0.00002186529209;0.00002306918298;0.00002179580884;0.00002292573298;134531324.36;1700268555.59;"2024-10-24T23:59:59.999Z"
"2024-10-23T00:00:00.000Z";"2024-10-23T23:59:59.999Z";"2024-10-23T00:10:00.000Z";"2024-10-23T18:07:00.000Z";"2781";0.00002271316899;0.00002279652584;0.00002117998448;0.00002192501375;145585214.89;1625587108.96;"2024-10-23T23:59:59.999Z"
"2024-10-22T00:00:00.000Z";"2024-10-22T23:59:59.999Z";"2024-10-22T06:10:00.000Z";"2024-10-22T17:07:00.000Z";"2781";0.00002342623959;0.00002485433193;0.00002255691344;0.00002271316899;256182775.1;1683879535.24;"2024-10-22T23:59:59.999Z"
"2024-10-21T00:00:00.000Z";"2024-10-21T23:59:59.999Z";"2024-10-21T00:38:00.000Z";"2024-10-21T15:13:00.000Z";"2781";0.00002419183202;0.00002501850493;0.00002304243405;0.00002342623959;215825226.38;1736556329.93;"2024-10-21T23:59:59.999Z"
"2024-10-20T00:00:00.000Z";"2024-10-20T23:59:59.999Z";"2024-10-20T23:31:00.000Z";"2024-10-20T13:25:00.000Z";"2781";0.00002348592494;0.00002425811017;0.0000228030897;0.00002419183202;128934368.19;1793086693.38;"2024-10-20T23:59:59.999Z"
"2024-10-19T00:00:00.000Z";"2024-10-19T23:59:59.999Z";"2024-10-19T03:21:00.000Z";"2024-10-19T20:01:00.000Z";"2781";0.00002362464864;0.00002464209756;0.00002307442918;0.00002348592494;135801832.12;1740407295.71;"2024-10-19T23:59:59.999Z"
"2024-10-18T00:00:00.000Z";"2024-10-18T23:59:59.999Z";"2024-10-18T17:19:00.000Z";"2024-10-18T00:04:00.000Z";"2781";0.00002240525622;0.00002402865011;0.00002239727219;0.00002362464864;195074843.14;1750596727.24;"2024-10-18T23:59:59.999Z"
"2024-10-17T00:00:00.000Z";"2024-10-17T23:59:59.999Z";"2024-10-17T00:41:00.000Z";"2024-10-17T19:04:00.000Z";"2781";0.00002436787212;0.00002480670995;0.0000222302398;0.00002240525622;228982372.25;1660031593.48;"2024-10-17T23:59:59.999Z"
"2024-10-16T00:00:00.000Z";"2024-10-16T23:59:59.999Z";"2024-10-16T20:50:00.000Z";"2024-10-16T07:19:00.000Z";"2781";0.00002244608939;0.00002509420466;0.00002184965058;0.00002436725988;385652679.04;1805178264.42;"2024-10-16T23:59:59.999Z"
"2024-10-15T00:00:00.000Z";"2024-10-15T23:59:59.999Z";"2024-10-15T00:29:00.000Z";"2024-10-15T21:04:00.000Z";"2781";0.00002318232532;0.000023730401;0.00002190343811;0.00002244608939;270602316.4;1660920863.96;"2024-10-15T23:59:59.999Z"
"2024-10-14T00:00:00.000Z";"2024-10-14T23:59:59.999Z";"2024-10-14T23:02:00.000Z";"2024-10-14T02:09:00.000Z";"2781";0.00002105702939;0.00002336436793;0.00002070833755;0.00002318232532;246315731.43;1715160677.96;"2024-10-14T23:59:59.999Z"
"2024-10-13T00:00:00.000Z";"2024-10-13T23:59:59.999Z";"2024-10-13T00:37:00.000Z";"2024-10-13T15:31:00.000Z";"2781";0.00002174495559;0.00002183925064;0.0000206700158;0.00002105702939;107382093.23;1503341726.52;"2024-10-13T23:59:59.999Z"
"2024-10-12T00:00:00.000Z";"2024-10-12T23:59:59.999Z";"2024-10-12T11:32:00.000Z";"2024-10-12T03:01:00.000Z";"2781";0.00002151215528;0.00002232050858;0.00002136692389;0.00002174495559;112949092.5;1552024195.52;"2024-10-12T23:59:59.999Z"
"2024-10-11T00:00:00.000Z";"2024-10-11T23:59:59.999Z";"2024-10-11T21:37:00.000Z";"2024-10-11T01:10:00.000Z";"2781";0.00002025086315;0.00002173553163;0.00002013394613;0.00002151215528;149774887.84;1534398097.1;"2024-10-11T23:59:59.999Z"
"2024-10-10T00:00:00.000Z";"2024-10-10T23:59:59.999Z";"2024-10-10T23:59:00.000Z";"2024-10-10T18:30:00.000Z";"2781";0.00001985681061;0.00002025113618;0.00001925195074;0.00002025086315;138015692.25;1444263768.73;"2024-10-10T23:59:59.999Z"
"2024-10-09T00:00:00.000Z";"2024-10-09T23:59:59.999Z";"2024-10-09T06:11:00.000Z";"2024-10-09T21:01:00.000Z";"2781";0.00002097009456;0.00002132460195;0.00001970414121;0.00001985681061;154429719.18;1416114600.94;"2024-10-09T23:59:59.999Z"
"2024-10-08T00:00:00.000Z";"2024-10-08T23:59:59.999Z";"2024-10-08T04:35:00.000Z";"2024-10-08T15:37:00.000Z";"2781";0.00002124216956;0.00002154204179;0.00002059181164;0.00002097009456;176228035.92;1495191522.43;"2024-10-08T23:59:59.999Z"
"2024-10-07T00:00:00.000Z";"2024-10-07T23:59:59.999Z";"2024-10-07T02:50:00.000Z";"2024-10-07T23:59:00.000Z";"2781";0.00002190679419;0.00002329763265;0.0000212357653;0.00002124216956;292413915.7;1514316196.79;"2024-10-07T23:59:59.999Z"
"2024-10-06T00:00:00.000Z";"2024-10-06T23:59:59.999Z";"2024-10-06T16:07:00.000Z";"2024-10-06T11:17:00.000Z";"2781";0.00002062288194;0.00002206103487;0.00002038487202;0.00002190679419;174783935.17;1561092198.15;"2024-10-06T23:59:59.999Z"
"2024-10-05T00:00:00.000Z";"2024-10-05T23:59:59.999Z";"2024-10-05T01:16:00.000Z";"2024-10-05T21:07:00.000Z";"2781";0.00002150897866;0.00002174515121;0.00002028768115;0.00002062288194;144681055.75;1469385557.34;"2024-10-05T23:59:59.999Z"
"2024-10-04T00:00:00.000Z";"2024-10-04T23:59:59.999Z";"2024-10-04T21:10:00.000Z";"2024-10-04T03:31:00.000Z";"2781";0.00001984239473;0.00002215260453;0.00001971896905;0.00002150897866;320126779.74;1532470334.62;"2024-10-04T23:59:59.999Z"
"2024-10-03T00:00:00.000Z";"2024-10-03T23:59:59.999Z";"2024-10-03T02:16:00.000Z";"2024-10-03T21:08:00.000Z";"2781";0.00002207262891;0.00002310801168;0.00001939102709;0.00001984239473;379493694.91;1413589804.05;"2024-10-03T23:59:59.999Z"
"2024-10-02T00:00:00.000Z";"2024-10-02T23:59:59.999Z";"2024-10-02T07:40:00.000Z";"2024-10-02T19:22:00.000Z";"2781";0.00002385112302;0.00002557910047;0.00002059968257;0.00002207262891;495601710.36;1563350883.83;"2024-10-02T23:59:59.999Z"
"2024-10-01T00:00:00.000Z";"2024-10-01T23:59:59.999Z";"2024-10-01T12:30:00.000Z";"2024-10-01T17:24:00.000Z";"2781";0.00002385430244;0.00002611512432;0.00002197168796;0.0000238503387;608107720.38;1689159289.74;"2024-10-01T23:59:59.999Z"
"2024-09-30T00:00:00.000Z";"2024-09-30T23:59:59.999Z";"2024-09-30T21:34:00.000Z";"2024-09-30T00:37:00.000Z";"2781";0.00002294265774;0.00002532818827;0.00002250045292;0.00002385430244;496577516.9;1689191465.25;"2024-09-30T23:59:59.999Z"
"2024-09-29T00:00:00.000Z";"2024-09-29T23:59:59.999Z";"2024-09-29T02:53:00.000Z";"2024-09-29T13:04:00.000Z";"2781";0.00002407233296;0.00002473441269;0.00002262946781;0.00002294265774;231460108.36;1624152294.86;"2024-09-29T23:59:59.999Z"
"2024-09-28T00:00:00.000Z";"2024-09-28T23:59:59.999Z";"2024-09-28T14:46:00.000Z";"2024-09-28T09:10:00.000Z";"2781";0.00002319699469;0.00002443027373;0.00002192038655;0.00002407220732;275165070.47;1703690897.72;"2024-09-28T23:59:59.999Z"
"2024-09-27T00:00:00.000Z";"2024-09-27T23:59:59.999Z";"2024-09-27T15:49:00.000Z";"2024-09-27T00:00:00.000Z";"2781";0.00002092200459;0.00002438746436;0.00002091698313;0.00002319771462;393740797.17;1641541157.51;"2024-09-27T23:59:59.999Z"
"2024-09-26T00:00:00.000Z";"2024-09-26T23:59:59.999Z";"2024-09-26T23:46:00.000Z";"2024-09-26T01:40:00.000Z";"2781";0.00001856589467;0.00002098462089;0.00001819330133;0.00002092200459;242878836.09;1480020296.23;"2024-09-26T23:59:59.999Z"
"2024-09-25T00:00:00.000Z";"2024-09-25T23:59:59.999Z";"2024-09-25T03:46:00.000Z";"2024-09-25T00:23:00.000Z";"2781";0.00001853325004;0.00001941493589;0.00001840460024;0.00001856589467;163263400.5;1313267178.37;"2024-09-25T23:59:59.999Z"
"2024-09-24T00:00:00.000Z";"2024-09-24T23:59:59.999Z";"2024-09-24T23:01:00.000Z";"2024-09-24T02:16:00.000Z";"2781";0.00001761415895;0.00001869305415;0.00001720985291;0.00001853325004;128380816.58;1309283106.67;"2024-09-24T23:59:59.999Z"
"2024-09-23T00:00:00.000Z";"2024-09-23T23:59:59.999Z";"2024-09-23T03:29:00.000Z";"2024-09-23T00:19:00.000Z";"2781";0.00001713799928;0.00001775948743;0.00001685252269;0.00001761415895;90057842.19;1244137275.97;"2024-09-23T23:59:59.999Z"
"2024-09-22T00:00:00.000Z";"2024-09-22T23:59:59.999Z";"2024-09-22T00:11:00.000Z";"2024-09-22T22:09:00.000Z";"2781";0.0000183971698;0.00001841368315;0.0000166689885;0.00001713799928;86974117.88;1210291704.38;"2024-09-22T23:59:59.999Z"
"2024-09-21T00:00:00.000Z";"2024-09-21T23:59:59.999Z";"2024-09-21T05:31:00.000Z";"2024-09-21T04:39:00.000Z";"2781";0.00001824865272;0.00001846016544;0.00001761953921;0.0000183971698;84979011.11;1297809787.79;"2024-09-21T23:59:59.999Z"
"2024-09-20T00:00:00.000Z";"2024-09-20T23:59:59.999Z";"2024-09-20T06:59:00.000Z";"2024-09-20T01:16:00.000Z";"2781";0.00001762623597;0.00001861078165;0.00001729574269;0.00001824865272;134270651.95;1287222492.76;"2024-09-20T23:59:59.999Z"
"2024-09-19T00:00:00.000Z";"2024-09-19T23:59:59.999Z";"2024-09-19T16:55:00.000Z";"2024-09-19T01:36:00.000Z";"2781";0.00001685800718;0.00001829901199;0.00001683526674;0.00001762623597;156282840.9;1242909386.58;"2024-09-19T23:59:59.999Z"
"2024-09-18T00:00:00.000Z";"2024-09-18T23:59:59.999Z";"2024-09-18T23:59:00.000Z";"2024-09-18T16:06:00.000Z";"2781";0.000016534545;0.00001685800718;0.00001580499054;0.00001685800718;79678924.11;1188317419.43;"2024-09-18T23:59:59.999Z"
"2024-09-17T00:00:00.000Z";"2024-09-17T23:59:59.999Z";"2024-09-17T16:15:00.000Z";"2024-09-17T01:16:00.000Z";"2781";0.00001616793788;0.0000168637406;0.00001590427258;0.000016534545;70091950.52;1164484380.58;"2024-09-17T23:59:59.999Z"
"2024-09-16T00:00:00.000Z";"2024-09-16T23:59:59.999Z";"2024-09-16T08:34:00.000Z";"2024-09-16T17:24:00.000Z";"2781";0.00001649338246;0.00001675923891;0.00001602138373;0.00001616793788;65822350.95;1138360037.14;"2024-09-16T23:59:59.999Z"
"2024-09-15T00:00:00.000Z";"2024-09-15T23:59:59.999Z";"2024-09-15T03:16:00.000Z";"2024-09-15T23:13:00.000Z";"2781";0.00001717323428;0.00001743920932;0.00001637019829;0.00001649338246;60874140.74;1161121315.41;"2024-09-15T23:59:59.999Z"
"2024-09-14T00:00:00.000Z";"2024-09-14T23:59:59.999Z";"2024-09-14T00:08:00.000Z";"2024-09-14T18:16:00.000Z";"2781";0.00001768256656;0.00001769750139;0.00001709041616;0.00001717303019;58068730.63;1208600456.85;"2024-09-14T23:59:59.999Z"
"2024-09-13T00:00:00.000Z";"2024-09-13T23:59:59.999Z";"2024-09-13T22:22:00.000Z";"2024-09-13T05:05:00.000Z";"2781";0.0000170672085;0.00001788021076;0.00001676125158;0.00001768256656;89843241.69;1244147608.5;"2024-09-13T23:59:59.999Z"
"2024-09-12T00:00:00.000Z";"2024-09-12T23:59:59.999Z";"2024-09-12T14:36:00.000Z";"2024-09-12T00:01:00.000Z";"2781";0.00001659516626;0.00001730046886;0.00001659454719;0.0000170672085;88039556.87;1200760820.47;"2024-09-12T23:59:59.999Z"
"2024-09-11T00:00:00.000Z";"2024-09-11T23:59:59.999Z";"2024-09-11T00:05:00.000Z";"2024-09-11T14:50:00.000Z";"2781";0.00001724015942;0.00001726415268;0.00001610974324;0.00001659516626;96839992.11;1167405853.93;"2024-09-11T23:59:59.999Z"
"2024-09-10T00:00:00.000Z";"2024-09-10T23:59:59.999Z";"2024-09-10T18:43:00.000Z";"2024-09-10T04:41:00.000Z";"2781";0.00001719711039;0.0000176578417;0.00001705776875;0.00001724084289;93353825.03;1212725874.82;"2024-09-10T23:59:59.999Z"
"2024-09-09T00:00:00.000Z";"2024-09-09T23:59:59.999Z";"2024-09-09T21:40:00.000Z";"2024-09-09T14:35:00.000Z";"2781";0.00001641853065;0.00001753695555;0.00001620248003;0.00001719711039;112649689.31;1208159938.57;"2024-09-09T23:59:59.999Z"
"2024-09-08T00:00:00.000Z";"2024-09-08T23:59:59.999Z";"2024-09-08T22:31:00.000Z";"2024-09-08T00:49:00.000Z";"2781";0.00001589834176;0.00001671967651;0.00001586368036;0.00001641853065;77272047.9;1153323470.65;"2024-09-08T23:59:59.999Z"
"2024-09-07T00:00:00.000Z";"2024-09-07T23:59:59.999Z";"2024-09-07T15:40:00.000Z";"2024-09-07T23:10:00.000Z";"2781";0.00001583039377;0.00001634959692;0.0000157030807;0.00001589834176;72552050.65;1116667892.27;"2024-09-07T23:59:59.999Z"
"2024-09-06T00:00:00.000Z";"2024-09-06T23:59:59.999Z";"2024-09-06T12:55:00.000Z";"2024-09-06T21:03:00.000Z";"2781";0.00001589365321;0.0000166251573;0.00001514198974;0.00001583039377;158834290.57;1111772832.23;"2024-09-06T23:59:59.999Z"
"2024-09-05T00:00:00.000Z";"2024-09-05T23:59:59.999Z";"2024-09-05T01:49:00.000Z";"2024-09-05T23:41:00.000Z";"2781";0.00001683742888;0.00001708018966;0.00001587712659;0.00001589975114;85389248.65;1115582414.48;"2024-09-05T23:59:59.999Z"
"2024-09-04T00:00:00.000Z";"2024-09-04T23:59:59.999Z";"2024-09-04T16:38:00.000Z";"2024-09-04T01:06:00.000Z";"2781";0.00001656566359;0.00001730764111;0.00001585482723;0.00001683742888;101355719.73;1181674187.63;"2024-09-04T23:59:59.999Z"
"2024-09-03T00:00:00.000Z";"2024-09-03T23:59:59.999Z";"2024-09-03T05:31:00.000Z";"2024-09-03T23:59:00.000Z";"2781";0.00001750534792;0.00001805997809;0.00001656361622;0.00001656566359;83196771.61;1162463383.31;"2024-09-03T23:59:59.999Z"
"2024-09-02T00:00:00.000Z";"2024-09-02T23:59:59.999Z";"2024-09-02T23:29:00.000Z";"2024-09-02T07:51:00.000Z";"2781";0.00001648661081;0.00001759733892;0.00001637988892;0.00001750534792;92274627.41;1227754322.06;"2024-09-02T23:59:59.999Z"
"2024-09-01T00:00:00.000Z";"2024-09-01T23:59:59.999Z";"2024-09-01T00:15:00.000Z";"2024-09-01T23:01:00.000Z";"2781";0.00001733196278;0.00001736550933;0.0000163865035;0.00001648661081;73193850.33;1155648836.83;"2024-09-01T23:59:59.999Z"
"2024-08-31T00:00:00.000Z";"2024-08-31T23:59:59.999Z";"2024-08-31T00:51:00.000Z";"2024-08-31T17:53:00.000Z";"2781";0.00001772952927;0.000017924948;0.00001714401271;0.00001733196278;48920471.26;1211327005.03;"2024-08-31T23:59:59.999Z"
"2024-08-30T00:00:00.000Z";"2024-08-30T23:59:59.999Z";"2024-08-30T00:38:00.000Z";"2024-08-30T16:02:00.000Z";"2781";0.00001804106614;0.00001817312502;0.00001691545748;0.00001772952927;101432057.06;1238964893.31;"2024-08-30T23:59:59.999Z"
"2024-08-29T00:00:00.000Z";"2024-08-29T23:59:59.999Z";"2024-08-29T15:41:00.000Z";"2024-08-29T19:06:00.000Z";"2781";0.00001809824158;0.00001898037927;0.00001784386548;0.00001804106614;96515479.82;1260523665.16;"2024-08-29T23:59:59.999Z"
"2024-08-28T00:00:00.000Z";"2024-08-28T23:59:59.999Z";"2024-08-28T12:59:00.000Z";"2024-08-28T16:34:00.000Z";"2781";0.00001826304798;0.00001882825887;0.00001767650377;0.00001809824158;135994310.59;1264273009.8;"2024-08-28T23:59:59.999Z"
"2024-08-27T00:00:00.000Z";"2024-08-27T23:59:59.999Z";"2024-08-27T06:01:00.000Z";"2024-08-27T22:17:00.000Z";"2781";0.00001974188592;0.00002027488853;0.00001808785163;0.00001826304798;137131016.51;1275731648.5;"2024-08-27T23:59:59.999Z"
"2024-08-26T00:00:00.000Z";"2024-08-26T23:59:59.999Z";"2024-08-26T00:13:00.000Z";"2024-08-26T22:22:00.000Z";"2781";0.00002103848431;0.00002130886629;0.00001966980144;0.00001974188592;130293228.34;1377549787.84;"2024-08-26T23:59:59.999Z"
"2024-08-25T00:00:00.000Z";"2024-08-25T23:59:59.999Z";"2024-08-25T00:00:00.000Z";"2024-08-25T08:07:00.000Z";"2781";0.00002202356347;0.00002202383666;0.00002035364177;0.00002103784601;132526932.64;1467624066.83;"2024-08-25T23:59:59.999Z"
"2024-08-24T00:00:00.000Z";"2024-08-24T23:59:59.999Z";"2024-08-24T16:33:00.000Z";"2024-08-24T01:47:00.000Z";"2781";0.00002073293256;0.00002311489144;0.00002040435231;0.00002202356347;223124042.99;1535948915.79;"2024-08-24T23:59:59.999Z"
"2024-08-23T00:00:00.000Z";"2024-08-23T23:59:59.999Z";"2024-08-23T22:37:00.000Z";"2024-08-23T12:01:00.000Z";"2781";0.00001894875089;0.00002099174913;0.00001877076659;0.00002073293256;185079667.24;1445076444.58;"2024-08-23T23:59:59.999Z"
"2024-08-22T00:00:00.000Z";"2024-08-22T23:59:59.999Z";"2024-08-22T10:51:00.000Z";"2024-08-22T02:57:00.000Z";"2781";0.00001855784009;0.00001923217225;0.00001828193868;0.00001894875089;101867198.05;1320264941.19;"2024-08-22T23:59:59.999Z"
"2024-08-21T00:00:00.000Z";"2024-08-21T23:59:59.999Z";"2024-08-21T20:14:00.000Z";"2024-08-21T13:47:00.000Z";"2781";0.00001816934413;0.00001885156685;0.0000177345426;0.00001855784009;102217048.21;1292951721.37;"2024-08-21T23:59:59.999Z"
"2024-08-20T00:00:00.000Z";"2024-08-20T23:59:59.999Z";"2024-08-20T10:17:00.000Z";"2024-08-20T15:13:00.000Z";"2781";0.00001785102242;0.00001907308335;0.0000177438067;0.00001827592186;152987246.57;1273253798.97;"2024-08-20T23:59:59.999Z"
"2024-08-19T00:00:00.000Z";"2024-08-19T23:59:59.999Z";"2024-08-19T23:57:00.000Z";"2024-08-19T11:31:00.000Z";"2781";0.00001768164811;0.00001787327759;0.00001706337351;0.00001785102242;112161736.1;1242740283.48;"2024-08-19T23:59:59.999Z"
"2024-08-18T00:00:00.000Z";"2024-08-18T23:59:59.999Z";"2024-08-18T16:44:00.000Z";"2024-08-18T23:59:00.000Z";"2781";0.00001794529844;0.00001829738801;0.00001768164811;0.00001768164811;80371142.8;1230948898.72;"2024-08-18T23:59:59.999Z"
"2024-08-17T00:00:00.000Z";"2024-08-17T23:59:59.999Z";"2024-08-17T22:12:00.000Z";"2024-08-17T00:38:00.000Z";"2781";0.00001756367522;0.00001808610827;0.00001739289961;0.00001794529844;81670174.05;1249303526.93;"2024-08-17T23:59:59.999Z"
"2024-08-16T00:00:00.000Z";"2024-08-16T23:59:59.999Z";"2024-08-16T02:35:00.000Z";"2024-08-16T15:37:00.000Z";"2781";0.00001860200274;0.00001872481148;0.00001726201839;0.00001756367522;119354520.49;1222736953.48;"2024-08-16T23:59:59.999Z"
"2024-08-15T00:00:00.000Z";"2024-08-15T23:59:59.999Z";"2024-08-15T14:52:00.000Z";"2024-08-15T19:37:00.000Z";"2781";0.00001926230515;0.00001972037406;0.00001809908078;0.00001860200274;144599480.5;1291188247.13;"2024-08-15T23:59:59.999Z"
"2024-08-14T00:00:00.000Z";"2024-08-14T23:59:59.999Z";"2024-08-14T12:46:00.000Z";"2024-08-14T22:10:00.000Z";"2781";0.00001981456367;0.00002021996677;0.0000190137765;0.00001926230515;124983530.37;1337020662.17;"2024-08-14T23:59:59.999Z"
"2024-08-13T00:00:00.000Z";"2024-08-13T23:59:59.999Z";"2024-08-13T17:04:00.000Z";"2024-08-13T04:16:00.000Z";"2781";0.00001999676881;0.00002021824822;0.00001929167338;0.00001981456367;111899451.04;1375353615.63;"2024-08-13T23:59:59.999Z"
"2024-08-12T00:00:00.000Z";"2024-08-12T23:59:59.999Z";"2024-08-12T14:43:00.000Z";"2024-08-12T00:01:00.000Z";"2781";0.00001884339293;0.00002035371823;0.00001881986146;0.00001999676881;159431986.14;1388000702.5;"2024-08-12T23:59:59.999Z"
"2024-08-11T00:00:00.000Z";"2024-08-11T23:59:59.999Z";"2024-08-11T03:37:00.000Z";"2024-08-11T22:36:00.000Z";"2781";0.00002043684902;0.00002113916752;0.00001876799279;0.00001884339293;138405842.7;1307943442;"2024-08-11T23:59:59.999Z"
"2024-08-10T00:00:00.000Z";"2024-08-10T23:59:59.999Z";"2024-08-10T00:25:00.000Z";"2024-08-10T04:52:00.000Z";"2781";0.00002082944212;0.00002113161008;0.00002027802249;0.00002043683326;90390553.69;1418547219.42;"2024-08-10T23:59:59.999Z"
"2024-08-09T00:00:00.000Z";"2024-08-09T23:59:59.999Z";"2024-08-09T00:01:00.000Z";"2024-08-09T16:06:00.000Z";"2781";0.00002172171798;0.00002173563423;0.00002004730077;0.00002082944212;177699075.94;1445797597.05;"2024-08-09T23:59:59.999Z"
"2024-08-08T00:00:00.000Z";"2024-08-08T23:59:59.999Z";"2024-08-08T23:56:00.000Z";"2024-08-08T00:41:00.000Z";"2781";0.00001907468141;0.00002175561799;0.00001858378226;0.00002172171798;255117290.35;1507731579.13;"2024-08-08T23:59:59.999Z"
"2024-08-07T00:00:00.000Z";"2024-08-07T23:59:59.999Z";"2024-08-07T04:20:00.000Z";"2024-08-07T22:29:00.000Z";"2781";0.0000198155912;0.00002175720013;0.00001898620701;0.00001907466006;311442880.8;1323995982.14;"2024-08-07T23:59:59.999Z"
"2024-08-06T00:00:00.000Z";"2024-08-06T23:59:59.999Z";"2024-08-06T17:12:00.000Z";"2024-08-06T00:00:00.000Z";"2781";0.00001794426877;0.00002092819811;0.00001792877057;0.00001981582939;296452225.55;1375434270.5;"2024-08-06T23:59:59.999Z"
"2024-08-05T00:00:00.000Z";"2024-08-05T23:59:59.999Z";"2024-08-05T00:19:00.000Z";"2024-08-05T11:35:00.000Z";"2781";0.00001981370022;0.00002009813856;0.00001563511048;0.00001794417871;520829224.36;1243583719.42;"2024-08-05T23:59:59.999Z"
"2024-08-04T00:00:00.000Z";"2024-08-04T23:59:59.999Z";"2024-08-04T02:37:00.000Z";"2024-08-04T17:15:00.000Z";"2781";0.00002100387363;0.00002144829575;0.0000188424567;0.00001981370022;220274624.47;1372871512.74;"2024-08-04T23:59:59.999Z"
"2024-08-03T00:00:00.000Z";"2024-08-03T23:59:59.999Z";"2024-08-03T12:33:00.000Z";"2024-08-03T20:11:00.000Z";"2781";0.00002237936569;0.00002271521691;0.00002024323414;0.00002100389148;189988268.12;1450987077.54;"2024-08-03T23:59:59.999Z"
"2024-08-02T00:00:00.000Z";"2024-08-02T23:59:59.999Z";"2024-08-02T00:20:00.000Z";"2024-08-02T22:50:00.000Z";"2781";0.00002503711608;0.00002528047728;0.00002213336472;0.00002237936569;269808774.43;1545849458.78;"2024-08-02T23:59:59.999Z"
"2024-08-01T00:00:00.000Z";"2024-08-01T23:59:59.999Z";"2024-08-01T23:58:00.000Z";"2024-08-01T16:40:00.000Z";"2781";0.00002455104043;0.00002505716981;0.00002248966947;0.00002503711608;236740141.51;1728991503.83;"2024-08-01T23:59:59.999Z"
"2024-07-31T00:00:00.000Z";"2024-07-31T23:59:59.999Z";"2024-07-31T14:11:00.000Z";"2024-07-31T23:26:00.000Z";"2781";0.0000259620781;0.00002680131374;0.00002449054278;0.00002455104043;167343230.45;1695326144.7;"2024-07-31T23:59:59.999Z"
"2024-07-30T00:00:00.000Z";"2024-07-30T23:59:59.999Z";"2024-07-30T08:52:00.000Z";"2024-07-30T20:11:00.000Z";"2781";0.00002694943426;0.00002793711964;0.00002571024037;0.00002596096244;200614701.07;1792504175.8;"2024-07-30T23:59:59.999Z"
"2024-07-29T00:00:00.000Z";"2024-07-29T23:59:59.999Z";"2024-07-29T03:14:00.000Z";"2024-07-29T23:56:00.000Z";"2781";0.00002804465742;0.00002936378525;0.00002691087157;0.00002695010085;221016491.68;1860391125.05;"2024-07-29T23:59:59.999Z"
"2024-07-28T00:00:00.000Z";"2024-07-28T23:59:59.999Z";"2024-07-28T13:40:00.000Z";"2024-07-28T22:55:00.000Z";"2781";0.00002833203062;0.00002868188734;0.00002761432796;0.00002804465742;131832728.32;1935518556.02;"2024-07-28T23:59:59.999Z"
"2024-07-27T00:00:00.000Z";"2024-07-27T23:59:59.999Z";"2024-07-27T12:48:00.000Z";"2024-07-27T20:27:00.000Z";"2781";0.00002865199814;0.0000303537718;0.00002754491265;0.00002833203062;256276302.65;1955214493.44;"2024-07-27T23:59:59.999Z"
"2024-07-26T00:00:00.000Z";"2024-07-26T23:59:59.999Z";"2024-07-26T19:51:00.000Z";"2024-07-26T00:06:00.000Z";"2781";0.0000270385465;0.00002885514684;0.00002696215881;0.00002865199814;207418350.43;1976260513.2;"2024-07-26T23:59:59.999Z"
"2024-07-25T00:00:00.000Z";"2024-07-25T23:59:59.999Z";"2024-07-25T16:38:00.000Z";"2024-07-25T20:16:00.000Z";"2781";0.00002747346706;0.00002774771948;0.00002552795098;0.0000270385465;274479506.22;1864575384.74;"2024-07-25T23:59:59.999Z"
"2024-07-24T00:00:00.000Z";"2024-07-24T23:59:59.999Z";"2024-07-24T14:59:00.000Z";"2024-07-24T23:31:00.000Z";"2781";0.00002825411651;0.00002970682556;0.00002718786883;0.00002747346706;270956870.5;1894220825.78;"2024-07-24T23:59:59.999Z"
"2024-07-23T00:00:00.000Z";"2024-07-23T23:59:59.999Z";"2024-07-23T00:52:00.000Z";"2024-07-23T17:03:00.000Z";"2781";0.00003003492021;0.00003019806402;0.00002741227888;0.00002825453687;313516297.35;1947332434.5;"2024-07-23T23:59:59.999Z"
"2024-07-22T00:00:00.000Z";"2024-07-22T23:59:59.999Z";"2024-07-22T00:00:00.000Z";"2024-07-22T23:14:00.000Z";"2781";0.00003250659791;0.00003250671829;0.00002966416368;0.00003003492021;284005195.24;2069911513.66;"2024-07-22T23:59:59.999Z"
"2024-07-21T00:00:00.000Z";"2024-07-21T23:59:59.999Z";"2024-07-21T21:55:00.000Z";"2024-07-21T18:13:00.000Z";"2781";0.0000309575755;0.00003366122262;0.00002944020295;0.00003250659791;360942095.02;2239410462.55;"2024-07-21T23:59:59.999Z"
"2024-07-20T00:00:00.000Z";"2024-07-20T23:59:59.999Z";"2024-07-20T02:43:00.000Z";"2024-07-20T13:19:00.000Z";"2781";0.00003152509041;0.00003242405534;0.00002988430553;0.00003095859139;333971633.92;2132519543.51;"2024-07-20T23:59:59.999Z"
"2024-07-19T00:00:00.000Z";"2024-07-19T23:59:59.999Z";"2024-07-19T19:38:00.000Z";"2024-07-19T01:22:00.000Z";"2781";0.00002682088376;0.00003221498628;0.00002602024363;0.00003152517442;542239759.86;2171244919.54;"2024-07-19T23:59:59.999Z"
"2024-07-18T00:00:00.000Z";"2024-07-18T23:59:59.999Z";"2024-07-18T13:14:00.000Z";"2024-07-18T20:16:00.000Z";"2781";0.00002669084365;0.00002807434197;0.00002582183929;0.00002682657108;283468542.32;1847198781.62;"2024-07-18T23:59:59.999Z"
"2024-07-17T00:00:00.000Z";"2024-07-17T23:59:59.999Z";"2024-07-17T01:20:00.000Z";"2024-07-17T23:55:00.000Z";"2781";0.00002857407549;0.00002941686386;0.00002668203049;0.00002670227866;288688775.5;1838363668.78;"2024-07-17T23:59:59.999Z"
"2024-07-16T00:00:00.000Z";"2024-07-16T23:59:59.999Z";"2024-07-16T17:37:00.000Z";"2024-07-16T08:31:00.000Z";"2781";0.00002676250821;0.00002875226395;0.00002544541522;0.00002854976563;544352088.65;1963940165.99;"2024-07-16T23:59:59.999Z"
"2024-07-15T00:00:00.000Z";"2024-07-15T23:59:59.999Z";"2024-07-15T23:43:00.000Z";"2024-07-15T00:18:00.000Z";"2781";0.00002400526165;0.00002688177337;0.00002394825889;0.00002677720686;347527751.38;1841498080.68;"2024-07-15T23:59:59.999Z"
"2024-07-14T00:00:00.000Z";"2024-07-14T23:59:59.999Z";"2024-07-14T23:28:00.000Z";"2024-07-14T00:01:00.000Z";"2781";0.00002276923619;0.00002425283081;0.00002275905553;0.00002399637797;223652323.01;1649629396.8;"2024-07-14T23:59:59.999Z"
"2024-07-13T00:00:00.000Z";"2024-07-13T23:59:59.999Z";"2024-07-13T23:19:00.000Z";"2024-07-13T22:29:00.000Z";"2781";0.00002254245888;0.00002314094356;0.00002211628301;0.000022768009;158280438.69;1566702932.98;"2024-07-13T23:59:59.999Z"
"2024-07-12T00:00:00.000Z";"2024-07-12T23:59:59.999Z";"2024-07-12T00:46:00.000Z";"2024-07-12T20:26:00.000Z";"2781";0.00002350725185;0.00002371360541;0.00002202939252;0.00002253940982;240220869.94;1550751830.88;"2024-07-12T23:59:59.999Z"
"2024-07-11T00:00:00.000Z";"2024-07-11T23:59:59.999Z";"2024-07-11T12:40:00.000Z";"2024-07-11T22:25:00.000Z";"2781";0.00002642132115;0.00002761998714;0.00002337318023;0.00002350651108;329789862.39;1617184367.84;"2024-07-11T23:59:59.999Z"
"2024-07-10T00:00:00.000Z";"2024-07-10T23:59:59.999Z";"2024-07-10T05:10:00.000Z";"2024-07-10T01:19:00.000Z";"2781";0.00002590013367;0.00002676537233;0.00002540474641;0.00002641735806;216837521.37;1815780649.74;"2024-07-10T23:59:59.999Z"
"2024-07-09T00:00:00.000Z";"2024-07-09T23:59:59.999Z";"2024-07-09T06:52:00.000Z";"2024-07-09T00:35:00.000Z";"2781";0.00002397156852;0.00002675264566;0.00002385338125;0.00002589729799;410910784.76;1779564804.48;"2024-07-09T23:59:59.999Z"
"2024-07-08T00:00:00.000Z";"2024-07-08T23:59:59.999Z";"2024-07-08T14:10:00.000Z";"2024-07-08T01:19:00.000Z";"2781";0.00002110297427;0.00002518301491;0.00002000131401;0.00002399098184;484737775.91;1646819931.75;"2024-07-08T23:59:59.999Z"
"2024-07-07T00:00:00.000Z";"2024-07-07T23:59:59.999Z";"2024-07-07T00:00:00.000Z";"2024-07-07T23:52:00.000Z";"2781";0.00002319392774;0.00002319392774;0.00002095123157;0.00002110485318;189353158.45;1448298869.02;"2024-07-07T23:59:59.999Z"
"2024-07-06T00:00:00.000Z";"2024-07-06T23:59:59.999Z";"2024-07-06T16:49:00.000Z";"2024-07-06T02:22:00.000Z";"2781";0.00002186532068;0.00002376360586;0.00002143986348;0.00002319950045;229241916.18;1591774841.34;"2024-07-06T23:59:59.999Z"
"2024-07-05T00:00:00.000Z";"2024-07-05T23:59:59.999Z";"2024-07-05T16:28:00.000Z";"2024-07-05T04:20:00.000Z";"2781";0.00002064602047;0.00002291529121;0.00001843755993;0.00002186359711;405530421.1;1499783359.98;"2024-07-05T23:59:59.999Z"
"2024-07-04T00:00:00.000Z";"2024-07-04T23:59:59.999Z";"2024-07-04T00:40:00.000Z";"2024-07-04T23:45:00.000Z";"2781";0.00002244225073;0.00002276715826;0.00002063890138;0.00002064700983;266174444.51;1416149382.44;"2024-07-04T23:59:59.999Z"
"2024-07-03T00:00:00.000Z";"2024-07-03T23:59:59.999Z";"2024-07-03T00:46:00.000Z";"2024-07-03T19:57:00.000Z";"2781";0.00002536386348;0.00002562309838;0.00002169985447;0.00002244816309;272520199.01;1539591018.57;"2024-07-03T23:59:59.999Z"
"2024-07-02T00:00:00.000Z";"2024-07-02T23:59:59.999Z";"2024-07-02T13:44:00.000Z";"2024-07-02T15:46:00.000Z";"2781";0.0000255484891;0.00002703069262;0.00002490216987;0.00002536663864;336603840.72;1739414373.15;"2024-07-02T23:59:59.999Z"
"2024-07-01T00:00:00.000Z";"2024-07-01T23:59:59.999Z";"2024-07-01T20:46:00.000Z";"2024-07-01T00:10:00.000Z";"2781";0.00002259137878;0.00002603273396;0.00002250160017;0.00002554810461;314736998.63;1743677144.59;"2024-07-01T23:59:59.999Z"
"2024-06-30T00:00:00.000Z";"2024-06-30T23:59:59.999Z";"2024-06-30T22:58:00.000Z";"2024-06-30T06:37:00.000Z";"2781";0.00002231298665;0.00002305598996;0.00002152925796;0.00002258583883;129033130.23;1541192671.65;"2024-06-30T23:59:59.999Z"
"2024-06-29T00:00:00.000Z";"2024-06-29T23:59:59.999Z";"2024-06-29T01:46:00.000Z";"2024-06-29T22:59:00.000Z";"2781";0.00002256425458;0.00002313829279;0.00002195442269;0.00002231370209;115231434.51;1522252915.98;"2024-06-29T23:59:59.999Z"
"2024-06-28T00:00:00.000Z";"2024-06-28T23:59:59.999Z";"2024-06-28T01:40:00.000Z";"2024-06-28T22:12:00.000Z";"2781";0.00002464409543;0.00002479292131;0.00002225558214;0.00002256412919;184014257.6;1539294849.47;"2024-06-28T23:59:59.999Z"
"2024-06-27T00:00:00.000Z";"2024-06-27T23:59:59.999Z";"2024-06-27T14:29:00.000Z";"2024-06-27T01:23:00.000Z";"2781";0.00002187187373;0.00002492524441;0.00002150411665;0.00002464580234;275741855.76;1681112386.24;"2024-06-27T23:59:59.999Z"
"2024-06-26T00:00:00.000Z";"2024-06-26T23:59:59.999Z";"2024-06-26T02:35:00.000Z";"2024-06-26T23:57:00.000Z";"2781";0.00002324423661;0.00002395787976;0.00002186849404;0.00002187273445;183969891.17;1490739073.32;"2024-06-26T23:59:59.999Z"
"2024-06-25T00:00:00.000Z";"2024-06-25T23:59:59.999Z";"2024-06-25T17:30:00.000Z";"2024-06-25T00:25:00.000Z";"2781";0.0000218036347;0.00002382450573;0.00002167952673;0.00002323953722;283944510.95;1583588753.41;"2024-06-25T23:59:59.999Z"
"2024-06-24T00:00:00.000Z";"2024-06-24T23:59:59.999Z";"2024-06-24T23:52:00.000Z";"2024-06-24T09:38:00.000Z";"2781";0.00001994770156;0.00002185957574;0.00001877392902;0.00002180559886;274724524.69;1485515588.89;"2024-06-24T23:59:59.999Z"
"2024-06-23T00:00:00.000Z";"2024-06-23T23:59:59.999Z";"2024-06-23T05:50:00.000Z";"2024-06-23T23:37:00.000Z";"2781";0.0000206547971;0.00002140064106;0.00001987026606;0.00001994545562;122201268.14;1357508043.34;"2024-06-23T23:59:59.999Z"
"2024-06-22T00:00:00.000Z";"2024-06-22T23:59:59.999Z";"2024-06-22T16:46:00.000Z";"2024-06-22T00:55:00.000Z";"2781";0.0000203576314;0.00002122254075;0.00001996060445;0.00002065536103;121122813.67;1405642149.36;"2024-06-22T23:59:59.999Z"
"2024-06-21T00:00:00.000Z";"2024-06-21T23:59:59.999Z";"2024-06-21T02:08:00.000Z";"2024-06-21T09:00:00.000Z";"2781";0.00002111289659;0.00002133023011;0.00001977962243;0.00002035506133;195958799.21;1385117550.69;"2024-06-21T23:59:59.999Z"
"2024-06-20T00:00:00.000Z";"2024-06-20T23:59:59.999Z";"2024-06-20T11:16:00.000Z";"2024-06-20T00:53:00.000Z";"2781";0.00002105044204;0.00002264934139;0.00002088304526;0.00002111105878;192154301.83;1435257319.01;"2024-06-20T23:59:59.999Z"
"2024-06-19T00:00:00.000Z";"2024-06-19T23:59:59.999Z";"2024-06-19T07:09:00.000Z";"2024-06-19T14:35:00.000Z";"2781";0.00002109508195;0.00002259037714;0.00002069551356;0.00002105044204;193518422.9;1431115197.69;"2024-06-19T23:59:59.999Z"
"2024-06-18T00:00:00.000Z";"2024-06-18T23:59:59.999Z";"2024-06-18T00:00:00.000Z";"2024-06-18T14:08:00.000Z";"2781";0.000022985247;0.000022985247;0.00002003359991;0.00002109338106;269568592.85;1433560244.62;"2024-06-18T23:59:59.999Z"
"2024-06-17T00:00:00.000Z";"2024-06-17T23:59:59.999Z";"2024-06-17T00:37:00.000Z";"2024-06-17T16:24:00.000Z";"2781";0.00002524144092;0.00002554902475;0.00002202687541;0.00002299061125;244553176.58;1562385836.31;"2024-06-17T23:59:59.999Z"
"2024-06-16T00:00:00.000Z";"2024-06-16T23:59:59.999Z";"2024-06-16T14:17:00.000Z";"2024-06-16T04:27:00.000Z";"2781";0.00002444567902;0.0000255712284;0.00002401544881;0.00002524336398;131605306.56;1714974130.51;"2024-06-16T23:59:59.999Z"
"2024-06-15T00:00:00.000Z";"2024-06-15T23:59:59.999Z";"2024-06-15T15:24:00.000Z";"2024-06-15T01:44:00.000Z";"2781";0.00002423884776;0.00002543935853;0.00002406576587;0.00002444353924;146218291.65;1660418083.97;"2024-06-15T23:59:59.999Z"
"2024-06-14T00:00:00.000Z";"2024-06-14T23:59:59.999Z";"2024-06-14T08:56:00.000Z";"2024-06-14T19:16:00.000Z";"2781";0.00002559622136;0.00002629853843;0.00002328837469;0.00002424099497;262418585.93;1646531373.86;"2024-06-14T23:59:59.999Z"
"2024-06-13T00:00:00.000Z";"2024-06-13T23:59:59.999Z";"2024-06-13T00:00:00.000Z";"2024-06-13T16:05:00.000Z";"2781";0.00002892819328;0.00002892819328;0.00002520183144;0.00002559718335;284140515.97;1738521204.94;"2024-06-13T23:59:59.999Z"
"2024-06-12T00:00:00.000Z";"2024-06-12T23:59:59.999Z";"2024-06-12T13:10:00.000Z";"2024-06-12T01:50:00.000Z";"2781";0.00002718408387;0.00003066709423;0.00002585040805;0.00002892430487;430195699.15;1964138078.63;"2024-06-12T23:59:59.999Z"
"2024-06-11T00:00:00.000Z";"2024-06-11T23:59:59.999Z";"2024-06-11T14:21:00.000Z";"2024-06-11T06:58:00.000Z";"2781";0.00002706387116;0.00002816763282;0.00002578783853;0.00002719454181;377406701.12;1846594874.93;"2024-06-11T23:59:59.999Z"
"2024-06-10T00:00:00.000Z";"2024-06-10T23:59:59.999Z";"2024-06-10T02:40:00.000Z";"2024-06-10T13:07:00.000Z";"2781";0.00002857953607;0.00002870212975;0.00002688701854;0.00002706159332;278101279.89;1836960898.82;"2024-06-10T23:59:59.999Z"
"2024-06-09T00:00:00.000Z";"2024-06-09T23:59:59.999Z";"2024-06-09T16:38:00.000Z";"2024-06-09T02:37:00.000Z";"2781";0.00002742977043;0.00002908673675;0.00002734113908;0.00002857737972;253177607.89;1939632210.66;"2024-06-09T23:59:59.999Z"
"2024-06-08T00:00:00.000Z";"2024-06-08T23:59:59.999Z";"2024-06-08T01:46:00.000Z";"2024-06-08T23:20:00.000Z";"2781";0.00002882597014;0.0000297892857;0.00002724062377;0.00002743071642;345875668.66;1861644343.51;"2024-06-08T23:59:59.999Z"
"2024-06-07T00:00:00.000Z";"2024-06-07T23:59:59.999Z";"2024-06-07T05:04:00.000Z";"2024-06-07T18:16:00.000Z";"2781";0.00003177375615;0.00003227168861;0.00002595483411;0.00002883241623;610902176.03;1956631956.04;"2024-06-07T23:59:59.999Z"
"2024-06-06T00:00:00.000Z";"2024-06-06T23:59:59.999Z";"2024-06-06T02:38:00.000Z";"2024-06-06T23:55:00.000Z";"2781";0.00003395623061;0.00003404768858;0.00003174748425;0.00003177375615;317351609.5;2155872024.56;"2024-06-06T23:59:59.999Z"
"2024-06-05T00:00:00.000Z";"2024-06-05T23:59:59.999Z";"2024-06-05T07:49:00.000Z";"2024-06-05T01:34:00.000Z";"2781";0.00003309928304;0.00003572778188;0.00003294065403;0.00003395623061;628335679.33;2303757853.99;"2024-06-05T23:59:59.999Z"
"2024-06-04T00:00:00.000Z";"2024-06-04T23:59:59.999Z";"2024-06-04T18:45:00.000Z";"2024-06-04T07:46:00.000Z";"2781";0.00003200268492;0.00003370434219;0.0000315601634;0.00003309928304;445398408.79;2241015722.85;"2024-06-04T23:59:59.999Z"
"2024-06-03T00:00:00.000Z";"2024-06-03T23:59:59.999Z";"2024-06-03T13:53:00.000Z";"2024-06-03T04:48:00.000Z";"2781";0.00003169642191;0.00003507715983;0.000030961975;0.00003200268492;625344782.01;2166430204.37;"2024-06-03T23:59:59.999Z"
"2024-06-02T00:00:00.000Z";"2024-06-02T23:59:59.999Z";"2024-06-02T13:59:00.000Z";"2024-06-02T18:06:00.000Z";"2781";0.00003313953113;0.00003360850833;0.00003092279238;0.00003169642191;369727586.11;2141362026.86;"2024-06-02T23:59:59.999Z"
"2024-06-01T00:00:00.000Z";"2024-06-01T23:59:59.999Z";"2024-06-01T09:01:00.000Z";"2024-06-01T23:46:00.000Z";"2781";0.00003445561688;0.00003522616436;0.00003313432211;0.00003313951321;308803852.15;2235043431.28;"2024-06-01T23:59:59.999Z"
"2024-05-31T00:00:00.000Z";"2024-05-31T23:59:59.999Z";"2024-05-31T13:54:00.000Z";"2024-05-31T05:29:00.000Z";"2781";0.00003387288079;0.00003622862139;0.00003310057679;0.00003445561688;569674346.19;2323595101.62;"2024-05-31T23:59:59.999Z"
"2024-05-30T00:00:00.000Z";"2024-05-30T23:59:59.999Z";"2024-05-30T02:34:00.000Z";"2024-05-30T08:16:00.000Z";"2781";0.00003634593607;0.00003751854222;0.00003243212492;0.00003387288079;873057842.57;2284008123.34;"2024-05-30T23:59:59.999Z"
"2024-05-29T00:00:00.000Z";"2024-05-29T23:59:59.999Z";"2024-05-29T06:09:00.000Z";"2024-05-29T23:51:00.000Z";"2781";0.00004114707305;0.00004382901139;0.00003621206427;0.0000363459326;812900224.84;2448848662.6;"2024-05-29T23:59:59.999Z"
"2024-05-28T00:00:00.000Z";"2024-05-28T23:59:59.999Z";"2024-05-28T12:52:00.000Z";"2024-05-28T04:56:00.000Z";"2781";0.00003914599154;0.00004410549294;0.00003720779737;0.00004114707305;1146600771.42;2771978834.99;"2024-05-28T23:59:59.999Z"
"2024-05-27T00:00:00.000Z";"2024-05-27T23:59:59.999Z";"2024-05-27T16:02:00.000Z";"2024-05-27T00:01:00.000Z";"2781";0.00003392893567;0.00003941143038;0.00003391085432;0.00003914599154;876402478.13;2636026014.56;"2024-05-27T23:59:59.999Z"
"2024-05-26T00:00:00.000Z";"2024-05-26T23:59:59.999Z";"2024-05-26T12:05:00.000Z";"2024-05-26T23:41:00.000Z";"2781";0.00003496648329;0.00003594090836;0.00003381469904;0.00003392893567;403644208.08;2279283206.56;"2024-05-26T23:59:59.999Z"
"2024-05-25T00:00:00.000Z";"2024-05-25T23:59:59.999Z";"2024-05-25T10:27:00.000Z";"2024-05-25T00:02:00.000Z";"2781";0.0000331587223;0.00003710177272;0.00003315356742;0.00003496648329;529811350.22;2348971580.68;"2024-05-25T23:59:59.999Z"
"2024-05-24T00:00:00.000Z";"2024-05-24T23:59:59.999Z";"2024-05-24T15:28:00.000Z";"2024-05-24T09:32:00.000Z";"2781";0.00003520705967;0.00003561271839;0.00003212414354;0.00003315864569;553642316.39;2226776840.51;"2024-05-24T23:59:59.999Z"
"2024-05-23T00:00:00.000Z";"2024-05-23T23:59:59.999Z";"2024-05-23T11:55:00.000Z";"2024-05-23T01:13:00.000Z";"2781";0.00003229539146;0.00003734451791;0.00003183190917;0.00003520705967;1188708207.81;2363965411.96;"2024-05-23T23:59:59.999Z"
"2024-05-22T00:00:00.000Z";"2024-05-22T23:59:59.999Z";"2024-05-22T15:55:00.000Z";"2024-05-22T13:24:00.000Z";"2781";0.0000328586396;0.00003465216412;0.00003102210474;0.00003229539146;778866615.83;2168121719.66;"2024-05-22T23:59:59.999Z"
"2024-05-21T00:00:00.000Z";"2024-05-21T23:59:59.999Z";"2024-05-21T13:50:00.000Z";"2024-05-21T07:16:00.000Z";"2781";0.00003046760931;0.00003422357172;0.00003014930248;0.00003286354657;1222279847.2;2097453990.41;"2024-05-21T23:59:59.999Z"
"2024-05-20T00:00:00.000Z";"2024-05-20T23:59:59.999Z";"2024-05-20T22:56:00.000Z";"2024-05-20T01:38:00.000Z";"2781";0.00002518471682;0.00003078679616;0.00002452583813;0.00003046786674;693154597.33;1944537805.69;"2024-05-20T23:59:59.999Z"
"2024-05-19T00:00:00.000Z";"2024-05-19T23:59:59.999Z";"2024-05-19T10:40:00.000Z";"2024-05-19T23:46:00.000Z";"2781";0.00002631561182;0.00002830103603;0.00002504830546;0.00002518471682;638480197.22;1607367138.23;"2024-05-19T23:59:59.999Z"
"2024-05-18T00:00:00.000Z";"2024-05-18T23:59:59.999Z";"2024-05-18T22:12:00.000Z";"2024-05-18T14:46:00.000Z";"2781";0.00002440938699;0.00002693741884;0.00002369030725;0.00002631560405;404429816.35;1679544382.19;"2024-05-18T23:59:59.999Z"
"2024-05-17T00:00:00.000Z";"2024-05-17T23:59:59.999Z";"2024-05-17T16:31:00.000Z";"2024-05-17T01:28:00.000Z";"2781";0.00002386648483;0.00002515939472;0.00002356758703;0.00002440938699;218181877.63;1557883171.12;"2024-05-17T23:59:59.999Z"
"2024-05-16T00:00:00.000Z";"2024-05-16T23:59:59.999Z";"2024-05-16T09:13:00.000Z";"2024-05-16T17:32:00.000Z";"2781";0.00002487518203;0.00002634430752;0.00002360954976;0.00002386646391;404740478.32;1523232127.78;"2024-05-16T23:59:59.999Z"
"2024-05-15T00:00:00.000Z";"2024-05-15T23:59:59.999Z";"2024-05-15T14:25:00.000Z";"2024-05-15T00:00:00.000Z";"2781";0.00002289427473;0.00002513917783;0.00002289421894;0.00002487370195;411432352.64;1587517199.46;"2024-05-15T23:59:59.999Z"
"2024-05-14T00:00:00.000Z";"2024-05-14T23:59:59.999Z";"2024-05-14T13:37:00.000Z";"2024-05-14T16:13:00.000Z";"2781";0.00002331452505;0.00002448021682;0.00002259426274;0.00002289427473;376088710.1;1461183983.99;"2024-05-14T23:59:59.999Z"
"2024-05-13T00:00:00.000Z";"2024-05-13T23:59:59.999Z";"2024-05-13T16:38:00.000Z";"2024-05-13T03:16:00.000Z";"2781";0.00002277636514;0.00002531263104;0.00002150070925;0.00002331452505;325737633.54;1488005669;"2024-05-13T23:59:59.999Z"
"2024-05-12T00:00:00.000Z";"2024-05-12T23:59:59.999Z";"2024-05-12T16:24:00.000Z";"2024-05-12T07:34:00.000Z";"2781";0.00002288752208;0.00002332322828;0.00002262802843;0.00002277636514;89597498.79;1453658625.77;"2024-05-12T23:59:59.999Z"
"2024-05-11T00:00:00.000Z";"2024-05-11T23:59:59.999Z";"2024-05-11T15:19:00.000Z";"2024-05-11T00:49:00.000Z";"2781";0.00002289229507;0.00002366470422;0.00002264515946;0.00002288754597;125569516;1460753008.45;"2024-05-11T23:59:59.999Z"
"2024-05-10T00:00:00.000Z";"2024-05-10T23:59:59.999Z";"2024-05-10T04:04:00.000Z";"2024-05-10T18:42:00.000Z";"2781";0.00002455007025;0.00002531825952;0.00002259459384;0.00002289229507;248402778.57;1461057635.71;"2024-05-10T23:59:59.999Z"
"2024-05-09T00:00:00.000Z";"2024-05-09T23:59:59.999Z";"2024-05-09T22:55:00.000Z";"2024-05-09T11:11:00.000Z";"2781";0.00002344977759;0.000025022098;0.00002287208065;0.0000245483217;225216000.06;1566862015.7;"2024-05-09T23:59:59.999Z"
"2024-05-08T00:00:00.000Z";"2024-05-08T23:59:59.999Z";"2024-05-08T18:33:00.000Z";"2024-05-08T22:17:00.000Z";"2781";0.0000237900429;0.00002456459501;0.00002282442059;0.00002344977759;177473571.2;1496637907.62;"2024-05-08T23:59:59.999Z"
"2024-05-07T00:00:00.000Z";"2024-05-07T23:59:59.999Z";"2024-05-07T02:05:00.000Z";"2024-05-07T23:52:00.000Z";"2781";0.00002495866573;0.00002551307495;0.0000237661118;0.00002378998052;195992927.55;1518350719.26;"2024-05-07T23:59:59.999Z"
"2024-05-06T00:00:00.000Z";"2024-05-06T23:59:59.999Z";"2024-05-06T09:16:00.000Z";"2024-05-06T15:10:00.000Z";"2781";0.00002637788252;0.00002781013988;0.00002473333686;0.00002495866573;332641498.28;1592939852.77;"2024-05-06T23:59:59.999Z"
"2024-05-05T00:00:00.000Z";"2024-05-05T23:59:59.999Z";"2024-05-05T00:19:00.000Z";"2024-05-05T18:37:00.000Z";"2781";0.00002753634159;0.00002785194488;0.00002627632067;0.00002637790072;234877441.95;1683518692.5;"2024-05-05T23:59:59.999Z"
"2024-05-04T00:00:00.000Z";"2024-05-04T23:59:59.999Z";"2024-05-04T10:59:00.000Z";"2024-05-04T00:00:00.000Z";"2781";0.0000272187964;0.00002922969836;0.00002721479387;0.00002753634159;393569171.1;1795130797.23;"2024-05-04T23:59:59.999Z"
"2024-05-03T00:00:00.000Z";"2024-05-03T23:59:59.999Z";"2024-05-03T14:05:00.000Z";"2024-05-03T00:42:00.000Z";"2781";0.00002528082515;0.00002782663975;0.00002491548097;0.00002721888617;464165595.03;1774429603.31;"2024-05-03T23:59:59.999Z"
"2024-05-02T00:00:00.000Z";"2024-05-02T23:59:59.999Z";"2024-05-02T22:20:00.000Z";"2024-05-02T01:41:00.000Z";"2781";0.00002295833531;0.000025913422;0.00002157113518;0.00002528058705;457360896.51;1648090675.18;"2024-05-02T23:59:59.999Z"
"2024-05-01T00:00:00.000Z";"2024-05-01T23:59:59.999Z";"2024-05-01T18:54:00.000Z";"2024-05-01T15:59:00.000Z";"2781";0.00002264013504;0.00002432143421;0.00002066124506;0.0000229582673;453146639.37;1496680034.53;"2024-05-01T23:59:59.999Z"
"2024-04-30T00:00:00.000Z";"2024-04-30T23:59:59.999Z";"2024-04-30T01:32:00.000Z";"2024-04-30T19:20:00.000Z";"2781";0.000025516953;0.00002588277255;0.00002170383914;0.00002264018674;306389769.38;1475943939.21;"2024-04-30T23:59:59.999Z"
"2024-04-29T00:00:00.000Z";"2024-04-29T23:59:59.999Z";"2024-04-29T23:25:00.000Z";"2024-04-29T03:19:00.000Z";"2781";0.00002513980982;0.00002577917575;0.0000238783559;0.00002551690499;312681101.91;1663484164.21;"2024-04-29T23:59:59.999Z"
"2024-04-28T00:00:00.000Z";"2024-04-28T23:59:59.999Z";"2024-04-28T05:26:00.000Z";"2024-04-28T00:01:00.000Z";"2781";0.00002457637957;0.00002748182511;0.00002455984111;0.00002513980982;319129718.09;1638897698.42;"2024-04-28T23:59:59.999Z"
"2024-04-27T00:00:00.000Z";"2024-04-27T23:59:59.999Z";"2024-04-27T17:52:00.000Z";"2024-04-27T11:22:00.000Z";"2781";0.00002552955595;0.00002669253431;0.00002341265754;0.00002457637957;372581303.68;1602166929.27;"2024-04-27T23:59:59.999Z"
"2024-04-26T00:00:00.000Z";"2024-04-26T23:59:59.999Z";"2024-04-26T11:23:00.000Z";"2024-04-26T04:24:00.000Z";"2781";0.00002692716962;0.00002773542862;0.00002490520293;0.00002552955595;463556329.66;1664305767.73;"2024-04-26T23:59:59.999Z"
"2024-04-25T00:00:00.000Z";"2024-04-25T23:59:59.999Z";"2024-04-25T17:01:00.000Z";"2024-04-25T04:27:00.000Z";"2781";0.00002453056458;0.00002946338622;0.00002287482052;0.00002692716962;615060613.14;1755418064.97;"2024-04-25T23:59:59.999Z"
"2024-04-24T00:00:00.000Z";"2024-04-24T23:59:59.999Z";"2024-04-24T12:55:00.000Z";"2024-04-24T23:15:00.000Z";"2781";0.00002468393293;0.00002834054515;0.00002394104438;0.00002453355539;697301813.71;1599375164.12;"2024-04-24T23:59:59.999Z"
"2024-04-23T00:00:00.000Z";"2024-04-23T23:59:59.999Z";"2024-04-23T22:40:00.000Z";"2024-04-23T05:13:00.000Z";"2781";0.00002023541527;0.00002485371662;0.00001990494385;0.00002468871189;372964487.51;1609490023.32;"2024-04-23T23:59:59.999Z"
"2024-04-22T00:00:00.000Z";"2024-04-22T23:59:59.999Z";"2024-04-22T08:17:00.000Z";"2024-04-22T15:13:00.000Z";"2781";0.00002084722751;0.00002147594746;0.00001966283697;0.00002023541527;207923635.98;1319173682.78;"2024-04-22T23:59:59.999Z"
"2024-04-21T00:00:00.000Z";"2024-04-21T23:59:59.999Z";"2024-04-21T13:25:00.000Z";"2024-04-21T00:49:00.000Z";"2781";0.00001952765735;0.00002201409671;0.00001873282646;0.00002084735463;437404811.7;1359058538.13;"2024-04-21T23:59:59.999Z"
"2024-04-20T00:00:00.000Z";"2024-04-20T23:59:59.999Z";"2024-04-20T23:22:00.000Z";"2024-04-20T01:07:00.000Z";"2781";0.00001482560275;0.00001978712736;0.00001454140282;0.00001952765735;236353148.06;1273034001.17;"2024-04-20T23:59:59.999Z"
"2024-04-19T00:00:00.000Z";"2024-04-19T23:59:59.999Z";"2024-04-19T15:58:00.000Z";"2024-04-19T02:50:00.000Z";"2781";0.00001473075786;0.0000152282836;0.00001331060318;0.00001482745003;125663386.41;966621223.45;"2024-04-19T23:59:59.999Z"
"2024-04-18T00:00:00.000Z";"2024-04-18T23:59:59.999Z";"2024-04-18T22:45:00.000Z";"2024-04-18T00:38:00.000Z";"2781";0.00001393996222;0.00001488647869;0.00001361095883;0.00001473075786;90347509.64;960317731.96;"2024-04-18T23:59:59.999Z"
"2024-04-17T00:00:00.000Z";"2024-04-17T23:59:59.999Z";"2024-04-17T04:58:00.000Z";"2024-04-17T16:08:00.000Z";"2781";0.0000146720791;0.00001503505286;0.00001369171408;0.00001393996222;93330506.95;908764710.71;"2024-04-17T23:59:59.999Z"
"2024-04-16T00:00:00.000Z";"2024-04-16T23:59:59.999Z";"2024-04-16T21:53:00.000Z";"2024-04-16T16:23:00.000Z";"2781";0.00001465610188;0.00001486553046;0.00001378971957;0.00001467210881;130431254.62;956492385.49;"2024-04-16T23:59:59.999Z"
"2024-04-15T00:00:00.000Z";"2024-04-15T23:59:59.999Z";"2024-04-15T07:23:00.000Z";"2024-04-15T19:08:00.000Z";"2781";0.00001624743205;0.00001700851614;0.00001420617084;0.00001465610188;133711413.81;955450809.48;"2024-04-15T23:59:59.999Z"
"2024-04-14T00:00:00.000Z";"2024-04-14T23:59:59.999Z";"2024-04-14T23:32:00.000Z";"2024-04-14T03:16:00.000Z";"2781";0.00001540498761;0.00001660552071;0.00001462400381;0.00001624690546;144384965.12;1059191743.35;"2024-04-14T23:59:59.999Z"
"2024-04-13T00:00:00.000Z";"2024-04-13T23:59:59.999Z";"2024-04-13T13:25:00.000Z";"2024-04-13T20:11:00.000Z";"2781";0.00001738603366;0.00001758365867;0.00001257319532;0.00001540644693;255439081.87;1004366802.64;"2024-04-13T23:59:59.999Z"
"2024-04-12T00:00:00.000Z";"2024-04-12T23:59:59.999Z";"2024-04-12T05:04:00.000Z";"2024-04-12T18:37:00.000Z";"2781";0.0000217051214;0.00002207678774;0.00001487840819;0.00001738603366;215113897.68;1133418699.29;"2024-04-12T23:59:59.999Z"
"2024-04-11T00:00:00.000Z";"2024-04-11T23:59:59.999Z";"2024-04-11T00:01:00.000Z";"2024-04-11T14:19:00.000Z";"2781";0.00002268784867;0.00002269591332;0.00002141020781;0.0000217051214;91583421.05;1414985783.72;"2024-04-11T23:59:59.999Z"
"2024-04-10T00:00:00.000Z";"2024-04-10T23:59:59.999Z";"2024-04-10T22:37:00.000Z";"2024-04-10T12:41:00.000Z";"2781";0.00002222678182;0.00002284753278;0.00002096827235;0.00002268784867;120971477;1479051083.92;"2024-04-10T23:59:59.999Z"
"2024-04-09T00:00:00.000Z";"2024-04-09T23:59:59.999Z";"2024-04-09T00:20:00.000Z";"2024-04-09T23:39:00.000Z";"2781";0.00002445168844;0.0000246939556;0.00002208594847;0.00002222678182;114152229.55;1448993521.49;"2024-04-09T23:59:59.999Z"
"2024-04-08T00:00:00.000Z";"2024-04-08T23:59:59.999Z";"2024-04-08T21:16:00.000Z";"2024-04-08T03:14:00.000Z";"2781";0.00002350623993;0.00002480437731;0.00002292958435;0.00002445168844;132498091.97;1594038148.37;"2024-04-08T23:59:59.999Z"
"2024-04-07T00:00:00.000Z";"2024-04-07T23:59:59.999Z";"2024-04-07T15:28:00.000Z";"2024-04-07T00:31:00.000Z";"2781";0.00002275801826;0.00002409460763;0.0000226254619;0.00002350623993;108162890.55;1532403100.2;"2024-04-07T23:59:59.999Z"
"2024-04-06T00:00:00.000Z";"2024-04-06T23:59:59.999Z";"2024-04-06T23:16:00.000Z";"2024-04-06T00:14:00.000Z";"2781";0.00002183607157;0.0000229895047;0.00002167811156;0.00002275801826;88610772.3;1483625532.94;"2024-04-06T23:59:59.999Z"
"2024-04-05T00:00:00.000Z";"2024-04-05T23:59:59.999Z";"2024-04-05T00:01:00.000Z";"2024-04-05T12:08:00.000Z";"2781";0.00002317480068;0.00002319230764;0.00002132059134;0.00002183607157;122170821.67;1423522599.5;"2024-04-05T23:59:59.999Z"
"2024-04-04T00:00:00.000Z";"2024-04-04T23:59:59.999Z";"2024-04-04T13:46:00.000Z";"2024-04-04T04:26:00.000Z";"2781";0.0000223843718;0.00002436838612;0.00002195556194;0.00002317580083;149284484.75;1510796134.29;"2024-04-04T23:59:59.999Z"
"2024-04-03T00:00:00.000Z";"2024-04-03T23:59:59.999Z";"2024-04-03T07:22:00.000Z";"2024-04-03T00:40:00.000Z";"2781";0.00002262430884;0.00002361312284;0.00002172509821;0.00002238566216;143107369.1;1459267022.44;"2024-04-03T23:59:59.999Z"
"2024-04-02T00:00:00.000Z";"2024-04-02T23:59:59.999Z";"2024-04-02T00:00:00.000Z";"2024-04-02T13:37:00.000Z";"2781";0.00002580834237;0.00002581775749;0.00002235169038;0.00002262430884;180587016.7;1474908837.41;"2024-04-02T23:59:59.999Z"
"2024-04-01T00:00:00.000Z";"2024-04-01T23:59:59.999Z";"2024-04-01T00:01:00.000Z";"2024-04-01T18:16:00.000Z";"2781";0.00002808496364;0.00002809084264;0.00002487361685;0.00002580834237;197245534.02;1682480225.83;"2024-04-01T23:59:59.999Z"
"2024-03-31T00:00:00.000Z";"2024-03-31T23:59:59.999Z";"2024-03-31T08:10:00.000Z";"2024-03-31T00:08:00.000Z";"2781";0.00002706617197;0.00002829431701;0.00002695648005;0.00002808499534;173721355.59;1830896199.53;"2024-03-31T23:59:59.999Z"
"2024-03-30T00:00:00.000Z";"2024-03-30T23:59:59.999Z";"2024-03-30T12:19:00.000Z";"2024-03-30T00:26:00.000Z";"2781";0.00002635416971;0.00002917000682;0.00002616155735;0.00002706617197;264756942.32;1764479813.14;"2024-03-30T23:59:59.999Z"
"2024-03-29T00:00:00.000Z";"2024-03-29T23:59:59.999Z";"2024-03-29T02:11:00.000Z";"2024-03-29T21:35:00.000Z";"2781";0.00002837732288;0.00002914888126;0.00002615660936;0.00002635418475;217497221.79;1718064418.02;"2024-03-29T23:59:59.999Z"
"2024-03-28T00:00:00.000Z";"2024-03-28T23:59:59.999Z";"2024-03-28T14:55:00.000Z";"2024-03-28T02:52:00.000Z";"2781";0.00002587971246;0.00002939217586;0.0000253653073;0.00002837732288;372606536.92;1849955487.9;"2024-03-28T23:59:59.999Z"
"2024-03-27T00:00:00.000Z";"2024-03-27T23:59:59.999Z";"2024-03-27T00:29:00.000Z";"2024-03-27T14:14:00.000Z";"2781";0.00002695647487;0.00002722078006;0.00002496375948;0.00002587968712;203857822.42;1687131285.33;"2024-03-27T23:59:59.999Z"
"2024-03-26T00:00:00.000Z";"2024-03-26T23:59:59.999Z";"2024-03-26T21:55:00.000Z";"2024-03-26T00:20:00.000Z";"2781";0.00002524445295;0.00002760083301;0.00002515382427;0.00002695647487;318179429.4;1757328512.99;"2024-03-26T23:59:59.999Z"
"2024-03-25T00:00:00.000Z";"2024-03-25T23:59:59.999Z";"2024-03-25T17:36:00.000Z";"2024-03-25T11:26:00.000Z";"2781";0.00002407868299;0.00002612344314;0.00002308379622;0.00002524445295;236570544.04;1645719522.91;"2024-03-25T23:59:59.999Z"
"2024-03-24T00:00:00.000Z";"2024-03-24T23:59:59.999Z";"2024-03-24T23:16:00.000Z";"2024-03-24T04:40:00.000Z";"2781";0.00002203225759;0.00002424914903;0.00002185003069;0.00002407868299;152336786.44;1569721426.17;"2024-03-24T23:59:59.999Z"
"2024-03-23T00:00:00.000Z";"2024-03-23T23:59:59.999Z";"2024-03-23T14:58:00.000Z";"2024-03-23T00:29:00.000Z";"2781";0.00002164276231;0.00002324497394;0.00002146400845;0.00002203275362;125477046.84;1436312227.52;"2024-03-23T23:59:59.999Z"
"2024-03-22T00:00:00.000Z";"2024-03-22T23:59:59.999Z";"2024-03-22T06:10:00.000Z";"2024-03-22T22:27:00.000Z";"2781";0.00002281805772;0.00002427638526;0.0000210762076;0.00002164276231;179267772.6;1410920511.32;"2024-03-22T23:59:59.999Z"
"2024-03-21T00:00:00.000Z";"2024-03-21T23:59:59.999Z";"2024-03-21T03:40:00.000Z";"2024-03-21T18:46:00.000Z";"2781";0.00002443044889;0.00002457231061;0.00002219138898;0.00002281799726;220685490.26;1487535643.97;"2024-03-21T23:59:59.999Z"
"2024-03-20T00:00:00.000Z";"2024-03-20T23:59:59.999Z";"2024-03-20T22:17:00.000Z";"2024-03-20T05:28:00.000Z";"2781";0.00002155863376;0.00002480513138;0.00002055642184;0.00002443044889;329139980.34;1592653513.99;"2024-03-20T23:59:59.999Z"
"2024-03-19T00:00:00.000Z";"2024-03-19T23:59:59.999Z";"2024-03-19T00:22:00.000Z";"2024-03-19T09:14:00.000Z";"2781";0.0000235515598;0.00002398482508;0.00001956877476;0.00002155863376;374251924.77;1405436059.47;"2024-03-19T23:59:59.999Z"
"2024-03-18T00:00:00.000Z";"2024-03-18T23:59:59.999Z";"2024-03-18T00:01:00.000Z";"2024-03-18T19:07:00.000Z";"2781";0.00002815203076;0.0000281591616;0.00002300351438;0.0000235524543;326276702.68;1535355469.27;"2024-03-18T23:59:59.999Z"
"2024-03-17T00:00:00.000Z";"2024-03-17T23:59:59.999Z";"2024-03-17T22:46:00.000Z";"2024-03-17T07:25:00.000Z";"2781";0.00002512244326;0.00002859779296;0.00002397433766;0.00002820562541;431672596.7;1838762301;"2024-03-17T23:59:59.999Z"
"2024-03-16T00:00:00.000Z";"2024-03-16T23:59:59.999Z";"2024-03-16T07:55:00.000Z";"2024-03-16T23:19:00.000Z";"2781";0.00002950223114;0.00003043935964;0.00002432712148;0.00002512244326;449698769.26;1637765548.62;"2024-03-16T23:59:59.999Z"
"2024-03-15T00:00:00.000Z";"2024-03-15T23:59:59.999Z";"2024-03-15T01:46:00.000Z";"2024-03-15T09:16:00.000Z";"2781";0.00003413394206;0.00003651644709;0.00002858273116;0.00002950223114;700224652.04;1923289756.25;"2024-03-15T23:59:59.999Z"
"2024-03-14T00:00:00.000Z";"2024-03-14T23:59:59.999Z";"2024-03-14T10:31:00.000Z";"2024-03-14T19:45:00.000Z";"2781";0.00003189836762;0.00003663816463;0.00003091925749;0.00003413402391;1047264708.57;2225242498.2;"2024-03-14T23:59:59.999Z"
"2024-03-13T00:00:00.000Z";"2024-03-13T23:59:59.999Z";"2024-03-13T19:43:00.000Z";"2024-03-13T13:59:00.000Z";"2781";0.00002883043737;0.00003284668523;0.00002844616739;0.00003189836762;593540740.66;2079497085.93;"2024-03-13T23:59:59.999Z"
"2024-03-12T00:00:00.000Z";"2024-03-12T23:59:59.999Z";"2024-03-12T06:01:00.000Z";"2024-03-12T17:24:00.000Z";"2781";0.0000309805264;0.00003194756827;0.00002727914011;0.00002883043737;388722217.53;1879494625.16;"2024-03-12T23:59:59.999Z"
"2024-03-11T00:00:00.000Z";"2024-03-11T23:59:59.999Z";"2024-03-11T07:53:00.000Z";"2024-03-11T01:41:00.000Z";"2781";0.00003105551966;0.0000324553216;0.00002937836823;0.0000309805264;421842574.88;2019661794.07;"2024-03-11T23:59:59.999Z"
"2024-03-10T00:00:00.000Z";"2024-03-10T23:59:59.999Z";"2024-03-10T00:01:00.000Z";"2024-03-10T14:45:00.000Z";"2781";0.00003399267218;0.00003401369065;0.00002978637499;0.0000310551169;442148019.16;2024550704.86;"2024-03-10T23:59:59.999Z"
"2024-03-09T00:00:00.000Z";"2024-03-09T23:59:59.999Z";"2024-03-09T22:23:00.000Z";"2024-03-09T10:23:00.000Z";"2781";0.00003186477758;0.00003437138767;0.00003043695785;0.00003399261485;579643562.26;2216027590.52;"2024-03-09T23:59:59.999Z"
"2024-03-08T00:00:00.000Z";"2024-03-08T23:59:59.999Z";"2024-03-08T14:10:00.000Z";"2024-03-08T00:00:00.000Z";"2781";0.00002704266547;0.00003471312738;0.00002704196054;0.00003186238176;1078261331.88;2077307306.82;"2024-03-08T23:59:59.999Z"
"2024-03-07T00:00:00.000Z";"2024-03-07T23:59:59.999Z";"2024-03-07T08:13:00.000Z";"2024-03-07T05:55:00.000Z";"2781";0.00002992154538;0.00003060699396;0.00002657479216;0.00002704314497;612166631.21;1762978652.44;"2024-03-07T23:59:59.999Z"
"2024-03-06T00:00:00.000Z";"2024-03-06T23:59:59.999Z";"2024-03-06T08:36:00.000Z";"2024-03-06T03:16:00.000Z";"2781";0.00003070171763;0.00003680712215;0.00002840965468;0.00002992154538;764431590.48;1950625410.43;"2024-03-06T23:59:59.999Z"
"2024-03-05T00:00:00.000Z";"2024-03-05T23:59:59.999Z";"2024-03-05T01:34:00.000Z";"2024-03-05T19:58:00.000Z";"2781";0.00003771032888;0.00004232653784;0.00002447902888;0.00003070020705;1583849021.58;2001485878.64;"2024-03-05T23:59:59.999Z"
"2024-03-04T00:00:00.000Z";"2024-03-04T23:59:59.999Z";"2024-03-04T17:04:00.000Z";"2024-03-04T00:15:00.000Z";"2781";0.00002712480199;0.00004703529953;0.00002619954013;0.00003772219621;2188887165.82;2459160231.56;"2024-03-04T23:59:59.999Z"
"2024-03-03T00:00:00.000Z";"2024-03-03T23:59:59.999Z";"2024-03-03T23:59:00.000Z";"2024-03-03T07:29:00.000Z";"2781";0.00002431252126;0.00002710588481;0.00002098429889;0.00002710588481;688062336.43;1767068746.54;"2024-03-03T23:59:59.999Z"
"2024-03-02T00:00:00.000Z";"2024-03-02T23:59:59.999Z";"2024-03-02T08:21:00.000Z";"2024-03-02T14:43:00.000Z";"2781";0.00002504263523;0.00002879528781;0.00002300344054;0.0000242959313;702715130.03;1583884133.06;"2024-03-02T23:59:59.999Z"
"2024-03-01T00:00:00.000Z";"2024-03-01T23:59:59.999Z";"2024-03-01T17:49:00.000Z";"2024-03-01T06:40:00.000Z";"2781";0.00002213260646;0.000026023727;0.00002075515462;0.0000250895652;712590612.7;1635622184.57;"2024-03-01T23:59:59.999Z"
"2024-02-29T00:00:00.000Z";"2024-02-29T23:59:59.999Z";"2024-02-29T15:41:00.000Z";"2024-02-29T00:00:00.000Z";"2781";0.00001879082619;0.00002548857721;0.00001879082619;0.00002215673836;1089351795.06;1444427295.33;"2024-02-29T23:59:59.999Z"
"2024-02-28T00:00:00.000Z";"2024-02-28T23:59:59.999Z";"2024-02-28T23:59:00.000Z";"2024-02-28T04:41:00.000Z";"2781";0.00001487499236;0.0000187946672;0.00001367565869;0.0000187946672;596242027.5;1225249396.34;"2024-02-28T23:59:59.999Z"
"2024-02-27T00:00:00.000Z";"2024-02-27T23:59:59.999Z";"2024-02-27T19:20:00.000Z";"2024-02-27T00:44:00.000Z";"2781";0.00001344703595;0.00001594029283;0.00001325445404;0.00001487733512;373528120.04;969873298.99;"2024-02-27T23:59:59.999Z"
"2024-02-26T00:00:00.000Z";"2024-02-26T23:59:59.999Z";"2024-02-26T22:13:00.000Z";"2024-02-26T09:56:00.000Z";"2781";0.00001193604738;0.00001358138146;0.00001160903876;0.00001344727219;159489289.38;818100096.4;"2024-02-26T23:59:59.999Z"
"2024-02-25T00:00:00.000Z";"2024-02-25T23:59:59.999Z";"2024-02-25T21:50:00.000Z";"2024-02-25T16:47:00.000Z";"2781";0.00001168699494;0.00001209824001;0.0000114322175;0.00001193765302;61355122;756053503.49;"2024-02-25T23:59:59.999Z"
"2024-02-24T00:00:00.000Z";"2024-02-24T23:59:59.999Z";"2024-02-24T18:17:00.000Z";"2024-02-24T01:58:00.000Z";"2781";0.00001131954676;0.00001180643552;0.00001106366372;0.00001168677396;53643609.73;740164451.27;"2024-02-24T23:59:59.999Z"
"2024-02-23T00:00:00.000Z";"2024-02-23T23:59:59.999Z";"2024-02-23T11:54:00.000Z";"2024-02-23T16:22:00.000Z";"2781";0.00001164171493;0.00001188857019;0.00001118083785;0.00001131746182;74537380.24;716774616.02;"2024-02-23T23:59:59.999Z"
"2024-02-22T00:00:00.000Z";"2024-02-22T23:59:59.999Z";"2024-02-22T10:35:00.000Z";"2024-02-22T03:07:00.000Z";"2781";0.00001177054317;0.0000121780007;0.00001119610547;0.00001163406664;71163726.14;736826311.39;"2024-02-22T23:59:59.999Z"
"2024-02-21T00:00:00.000Z";"2024-02-21T23:59:59.999Z";"2024-02-21T00:00:00.000Z";"2024-02-21T14:31:00.000Z";"2781";0.0000123896615;0.0000123896615;0.00001128029909;0.00001177258848;77626362.83;745599386.35;"2024-02-21T23:59:59.999Z"
"2024-02-20T00:00:00.000Z";"2024-02-20T23:59:59.999Z";"2024-02-20T12:30:00.000Z";"2024-02-20T17:25:00.000Z";"2781";0.00001299072122;0.00001307629884;0.0000119372521;0.00001239005045;108303148.02;784705421.81;"2024-02-20T23:59:59.999Z"
"2024-02-19T00:00:00.000Z";"2024-02-19T23:59:59.999Z";"2024-02-19T08:04:00.000Z";"2024-02-19T19:14:00.000Z";"2781";0.00001302830449;0.00001333615902;0.00001284012381;0.00001299057765;83831383.44;822738918.79;"2024-02-19T23:59:59.999Z"
"2024-02-18T00:00:00.000Z";"2024-02-18T23:59:59.999Z";"2024-02-18T10:01:00.000Z";"2024-02-18T03:11:00.000Z";"2781";0.00001283111529;0.00001329997215;0.00001267797411;0.00001302773757;64481975.65;825092387.63;"2024-02-18T23:59:59.999Z"
"2024-02-17T00:00:00.000Z";"2024-02-17T23:59:59.999Z";"2024-02-17T00:44:00.000Z";"2024-02-17T14:50:00.000Z";"2781";0.00001329804228;0.00001340755352;0.0000124527173;0.00001283043367;74840121.17;812596438.14;"2024-02-17T23:59:59.999Z"
"2024-02-16T00:00:00.000Z";"2024-02-16T23:59:59.999Z";"2024-02-16T02:52:00.000Z";"2024-02-16T15:17:00.000Z";"2781";0.00001390061333;0.00001434805492;0.00001295467817;0.00001329787086;100059969.4;842200877.88;"2024-02-16T23:59:59.999Z"
"2024-02-15T00:00:00.000Z";"2024-02-15T23:59:59.999Z";"2024-02-15T01:02:00.000Z";"2024-02-15T18:47:00.000Z";"2781";0.00001431905709;0.00001460336062;0.00001364544506;0.00001390040472;151914732.87;880361463.34;"2024-02-15T23:59:59.999Z"
"2024-02-14T00:00:00.000Z";"2024-02-14T23:59:59.999Z";"2024-02-14T23:02:00.000Z";"2024-02-14T00:43:00.000Z";"2781";0.00001253768575;0.0000144464671;0.00001233293575;0.00001433026245;162221282.11;907585863.5;"2024-02-14T23:59:59.999Z"
"2024-02-13T00:00:00.000Z";"2024-02-13T23:59:59.999Z";"2024-02-13T01:38:00.000Z";"2024-02-13T17:01:00.000Z";"2781";0.0000132176968;0.00001350075301;0.00001223215796;0.0000125395193;102069675.83;794171808.99;"2024-02-13T23:59:59.999Z"
"2024-02-12T00:00:00.000Z";"2024-02-12T23:59:59.999Z";"2024-02-12T17:55:00.000Z";"2024-02-12T11:23:00.000Z";"2781";0.00001234683062;0.00001330359273;0.00001178630492;0.00001322169535;149869724.42;837376415.09;"2024-02-12T23:59:59.999Z"
"2024-02-11T00:00:00.000Z";"2024-02-11T23:59:59.999Z";"2024-02-11T05:17:00.000Z";"2024-02-11T23:46:00.000Z";"2781";0.00001328028431;0.00001408669819;0.00001228121547;0.00001234978712;149710794.84;782155403.64;"2024-02-11T23:59:59.999Z"
"2024-02-10T00:00:00.000Z";"2024-02-10T23:59:59.999Z";"2024-02-10T19:05:00.000Z";"2024-02-10T00:00:00.000Z";"2781";0.00001214415796;0.000013702575;0.00001214415796;0.0000132825303;226608958.76;841229305.9;"2024-02-10T23:59:59.999Z"
"2024-02-09T00:00:00.000Z";"2024-02-09T23:59:59.999Z";"2024-02-09T20:16:00.000Z";"2024-02-09T00:20:00.000Z";"2781";0.00001034749035;0.00001274674047;0.00001028316266;0.00001214646876;245156529.32;769278537.67;"2024-02-09T23:59:59.999Z"
"2024-02-08T00:00:00.000Z";"2024-02-08T23:59:59.999Z";"2024-02-08T15:46:00.000Z";"2024-02-08T13:35:00.000Z";"2781";0.00001040606568;0.00001060752326;0.00001031443493;0.00001034650208;57489104.37;655280324.63;"2024-02-08T23:59:59.999Z"
"2024-02-07T00:00:00.000Z";"2024-02-07T23:59:59.999Z";"2024-02-07T22:20:00.000Z";"2024-02-07T05:11:00.000Z";"2781";0.0000099270402;0.00001058441138;0.00000983076003;0.00001040559227;60614842.79;659022713.62;"2024-02-07T23:59:59.999Z"
"2024-02-06T00:00:00.000Z";"2024-02-06T23:59:59.999Z";"2024-02-06T02:46:00.000Z";"2024-02-06T12:52:00.000Z";"2781";0.00001014998357;0.0000101688944;0.00000985683364;0.00000992667176;48158268.44;628690995.7;"2024-02-06T23:59:59.999Z"
"2024-02-05T00:00:00.000Z";"2024-02-05T23:59:59.999Z";"2024-02-05T14:10:00.000Z";"2024-02-05T01:17:00.000Z";"2781";0.00001006610155;0.00001060189425;0.00000968239006;0.00001014899801;65816880.95;642771697.9;"2024-02-05T23:59:59.999Z"
"2024-02-04T00:00:00.000Z";"2024-02-04T23:59:59.999Z";"2024-02-04T04:02:00.000Z";"2024-02-04T22:43:00.000Z";"2781";0.00001033955314;0.00001039386024;0.00001002308829;0.00001006509192;45069579.41;637457630.14;"2024-02-04T23:59:59.999Z"
"2024-02-03T00:00:00.000Z";"2024-02-03T23:59:59.999Z";"2024-02-03T00:32:00.000Z";"2024-02-03T22:56:00.000Z";"2781";0.00001052524529;0.0000106193586;0.00001031472112;0.00001034058063;33675979.51;654905298.45;"2024-02-03T23:59:59.999Z"
"2024-02-02T00:00:00.000Z";"2024-02-02T23:59:59.999Z";"2024-02-02T00:28:00.000Z";"2024-02-02T13:58:00.000Z";"2781";0.00001074406005;0.00001084248088;0.00001037989981;0.00001052447529;52263815.67;666551992.9;"2024-02-02T23:59:59.999Z"
"2024-02-01T00:00:00.000Z";"2024-02-01T23:59:59.999Z";"2024-02-01T21:22:00.000Z";"2024-02-01T03:35:00.000Z";"2781";0.00001064957348;0.00001082373083;0.00001021595112;0.00001074712499;60134292.63;680653180.8;"2024-02-01T23:59:59.999Z"
"2024-01-31T00:00:00.000Z";"2024-01-31T23:59:59.999Z";"2024-01-31T00:06:00.000Z";"2024-01-31T21:31:00.000Z";"2781";0.00001126467851;0.00001130139983;0.00001054356725;0.00001064941998;94246325.7;674465179.12;"2024-01-31T23:59:59.999Z"
"2024-01-30T00:00:00.000Z";"2024-01-30T23:59:59.999Z";"2024-01-30T05:47:00.000Z";"2024-01-30T23:51:00.000Z";"2781";0.00001199152689;0.00001221418947;0.00001122571227;0.00001126281097;78067106.49;713313385.79;"2024-01-30T23:59:59.999Z"
"2024-01-29T00:00:00.000Z";"2024-01-29T23:59:59.999Z";"2024-01-29T16:38:00.000Z";"2024-01-29T13:53:00.000Z";"2781";0.00001156380808;0.00001207656909;0.00001141352293;0.00001199152689;86572500.08;759465524.39;"2024-01-29T23:59:59.999Z"
"2024-01-28T00:00:00.000Z";"2024-01-28T23:59:59.999Z";"2024-01-28T10:47:00.000Z";"2024-01-28T23:23:00.000Z";"2781";0.00001163430005;0.00001258537578;0.00001142036283;0.00001156577355;119512470.11;732501069.96;"2024-01-28T23:59:59.999Z"
"2024-01-27T00:00:00.000Z";"2024-01-27T23:59:59.999Z";"2024-01-27T01:35:00.000Z";"2024-01-27T07:23:00.000Z";"2781";0.00001184214944;0.00001201993903;0.00001131013817;0.0000116363845;75157751.54;736973109.52;"2024-01-27T23:59:59.999Z"
"2024-01-26T00:00:00.000Z";"2024-01-26T23:59:59.999Z";"2024-01-26T16:50:00.000Z";"2024-01-26T07:34:00.000Z";"2781";0.00001128309615;0.00001245476689;0.00001100813774;0.00001184553606;134767883.43;750219412.54;"2024-01-26T23:59:59.999Z"
"2024-01-25T00:00:00.000Z";"2024-01-25T23:59:59.999Z";"2024-01-25T19:56:00.000Z";"2024-01-25T13:53:00.000Z";"2781";0.00001103262753;0.00001158387812;0.00001036694929;0.00001128667991;106492722.73;714825089.19;"2024-01-25T23:59:59.999Z"
"2024-01-24T00:00:00.000Z";"2024-01-24T23:59:59.999Z";"2024-01-24T10:51:00.000Z";"2024-01-24T06:16:00.000Z";"2781";0.00001079308161;0.00001127635002;0.00001042209849;0.00001103184164;113795122.9;698685286.23;"2024-01-24T23:59:59.999Z"
"2024-01-23T00:00:00.000Z";"2024-01-23T23:59:59.999Z";"2024-01-23T04:28:00.000Z";"2024-01-23T14:11:00.000Z";"2781";0.00001037665728;0.00001090818702;0.0000097817171;0.00001079138171;113087437.13;683456114.56;"2024-01-23T23:59:59.999Z"
"2024-01-22T00:00:00.000Z";"2024-01-22T23:59:59.999Z";"2024-01-22T00:20:00.000Z";"2024-01-22T23:46:00.000Z";"2781";0.00001135156594;0.00001144331493;0.00001035000058;0.00001037099934;104549017.9;656831822.13;"2024-01-22T23:59:59.999Z"
"2024-01-21T00:00:00.000Z";"2024-01-21T23:59:59.999Z";"2024-01-21T03:20:00.000Z";"2024-01-21T23:59:00.000Z";"2781";0.0000116342015;0.00001206370693;0.00001134914675;0.00001134914675;64491339.39;718781333.87;"2024-01-21T23:59:59.999Z"
"2024-01-20T00:00:00.000Z";"2024-01-20T23:59:59.999Z";"2024-01-20T02:02:00.000Z";"2024-01-20T09:56:00.000Z";"2781";0.00001192222629;0.0000119813428;0.00001121975015;0.00001163142415;69976470.44;736658952.94;"2024-01-20T23:59:59.999Z"
"2024-01-19T00:00:00.000Z";"2024-01-19T23:59:59.999Z";"2024-01-19T20:14:00.000Z";"2024-01-19T16:46:00.000Z";"2781";0.00001201818924;0.00001219729892;0.00001096035976;0.00001192556526;115223424.46;755287942.9;"2024-01-19T23:59:59.999Z"
"2024-01-18T00:00:00.000Z";"2024-01-18T23:59:59.999Z";"2024-01-18T00:13:00.000Z";"2024-01-18T20:38:00.000Z";"2781";0.00001340588135;0.00001345024524;0.00001185323581;0.00001201777971;135998488.62;761128208.31;"2024-01-18T23:59:59.999Z"
"2024-01-17T00:00:00.000Z";"2024-01-17T23:59:59.999Z";"2024-01-17T01:33:00.000Z";"2024-01-17T17:08:00.000Z";"2781";0.00001404762026;0.00001443834314;0.00001321173462;0.00001341208075;140091194.84;849434191;"2024-01-17T23:59:59.999Z"
"2024-01-16T00:00:00.000Z";"2024-01-16T23:59:59.999Z";"2024-01-16T22:32:00.000Z";"2024-01-16T00:38:00.000Z";"2781";0.0000135998889;0.00001443017028;0.00001348981173;0.000014052225;150585295.56;889976775.17;"2024-01-16T23:59:59.999Z"
"2024-01-15T00:00:00.000Z";"2024-01-15T23:59:59.999Z";"2024-01-15T03:32:00.000Z";"2024-01-15T22:21:00.000Z";"2781";0.0000142340185;0.00001448347033;0.00001356185604;0.00001359783902;167246472.87;861198914.83;"2024-01-15T23:59:59.999Z"
"2024-01-14T00:00:00.000Z";"2024-01-14T23:59:59.999Z";"2024-01-14T16:26:00.000Z";"2024-01-14T04:59:00.000Z";"2781";0.00001528714633;0.00001561705235;0.00001419086897;0.00001424417642;213210793.52;902133733.04;"2024-01-14T23:59:59.999Z"
"2024-01-13T00:00:00.000Z";"2024-01-13T23:59:59.999Z";"2024-01-13T19:51:00.000Z";"2024-01-13T01:14:00.000Z";"2781";0.00001377939346;0.00001555756547;0.00001317433186;0.00001527882239;271617614.31;967661497.34;"2024-01-13T23:59:59.999Z"
"2024-01-12T00:00:00.000Z";"2024-01-12T23:59:59.999Z";"2024-01-12T00:11:00.000Z";"2024-01-12T22:44:00.000Z";"2781";0.00001617343249;0.0000163055158;0.00001333982964;0.00001377742399;303031145.12;872572661.99;"2024-01-12T23:59:59.999Z"
"2024-01-11T00:00:00.000Z";"2024-01-11T23:59:59.999Z";"2024-01-11T15:28:00.000Z";"2024-01-11T06:16:00.000Z";"2781";0.00001613885896;0.00001739165982;0.00001466320848;0.00001618990349;443300970.23;1025363463.7;"2024-01-11T23:59:59.999Z"
"2024-01-10T00:00:00.000Z";"2024-01-10T23:59:59.999Z";"2024-01-10T22:37:00.000Z";"2024-01-10T15:26:00.000Z";"2781";0.00001417032319;0.00001768697413;0.00001299735137;0.00001610481014;679773909.47;1019974202.89;"2024-01-10T23:59:59.999Z"
"2024-01-09T00:00:00.000Z";"2024-01-09T23:59:59.999Z";"2024-01-09T23:59:00.000Z";"2024-01-09T00:41:00.000Z";"2781";0.00001213291165;0.00001410796041;0.00001167840173;0.00001410796041;504625942.36;893506694.39;"2024-01-09T23:59:59.999Z"
"2024-01-08T00:00:00.000Z";"2024-01-08T23:59:59.999Z";"2024-01-08T19:58:00.000Z";"2024-01-08T03:29:00.000Z";"2781";0.00001029038654;0.00001297158232;0.00000942776109;0.00001213036269;251321477.19;768258483.42;"2024-01-08T23:59:59.999Z"
"2024-01-07T00:00:00.000Z";"2024-01-07T23:59:59.999Z";"2024-01-07T11:35:00.000Z";"2024-01-07T22:38:00.000Z";"2781";0.00001075313302;0.00001141421937;0.00001014317165;0.00001028513017;106440241.87;651393425.62;"2024-01-07T23:59:59.999Z"
"2024-01-06T00:00:00.000Z";"2024-01-06T23:59:59.999Z";"2024-01-06T15:16:00.000Z";"2024-01-06T06:58:00.000Z";"2781";0.00001114357834;0.00001153822475;0.00001013182038;0.00001075413465;106141326.24;681097126.95;"2024-01-06T23:59:59.999Z"
"2024-01-05T00:00:00.000Z";"2024-01-05T23:59:59.999Z";"2024-01-05T00:29:00.000Z";"2024-01-05T17:32:00.000Z";"2781";0.00001193303089;0.00001202436919;0.0000105683044;0.00001114211411;111851819.95;705669229.21;"2024-01-05T23:59:59.999Z"
"2024-01-04T00:00:00.000Z";"2024-01-04T23:59:59.999Z";"2024-01-04T15:34:00.000Z";"2024-01-04T01:28:00.000Z";"2781";0.00001162408929;0.00001253811501;0.00001129137457;0.00001193428904;121822065.37;755840450.83;"2024-01-04T23:59:59.999Z"
"2024-01-03T00:00:00.000Z";"2024-01-03T23:59:59.999Z";"2024-01-03T09:42:00.000Z";"2024-01-03T12:14:00.000Z";"2781";0.0000134870878;0.00001378076371;0.00001107108688;0.00001161142374;181586344.84;706411437.47;"2024-01-03T23:59:59.999Z"
"2024-01-02T00:00:00.000Z";"2024-01-02T23:59:59.999Z";"2024-01-02T01:28:00.000Z";"2024-01-02T23:52:00.000Z";"2781";0.00001495015636;0.00001530527457;0.00001345891496;0.00001348492062;162944178.83;820390537.55;"2024-01-02T23:59:59.999Z"
"2024-01-01T00:00:00.000Z";"2024-01-01T23:59:59.999Z";"2024-01-01T23:59:00.000Z";"2024-01-01T04:22:00.000Z";"2781";0.00001335069355;0.00001493568898;0.00001287201247;0.00001493568898;123160644.61;908651838.25;"2024-01-01T23:59:59.999Z"
"2023-12-31T00:00:00.000Z";"2023-12-31T23:59:59.999Z";"2023-12-31T08:19:00.000Z";"2023-12-31T22:54:00.000Z";"2781";0.0000140675486;0.00001447780037;0.00001311044376;0.00001335287931;125172471.12;812357457.92;"2023-12-31T23:59:59.999Z"
"2023-12-30T00:00:00.000Z";"2023-12-30T23:59:59.999Z";"2023-12-30T01:39:00.000Z";"2023-12-30T09:02:00.000Z";"2781";0.00001492278756;0.00001505631182;0.00001392770108;0.00001405995665;137792072.29;855374363.78;"2023-12-30T23:59:59.999Z"
"2023-12-29T00:00:00.000Z";"2023-12-29T23:59:59.999Z";"2023-12-29T10:25:00.000Z";"2023-12-29T01:36:00.000Z";"2781";0.00001494348364;0.00001676319852;0.00001405559976;0.00001492146763;396445061.73;907786645.31;"2023-12-29T23:59:59.999Z"
"2023-12-28T00:00:00.000Z";"2023-12-28T23:59:59.999Z";"2023-12-28T23:04:00.000Z";"2023-12-28T14:27:00.000Z";"2781";0.00001450827446;0.00001549082254;0.00001250890702;0.00001495170656;358655983.54;909626309.98;"2023-12-28T23:59:59.999Z"
"2023-12-27T00:00:00.000Z";"2023-12-27T23:59:59.999Z";"2023-12-27T00:11:00.000Z";"2023-12-27T17:09:00.000Z";"2781";0.00001611843966;0.00001617081813;0.00001430965577;0.00001450963597;246855997.65;882731785.11;"2023-12-27T23:59:59.999Z"
"2023-12-26T00:00:00.000Z";"2023-12-26T23:59:59.999Z";"2023-12-26T00:38:00.000Z";"2023-12-26T17:43:00.000Z";"2781";0.00001873073554;0.0000189547853;0.00001552603504;0.00001612035772;271163556.06;980724270.42;"2023-12-26T23:59:59.999Z"
"2023-12-25T00:00:00.000Z";"2023-12-25T23:59:59.999Z";"2023-12-25T16:26:00.000Z";"2023-12-25T00:46:00.000Z";"2781";0.00001816248539;0.00001924480871;0.00001768168475;0.00001873116041;192040839.48;1139559303.98;"2023-12-25T23:59:59.999Z"
"2023-12-24T00:00:00.000Z";"2023-12-24T23:59:59.999Z";"2023-12-24T00:02:00.000Z";"2023-12-24T22:54:00.000Z";"2781";0.00001995747948;0.00001996691273;0.0000180023804;0.00001817062298;201101670.92;1105457538.38;"2023-12-24T23:59:59.999Z"
"2023-12-23T00:00:00.000Z";"2023-12-23T23:59:59.999Z";"2023-12-23T23:55:00.000Z";"2023-12-23T04:07:00.000Z";"2781";0.00001940486179;0.00002001510305;0.00001787361565;0.0000199507062;228245407.8;1213753572.89;"2023-12-23T23:59:59.999Z"
"2023-12-22T00:00:00.000Z";"2023-12-22T23:59:59.999Z";"2023-12-22T01:38:00.000Z";"2023-12-22T09:20:00.000Z";"2781";0.00002070403779;0.00002273320701;0.00001860096312;0.00001939878739;354944643.2;1180176143.56;"2023-12-22T23:59:59.999Z"
"2023-12-21T00:00:00.000Z";"2023-12-21T23:59:59.999Z";"2023-12-21T21:21:00.000Z";"2023-12-21T01:44:00.000Z";"2781";0.00001884541925;0.00002149773094;0.00001840707718;0.00002072015117;453453259.21;1260564777.02;"2023-12-21T23:59:59.999Z"
"2023-12-20T00:00:00.000Z";"2023-12-20T23:59:59.999Z";"2023-12-20T15:40:00.000Z";"2023-12-20T03:54:00.000Z";"2781";0.00001901106342;0.00002147052399;0.00001766027451;0.00001883008086;435142485.37;1145577389.5;"2023-12-20T23:59:59.999Z"
"2023-12-19T00:00:00.000Z";"2023-12-19T23:59:59.999Z";"2023-12-19T02:20:00.000Z";"2023-12-19T22:48:00.000Z";"2781";0.00002087322043;0.00002294680315;0.00001871275714;0.00001900919948;337495633.61;1156474540.42;"2023-12-19T23:59:59.999Z"
"2023-12-18T00:00:00.000Z";"2023-12-18T23:59:59.999Z";"2023-12-18T00:33:00.000Z";"2023-12-18T10:38:00.000Z";"2781";0.00002291317792;0.00002334548652;0.00001850492138;0.00002087539406;479892705.83;1270009385.87;"2023-12-18T23:59:59.999Z"
"2023-12-17T00:00:00.000Z";"2023-12-17T23:59:59.999Z";"2023-12-17T21:58:00.000Z";"2023-12-17T14:25:00.000Z";"2781";0.00002182125949;0.00002492416285;0.00001982303234;0.00002294068949;601626518.34;1395657053.68;"2023-12-17T23:59:59.999Z"
"2023-12-16T00:00:00.000Z";"2023-12-16T23:59:59.999Z";"2023-12-16T03:53:00.000Z";"2023-12-16T19:42:00.000Z";"2781";0.00002352948075;0.00002656243283;0.00002056039173;0.00002182279466;789646261.84;1327646987.6;"2023-12-16T23:59:59.999Z"
"2023-12-15T00:00:00.000Z";"2023-12-15T23:59:59.999Z";"2023-12-15T07:34:00.000Z";"2023-12-15T01:16:00.000Z";"2781";0.00002445425609;0.00003419050487;0.00002165612461;0.00002355604395;1877942215.4;1433093757.08;"2023-12-15T23:59:59.999Z"
"2023-12-14T00:00:00.000Z";"2023-12-14T23:59:59.999Z";"2023-12-14T23:45:00.000Z";"2023-12-14T00:52:00.000Z";"2781";0.00001291883754;0.0000260460718;0.00001257537836;0.00002439386267;593410151.08;1484064657.75;"2023-12-14T23:59:59.999Z"
"2023-12-13T00:00:00.000Z";"2023-12-13T23:59:59.999Z";"2023-12-13T22:16:00.000Z";"2023-12-13T05:34:00.000Z";"2781";0.00001147360357;0.00001474023249;0.00000925363333;0.00001293336278;282342943.82;786835068.66;"2023-12-13T23:59:59.999Z"
"2023-12-12T00:00:00.000Z";"2023-12-12T23:59:59.999Z";"2023-12-12T09:57:00.000Z";"2023-12-12T17:34:00.000Z";"2781";0.00001193797421;0.00001340592454;0.00001136313728;0.00001148602159;138655975.61;698782268.59;"2023-12-12T23:59:59.999Z"
"2023-12-11T00:00:00.000Z";"2023-12-11T23:59:59.999Z";"2023-12-11T00:44:00.000Z";"2023-12-11T02:19:00.000Z";"2781";0.00001252995514;0.00001325398217;0.00001106976543;0.00001193325255;160176566.72;725990737.91;"2023-12-11T23:59:59.999Z"
"2023-12-10T00:00:00.000Z";"2023-12-10T23:59:59.999Z";"2023-12-10T23:11:00.000Z";"2023-12-10T09:54:00.000Z";"2781";0.00001101356912;0.00001271329616;0.00000995726077;0.00001252925673;172957591.5;762250216.53;"2023-12-10T23:59:59.999Z"
"2023-12-09T00:00:00.000Z";"2023-12-09T23:59:59.999Z";"2023-12-09T11:11:00.000Z";"2023-12-09T23:37:00.000Z";"2781";0.00001288371196;0.00001467708929;0.00001075408829;0.00001103227331;224903913.16;671177301.58;"2023-12-09T23:59:59.999Z"
"2023-12-08T00:00:00.000Z";"2023-12-08T23:59:59.999Z";"2023-12-08T13:26:00.000Z";"2023-12-08T02:06:00.000Z";"2781";0.00001005757813;0.00001308152846;0.00000998271825;0.00001286944889;176358750.83;782946699.25;"2023-12-08T23:59:59.999Z"
"2023-12-07T00:00:00.000Z";"2023-12-07T23:59:59.999Z";"2023-12-07T16:07:00.000Z";"2023-12-07T00:00:00.000Z";"2781";0.00000750110571;0.00001118700209;0.00000750110571;0.00001005993446;187208303.55;612022515.52;"2023-12-07T23:59:59.999Z"
"2023-12-06T00:00:00.000Z";"2023-12-06T23:59:59.999Z";"2023-12-06T09:01:00.000Z";"2023-12-06T15:10:00.000Z";"2781";0.00000759014778;0.00000854287857;0.00000742072647;0.00000749750472;103767959.33;406184752.18;"2023-12-06T23:59:59.999Z"
"2023-12-05T00:00:00.000Z";"2023-12-05T23:59:59.999Z";"2023-12-05T23:05:00.000Z";"2023-12-05T02:26:00.000Z";"2781";0.00000627278843;0.00000767808967;0.00000594279843;0.00000758882343;84235080.44;411132033.64;"2023-12-05T23:59:59.999Z"
"2023-12-04T00:00:00.000Z";"2023-12-04T23:59:59.999Z";"2023-12-04T20:31:00.000Z";"2023-12-04T00:02:00.000Z";"2781";0.00000533229807;0.00000687510038;0.00000532653438;0.00000627251983;183974524.6;339819981.04;"2023-12-04T23:59:59.999Z"
"2023-12-03T00:00:00.000Z";"2023-12-03T23:59:59.999Z";"2023-12-03T23:13:00.000Z";"2023-12-03T14:28:00.000Z";"2781";0.00000480641469;0.00000543035556;0.00000464315412;0.00000533526792;50664644;289043429.48;"2023-12-03T23:59:59.999Z"
"2023-12-02T00:00:00.000Z";"2023-12-02T23:59:59.999Z";"2023-12-02T23:59:00.000Z";"2023-12-02T00:31:00.000Z";"2781";0.00000402145623;0.0000047993818;0.00000400631583;0.0000047993818;46112518.31;260011267.85;"2023-12-02T23:59:59.999Z"
"2023-12-01T00:00:00.000Z";"2023-12-01T23:59:59.999Z";"2023-12-01T04:44:00.000Z";"2023-12-01T01:06:00.000Z";"2781";0.00000386519581;0.00000407138384;0.00000380689029;0.00000402262064;28769779.27;217929461.85;"2023-12-01T23:59:59.999Z"
"2023-11-30T00:00:00.000Z";"2023-11-30T23:59:59.999Z";"2023-11-30T03:59:00.000Z";"2023-11-30T23:21:00.000Z";"2781";0.00000407603316;0.00000414625168;0.0000038504495;0.0000038656512;29594329.78;209425486.67;"2023-11-30T23:59:59.999Z"
"2023-11-29T00:00:00.000Z";"2023-11-29T23:59:59.999Z";"2023-11-29T09:31:00.000Z";"2023-11-29T23:07:00.000Z";"2781";0.00000413372272;0.00000452148754;0.00000404010659;0.00000407625104;37386112;220834941.76;"2023-11-29T23:59:59.999Z"
"2023-11-28T00:00:00.000Z";"2023-11-28T23:59:59.999Z";"2023-11-28T17:27:00.000Z";"2023-11-28T07:31:00.000Z";"2781";0.00000380245111;0.00000428573745;0.00000367788863;0.00000413013743;46839645.87;223754290.54;"2023-11-28T23:59:59.999Z"
"2023-11-27T00:00:00.000Z";"2023-11-27T23:59:59.999Z";"2023-11-27T00:49:00.000Z";"2023-11-27T14:35:00.000Z";"2781";0.00000402274798;0.00000408281368;0.00000353218027;0.0000038025315;41152166.84;206005914.02;"2023-11-27T23:59:59.999Z"
"2023-11-26T00:00:00.000Z";"2023-11-26T23:59:59.999Z";"2023-11-26T01:45:00.000Z";"2023-11-26T16:30:00.000Z";"2781";0.0000043715219;0.00000444886601;0.00000393945667;0.00000402281474;32903109.67;217939976.91;"2023-11-26T23:59:59.999Z"
"2023-11-25T00:00:00.000Z";"2023-11-25T23:59:59.999Z";"2023-11-25T08:47:00.000Z";"2023-11-25T00:10:00.000Z";"2781";0.00000412047672;0.00000456255112;0.0000041100709;0.00000437498004;41929609.41;237018881.31;"2023-11-25T23:59:59.999Z"
"2023-11-24T00:00:00.000Z";"2023-11-24T23:59:59.999Z";"2023-11-24T01:21:00.000Z";"2023-11-24T14:25:00.000Z";"2781";0.00000424647538;0.00000428686233;0.00000386339648;0.0000041214793;44429184.78;223285227.45;"2023-11-24T23:59:59.999Z"
"2023-11-23T00:00:00.000Z";"2023-11-23T23:59:59.999Z";"2023-11-23T01:27:00.000Z";"2023-11-23T19:46:00.000Z";"2781";0.00000452607777;0.00000480627128;0.00000399049872;0.00000424616089;52021924.56;230039976.3;"2023-11-23T23:59:59.999Z"
"2023-11-22T00:00:00.000Z";"2023-11-22T23:59:59.999Z";"2023-11-22T13:08:00.000Z";"2023-11-22T00:04:00.000Z";"2781";0.0000035795435;0.0000048399597;0.00000353003652;0.00000452759041;97230823.62;245286699.38;"2023-11-22T23:59:59.999Z"
"2023-11-21T00:00:00.000Z";"2023-11-21T23:59:59.999Z";"2023-11-21T09:46:00.000Z";"2023-11-21T15:20:00.000Z";"2781";0.00000393692613;0.00000432307917;0.00000340901641;0.00000357659006;74126372.64;193765312.48;"2023-11-21T23:59:59.999Z"
"2023-11-20T00:00:00.000Z";"2023-11-20T23:59:59.999Z";"2023-11-20T13:00:00.000Z";"2023-11-20T21:21:00.000Z";"2781";0.00000443924937;0.00000532688555;0.00000364601291;0.00000393659013;122114928.9;213268673.25;"2023-11-20T23:59:59.999Z"
"2023-11-19T00:00:00.000Z";"2023-11-19T23:59:59.999Z";"2023-11-19T20:09:00.000Z";"2023-11-19T01:37:00.000Z";"2781";0.00000286290279;0.00000473620442;0.00000280122712;0.00000444100455;96553906.59;240595824.73;"2023-11-19T23:59:59.999Z"
"2023-11-18T00:00:00.000Z";"2023-11-18T23:59:59.999Z";"2023-11-18T20:22:00.000Z";"2023-11-18T06:52:00.000Z";"2781";0.00000293412407;0.00000308483233;0.00000261393014;0.00000286326389;50437891.68;155120160.31;"2023-11-18T23:59:59.999Z"
"2023-11-17T00:00:00.000Z";"2023-11-17T23:59:59.999Z";"2023-11-17T06:43:00.000Z";"2023-11-17T15:32:00.000Z";"2781";0.0000025374466;0.00000316451955;0.00000250512788;0.00000293331304;80238511.43;158915142.58;"2023-11-17T23:59:59.999Z"
"2023-11-16T00:00:00.000Z";"2023-11-16T23:59:59.999Z";"2023-11-16T03:20:00.000Z";"2023-11-16T23:22:00.000Z";"2781";0.00000324501701;0.0000034727715;0.00000238816081;0.00000254148549;75869382.98;137687496.4;"2023-11-16T23:59:59.999Z"
"2023-11-15T00:00:00.000Z";"2023-11-15T23:59:59.999Z";"2023-11-15T20:31:00.000Z";"2023-11-15T00:08:00.000Z";"2781";0.00000228344637;0.00000332353666;0.00000225517889;0.00000324348077;92550432.34;175718786.36;"2023-11-15T23:59:59.999Z"
"2023-11-14T00:00:00.000Z";"2023-11-14T23:59:59.999Z";"2023-11-14T23:59:00.000Z";"2023-11-14T00:33:00.000Z";"2781";0.0000018099533;0.00000226956559;0.00000167522561;0.00000226956559;51829391.43;122955965.99;"2023-11-14T23:59:59.999Z"
"2023-11-13T00:00:00.000Z";"2023-11-13T23:59:59.999Z";"2023-11-13T02:37:00.000Z";"2023-11-13T21:19:00.000Z";"2781";0.00000227323666;0.00000254764373;0.00000155513671;0.00000179752927;54009949.93;97382930.22;"2023-11-13T23:59:59.999Z"
"2023-11-12T00:00:00.000Z";"2023-11-12T23:59:59.999Z";"2023-11-12T07:46:00.000Z";"2023-11-12T01:28:00.000Z";"2781";0.00000216676491;0.00000268130858;0.00000197380759;0.00000227108637;58823320.89;123038355.76;"2023-11-12T23:59:59.999Z"
"2023-11-11T00:00:00.000Z";"2023-11-11T23:59:59.999Z";"2023-11-11T14:36:00.000Z";"2023-11-11T04:29:00.000Z";"2781";0.00000276346688;0.00000290621289;0.00000199832408;0.00000216564857;82638005.95;117326158.65;"2023-11-11T23:59:59.999Z"
"2023-11-10T00:00:00.000Z";"2023-11-10T23:59:59.999Z";"2023-11-10T23:22:00.000Z";"2023-11-10T00:00:00.000Z";"2781";0.00000166799973;0.00000288384872;0.00000166799973;0.00000276639373;94964214.45;149872123.29;"2023-11-10T23:59:59.999Z"
"2023-11-09T00:00:00.000Z";"2023-11-09T23:59:59.999Z";"2023-11-09T09:43:00.000Z";"2023-11-09T00:03:00.000Z";"2781";0.00000108472936;0.00000198778908;0.00000108346902;0.00000166708701;72605081.85;90316091.46;"2023-11-09T23:59:59.999Z"
"2023-11-08T00:00:00.000Z";"2023-11-08T23:59:59.999Z";"2023-11-08T10:02:00.000Z";"2023-11-08T00:39:00.000Z";"2781";9.4868865e-7;0.00000117519771;9.128222e-7;0.00000108270268;34497524.25;58656491.01;"2023-11-08T23:59:59.999Z"
"2023-11-07T00:00:00.000Z";"2023-11-07T23:59:59.999Z";"2023-11-07T21:37:00.000Z";"2023-11-07T03:42:00.000Z";"2781";8.0077838e-7;0.00000100690781;7.6335321e-7;9.4883692e-7;26789889.55;51404180.8;"2023-11-07T23:59:59.999Z"
"2023-11-06T00:00:00.000Z";"2023-11-06T23:59:59.999Z";"2023-11-06T03:58:00.000Z";"2023-11-06T19:45:00.000Z";"2781";7.8110291e-7;8.1187438e-7;6.8612067e-7;7.9871492e-7;17833425.34;43271172.82;"2023-11-06T23:59:59.999Z"
"2023-11-05T00:00:00.000Z";"2023-11-05T23:59:59.999Z";"2023-11-05T12:50:00.000Z";"2023-11-05T00:26:00.000Z";"2781";7.5520367e-7;8.2735324e-7;7.387436e-7;7.8110186e-7;18141619.89;42316967.95;"2023-11-05T23:59:59.999Z"
"2023-11-04T00:00:00.000Z";"2023-11-04T23:59:59.999Z";"2023-11-04T08:11:00.000Z";"2023-11-04T00:10:00.000Z";"2781";6.3064093e-7;8.3929013e-7;6.1920948e-7;7.5384846e-7;20457734.05;40840487.83;"2023-11-04T23:59:59.999Z"
"2023-11-03T00:00:00.000Z";"2023-11-03T23:59:59.999Z";"2023-11-03T00:03:00.000Z";"2023-11-03T11:45:00.000Z";"2781";6.6719022e-7;6.7266946e-7;5.9019669e-7;6.3095954e-7;16788816.31;34182858.74;"2023-11-03T23:59:59.999Z"
"2023-11-02T00:00:00.000Z";"2023-11-02T23:59:59.999Z";"2023-11-02T01:16:00.000Z";"2023-11-02T17:22:00.000Z";"2781";8.6417511e-7;8.8621642e-7;5.842111e-7;6.6655974e-7;22231283.6;36111534.82;"2023-11-02T23:59:59.999Z"
"2023-11-01T00:00:00.000Z";"2023-11-01T23:59:59.999Z";"2023-11-01T18:36:00.000Z";"2023-11-01T16:48:00.000Z";"2781";7.6559416e-7;9.0394843e-7;7.364555e-7;8.643227e-7;29091352.24;46825539.15;"2023-11-01T23:59:59.999Z"
"2023-10-31T00:00:00.000Z";"2023-10-31T23:59:59.999Z";"2023-10-31T23:46:00.000Z";"2023-10-31T12:58:00.000Z";"2781";7.0197553e-7;7.7213729e-7;6.2286262e-7;7.6566703e-7;20537897.41;41480770.4;"2023-10-31T23:59:59.999Z"
"2023-10-30T00:00:00.000Z";"2023-10-30T23:59:59.999Z";"2023-10-30T23:49:00.000Z";"2023-10-30T01:02:00.000Z";"2781";5.6178278e-7;7.0511561e-7;5.5495871e-7;7.0241548e-7;20277787.16;38054054.95;"2023-10-30T23:59:59.999Z"
"2023-10-29T00:00:00.000Z";"2023-10-29T23:59:59.999Z";"2023-10-29T21:34:00.000Z";"2023-10-29T00:25:00.000Z";"2781";5.2294163e-7;5.9508798e-7;5.1549166e-7;5.6174369e-7;13816090.46;30433021.16;"2023-10-29T23:59:59.999Z"
"2023-10-28T00:00:00.000Z";"2023-10-28T23:59:59.999Z";"2023-10-28T09:39:00.000Z";"2023-10-28T01:13:00.000Z";"2781";5.3699381e-7;6.1389284e-7;4.9329968e-7;5.2286103e-7;14758554.84;28326514.5;"2023-10-28T23:59:59.999Z"
"2023-10-27T00:00:00.000Z";"2023-10-27T23:59:59.999Z";"2023-10-27T13:46:00.000Z";"2023-10-27T01:07:00.000Z";"2781";5.4500304e-7;6.7781312e-7;4.9137277e-7;5.3688936e-7;20697242.69;29086513.42;"2023-10-27T23:59:59.999Z"
"2023-10-26T00:00:00.000Z";"2023-10-26T23:59:59.999Z";"2023-10-26T05:59:00.000Z";"2023-10-26T02:19:00.000Z";"2781";4.2499342e-7;6.1284093e-7;4.1343062e-7;5.4408396e-7;27655580.97;29476288.03;"2023-10-26T23:59:59.999Z"
"2023-10-25T00:00:00.000Z";"2023-10-25T23:59:59.999Z";"2023-10-25T19:47:00.000Z";"2023-10-25T08:18:00.000Z";"2781";3.1602231e-7;4.4344369e-7;2.8854155e-7;4.2456783e-7;14825046.61;23001383.25;"2023-10-25T23:59:59.999Z"
"2023-10-24T00:00:00.000Z";"2023-10-24T23:59:59.999Z";"2023-10-24T12:08:00.000Z";"2023-10-24T16:10:00.000Z";"2781";3.1667435e-7;3.4992721e-7;3.016444e-7;3.1602075e-7;9121748.5;17120737.6;"2023-10-24T23:59:59.999Z"
"2023-10-23T00:00:00.000Z";"2023-10-23T23:59:59.999Z";"2023-10-23T10:10:00.000Z";"2023-10-23T05:46:00.000Z";"2781";2.7526746e-7;3.3180305e-7;2.6121814e-7;3.1637253e-7;10451433.89;17139795.56;"2023-10-23T23:59:59.999Z"
"2023-10-22T00:00:00.000Z";"2023-10-22T23:59:59.999Z";"2023-10-22T23:22:00.000Z";"2023-10-22T15:13:00.000Z";"2781";2.0610561e-7;2.986485e-7;2.0273067e-7;2.9092487e-7;5446591.1;15761143.54;"2023-10-22T23:59:59.999Z"
"2023-10-21T00:00:00.000Z";"2023-10-21T23:59:59.999Z";"2023-10-21T21:32:00.000Z";"2023-10-21T01:41:00.000Z";"2781";1.8997261e-7;2.1329441e-7;1.8761859e-7;2.0608875e-7;3360229.76;11165062.33;"2023-10-21T23:59:59.999Z"
"2023-10-20T00:00:00.000Z";"2023-10-20T23:59:59.999Z";"2023-10-20T14:55:00.000Z";"2023-10-20T06:07:00.000Z";"2781";1.8129946e-7;1.9019225e-7;1.7888033e-7;1.8980498e-7;3292733.32;10282873.16;"2023-10-20T23:59:59.999Z"
"2023-10-19T00:00:00.000Z";"2023-10-19T23:59:59.999Z";"2023-10-19T00:24:00.000Z";"2023-10-19T21:08:00.000Z";"2781";1.8384675e-7;1.8419513e-7;1.7672199e-7;1.811961e-7;2868288.64;9816478.15;"2023-10-19T23:59:59.999Z"
"2023-10-18T00:00:00.000Z";"2023-10-18T23:59:59.999Z";"2023-10-18T02:01:00.000Z";"2023-10-18T15:01:00.000Z";"2781";1.8459233e-7;1.8665152e-7;1.8108974e-7;1.8385993e-7;3342626.61;9960794.03;"2023-10-18T23:59:59.999Z"
"2023-10-17T00:00:00.000Z";"2023-10-17T23:59:59.999Z";"2023-10-17T04:31:00.000Z";"2023-10-17T19:01:00.000Z";"2781";1.9791976e-7;1.9837161e-7;1.835762e-7;1.8458675e-7;4498705.98;10000169.99;"2023-10-17T23:59:59.999Z"
"2023-10-16T00:00:00.000Z";"2023-10-16T23:59:59.999Z";"2023-10-16T07:44:00.000Z";"2023-10-16T21:17:00.000Z";"2781";1.9761436e-7;2.0242518e-7;1.9478333e-7;1.9791238e-7;3165798.01;10722099.25;"2023-10-16T23:59:59.999Z"
"2023-10-15T00:00:00.000Z";"2023-10-15T23:59:59.999Z";"2023-10-15T02:11:00.000Z";"2023-10-15T01:57:00.000Z";"2781";1.8672487e-7;2.0464393e-7;1.8410298e-7;1.975605e-7;2942511.05;10703035.93;"2023-10-15T23:59:59.999Z"
"2023-10-14T00:00:00.000Z";"2023-10-14T23:59:59.999Z";"2023-10-14T17:35:00.000Z";"2023-10-14T02:39:00.000Z";"2781";1.7764493e-7;2.1153812e-7;1.7715921e-7;1.8675279e-7;3268356.98;10117517.75;"2023-10-14T23:59:59.999Z"
"2023-10-13T00:00:00.000Z";"2023-10-13T23:59:59.999Z";"2023-10-13T21:54:00.000Z";"2023-10-13T03:59:00.000Z";"2781";1.7798134e-7;1.8057481e-7;1.7630252e-7;1.7766949e-7;3134109.25;9625420.71;"2023-10-13T23:59:59.999Z"
"2023-10-12T00:00:00.000Z";"2023-10-12T23:59:59.999Z";"2023-10-12T00:05:00.000Z";"2023-10-12T14:09:00.000Z";"2781";1.9121375e-7;1.9123221e-7;1.7657363e-7;1.7797359e-7;3178564.46;9641895.49;"2023-10-12T23:59:59.999Z"
"2023-10-11T00:00:00.000Z";"2023-10-11T23:59:59.999Z";"2023-10-11T15:30:00.000Z";"2023-10-11T20:49:00.000Z";"2781";1.9190968e-7;1.9404369e-7;1.8865081e-7;1.9119845e-7;3102086.48;10358365.66;"2023-10-11T23:59:59.999Z"
"2023-10-10T00:00:00.000Z";"2023-10-10T23:59:59.999Z";"2023-10-10T01:30:00.000Z";"2023-10-10T21:19:00.000Z";"2781";1.9682209e-7;1.9711805e-7;1.8911711e-7;1.9184575e-7;3226293.93;10393433.94;"2023-10-10T23:59:59.999Z"
"2023-10-09T00:00:00.000Z";"2023-10-09T23:59:59.999Z";"2023-10-09T00:01:00.000Z";"2023-10-09T16:50:00.000Z";"2781";2.0737535e-7;2.0737822e-7;1.9152035e-7;1.9672857e-7;3312776.83;10657965.51;"2023-10-09T23:59:59.999Z"
"2023-10-08T00:00:00.000Z";"2023-10-08T23:59:59.999Z";"2023-10-08T03:41:00.000Z";"2023-10-08T23:01:00.000Z";"2781";2.1274709e-7;2.1406818e-7;2.0507144e-7;2.0735152e-7;3282398.28;11233474.12;"2023-10-08T23:59:59.999Z"
"2023-10-07T00:00:00.000Z";"2023-10-07T23:59:59.999Z";"2023-10-07T13:09:00.000Z";"2023-10-07T02:08:00.000Z";"2781";2.1090416e-7;2.1509939e-7;2.1044701e-7;2.127527e-7;3066219.28;11526088.62;"2023-10-07T23:59:59.999Z"
"2023-10-06T00:00:00.000Z";"2023-10-06T23:59:59.999Z";"2023-10-06T08:05:00.000Z";"2023-10-06T21:25:00.000Z";"2781";2.1011181e-7;2.182768e-7;2.0875728e-7;2.1097692e-7;2829672.34;11429883.66;"2023-10-06T23:59:59.999Z"
"2023-10-05T00:00:00.000Z";"2023-10-05T23:59:59.999Z";"2023-10-05T09:22:00.000Z";"2023-10-05T13:02:00.000Z";"2781";2.1326541e-7;2.1602999e-7;2.0701108e-7;2.1012075e-7;2770266.06;11383500.07;"2023-10-05T23:59:59.999Z"
"2023-10-04T00:00:00.000Z";"2023-10-04T23:59:59.999Z";"2023-10-04T23:54:00.000Z";"2023-10-04T15:38:00.000Z";"2781";2.0910369e-7;2.1435818e-7;2.0068532e-7;2.1329368e-7;2804997.33;11555396.73;"2023-10-04T23:59:59.999Z"
"2023-10-03T00:00:00.000Z";"2023-10-03T23:59:59.999Z";"2023-10-03T23:54:00.000Z";"2023-10-03T18:27:00.000Z";"2781";2.0457917e-7;2.0905518e-7;1.9949527e-7;2.090082e-7;2841697.12;11323226.58;"2023-10-03T23:59:59.999Z"
"2023-10-02T00:00:00.000Z";"2023-10-02T23:59:59.999Z";"2023-10-02T13:48:00.000Z";"2023-10-02T22:11:00.000Z";"2781";2.1464679e-7;2.1522282e-7;2.0032926e-7;2.0454176e-7;3433630.06;11081252.56;"2023-10-02T23:59:59.999Z"
"2023-10-01T00:00:00.000Z";"2023-10-01T23:59:59.999Z";"2023-10-01T23:28:00.000Z";"2023-10-01T05:46:00.000Z";"2781";2.0711322e-7;2.1609595e-7;2.050989e-7;2.146215e-7;3201582.34;11627332.53;"2023-10-01T23:59:59.999Z"
"2023-09-30T00:00:00.000Z";"2023-09-30T23:59:59.999Z";"2023-09-30T21:31:00.000Z";"2023-09-30T02:09:00.000Z";"2781";1.9709379e-7;2.1373043e-7;1.9418275e-7;2.0712208e-7;3177570.13;11221043.95;"2023-09-30T23:59:59.999Z"
"2023-09-29T00:00:00.000Z";"2023-09-29T23:59:59.999Z";"2023-09-29T06:52:00.000Z";"2023-09-29T18:25:00.000Z";"2781";1.9849882e-7;2.0757644e-7;1.9307195e-7;1.9710293e-7;3233939.07;10678246.64;"2023-09-29T23:59:59.999Z"
"2023-09-28T00:00:00.000Z";"2023-09-28T23:59:59.999Z";"2023-09-28T02:52:00.000Z";"2023-09-28T13:50:00.000Z";"2781";1.9546415e-7;2.0175011e-7;1.9138273e-7;1.9842428e-7;2882616.76;10749832.36;"2023-09-28T23:59:59.999Z"
"2023-09-27T00:00:00.000Z";"2023-09-27T23:59:59.999Z";"2023-09-27T13:33:00.000Z";"2023-09-27T21:10:00.000Z";"2781";2.0552075e-7;2.0931661e-7;1.8879834e-7;1.9543247e-7;3272246.94;10587747.86;"2023-09-27T23:59:59.999Z"
"2023-09-26T00:00:00.000Z";"2023-09-26T23:59:59.999Z";"2023-09-26T03:59:00.000Z";"2023-09-26T23:33:00.000Z";"2781";2.0444456e-7;2.1305622e-7;2.0440389e-7;2.0552539e-7;3496005.37;11134541.57;"2023-09-26T23:59:59.999Z"
"2023-09-25T00:00:00.000Z";"2023-09-25T23:59:59.999Z";"2023-09-25T16:07:00.000Z";"2023-09-25T00:47:00.000Z";"2781";1.9273754e-7;2.1803879e-7;1.9100518e-7;2.0445773e-7;3374199.08;11076700.22;"2023-09-25T23:59:59.999Z"
"2023-09-24T00:00:00.000Z";"2023-09-24T23:59:59.999Z";"2023-09-24T21:07:00.000Z";"2023-09-24T04:05:00.000Z";"2781";1.9152274e-7;1.9741435e-7;1.912324e-7;1.9276402e-7;2822642.78;10443182.03;"2023-09-24T23:59:59.999Z"
"2023-09-23T00:00:00.000Z";"2023-09-23T23:59:59.999Z";"2023-09-23T22:04:00.000Z";"2023-09-23T23:11:00.000Z";"2781";1.9536949e-7;1.9966091e-7;1.9106877e-7;1.9147769e-7;2895853.55;10373493.58;"2023-09-23T23:59:59.999Z"
"2023-09-22T00:00:00.000Z";"2023-09-22T23:59:59.999Z";"2023-09-22T01:11:00.000Z";"2023-09-22T03:38:00.000Z";"2781";1.9630548e-7;1.9809919e-7;1.9267746e-7;1.9536092e-7;3059867.15;10583871.76;"2023-09-22T23:59:59.999Z"
"2023-09-21T00:00:00.000Z";"2023-09-21T23:59:59.999Z";"2023-09-21T12:08:00.000Z";"2023-09-21T23:58:00.000Z";"2781";2.0331243e-7;2.2320135e-7;1.9622701e-7;1.9624265e-7;3529227.19;10631640.3;"2023-09-21T23:59:59.999Z"
"2023-09-20T00:00:00.000Z";"2023-09-20T23:59:59.999Z";"2023-09-20T15:04:00.000Z";"2023-09-20T05:51:00.000Z";"2781";2.0476618e-7;2.0566448e-7;2.0189028e-7;2.0334268e-7;2977075.72;11016291.13;"2023-09-20T23:59:59.999Z"
"2023-09-19T00:00:00.000Z";"2023-09-19T23:59:59.999Z";"2023-09-19T01:06:00.000Z";"2023-09-19T03:55:00.000Z";"2781";2.0513204e-7;2.0618099e-7;1.8494971e-7;2.0470139e-7;3410870.38;11089900.55;"2023-09-19T23:59:59.999Z"
"2023-09-18T00:00:00.000Z";"2023-09-18T23:59:59.999Z";"2023-09-18T17:24:00.000Z";"2023-09-18T01:09:00.000Z";"2781";2.0247269e-7;2.0827873e-7;2.0020309e-7;2.0509263e-7;3127603.62;11111096.67;"2023-09-18T23:59:59.999Z"
"2023-09-17T00:00:00.000Z";"2023-09-17T23:59:59.999Z";"2023-09-17T11:01:00.000Z";"2023-09-17T16:54:00.000Z";"2781";2.0540259e-7;2.0841307e-7;2.0084071e-7;2.025054e-7;3122079.01;10970930.88;"2023-09-17T23:59:59.999Z"
"2023-09-16T00:00:00.000Z";"2023-09-16T23:59:59.999Z";"2023-09-16T21:55:00.000Z";"2023-09-16T17:07:00.000Z";"2781";2.0714764e-7;2.1007492e-7;2.0184022e-7;2.0540114e-7;3181811.34;11127810.39;"2023-09-16T23:59:59.999Z"
"2023-09-15T00:00:00.000Z";"2023-09-15T23:59:59.999Z";"2023-09-15T03:00:00.000Z";"2023-09-15T22:01:00.000Z";"2781";2.1100756e-7;2.1263501e-7;2.0067144e-7;2.0717036e-7;2984161.29;11223659.55;"2023-09-15T23:59:59.999Z"
"2023-09-14T00:00:00.000Z";"2023-09-14T23:59:59.999Z";"2023-09-14T14:10:00.000Z";"2023-09-14T23:51:00.000Z";"2781";2.1067694e-7;2.1561329e-7;2.1032964e-7;2.1097644e-7;3161745.91;11429857.86;"2023-09-14T23:59:59.999Z"
"2023-09-13T00:00:00.000Z";"2023-09-13T23:59:59.999Z";"2023-09-13T15:11:00.000Z";"2023-09-13T06:24:00.000Z";"2781";2.0898519e-7;2.1142754e-7;2.0636318e-7;2.1066836e-7;3081224.87;11413167.09;"2023-09-13T23:59:59.999Z"
"2023-09-12T00:00:00.000Z";"2023-09-12T23:59:59.999Z";"2023-09-12T20:35:00.000Z";"2023-09-12T02:10:00.000Z";"2781";2.0079549e-7;2.100456e-7;1.9757902e-7;2.0900164e-7;3234656.55;11322871.12;"2023-09-12T23:59:59.999Z"
"2023-09-11T00:00:00.000Z";"2023-09-11T23:59:59.999Z";"2023-09-11T00:09:00.000Z";"2023-09-11T20:30:00.000Z";"2781";2.1041141e-7;2.1051439e-7;1.9762604e-7;2.0085447e-7;3114677.92;10881490.08;"2023-09-11T23:59:59.999Z"
"2023-09-10T00:00:00.000Z";"2023-09-10T23:59:59.999Z";"2023-09-10T02:05:00.000Z";"2023-09-10T17:27:00.000Z";"2781";2.1747376e-7;2.2148234e-7;2.05568e-7;2.1047972e-7;3055087.28;11402947.63;"2023-09-10T23:59:59.999Z"
"2023-09-09T00:00:00.000Z";"2023-09-09T23:59:59.999Z";"2023-09-09T01:20:00.000Z";"2023-09-09T23:07:00.000Z";"2781";2.2288818e-7;2.2475436e-7;2.1730788e-7;2.1750104e-7;2807238.3;11783334.74;"2023-09-09T23:59:59.999Z"
"2023-09-08T00:00:00.000Z";"2023-09-08T23:59:59.999Z";"2023-09-08T01:08:00.000Z";"2023-09-08T20:59:00.000Z";"2781";2.3133273e-7;2.3335217e-7;2.2129259e-7;2.2291223e-7;2143347.95;12076490.85;"2023-09-08T23:59:59.999Z"
"2023-09-07T00:00:00.000Z";"2023-09-07T23:59:59.999Z";"2023-09-07T03:37:00.000Z";"2023-09-07T14:00:00.000Z";"2781";2.4234336e-7;2.4525918e-7;2.3031595e-7;2.3121991e-7;2163960.17;12526567.97;"2023-09-07T23:59:59.999Z"
"2023-09-06T00:00:00.000Z";"2023-09-06T23:59:59.999Z";"2023-09-06T21:45:00.000Z";"2023-09-06T17:10:00.000Z";"2781";2.3124059e-7;2.6248801e-7;2.2119592e-7;2.4236835e-7;2766679.97;13130545.75;"2023-09-06T23:59:59.999Z"
"2023-09-05T00:00:00.000Z";"2023-09-05T23:59:59.999Z";"2023-09-05T00:00:00.000Z";"2023-09-05T08:46:00.000Z";"2781";2.3481615e-7;2.3481615e-7;2.2718717e-7;2.3130659e-7;2200626.58;12531263.63;"2023-09-05T23:59:59.999Z"
"2023-09-04T00:00:00.000Z";"2023-09-04T23:59:59.999Z";"2023-09-04T03:16:00.000Z";"2023-09-04T23:55:00.000Z";"2781";2.3871701e-7;2.4078498e-7;2.34586e-7;2.3478012e-7;2221352.79;12719445.73;"2023-09-04T23:59:59.999Z"
"2023-09-03T00:00:00.000Z";"2023-09-03T23:59:59.999Z";"2023-09-03T16:31:00.000Z";"2023-09-03T17:30:00.000Z";"2781";2.3956939e-7;2.4100186e-7;2.3599075e-7;2.3876704e-7;2095663.34;12935441.37;"2023-09-03T23:59:59.999Z"
"2023-09-02T00:00:00.000Z";"2023-09-02T23:59:59.999Z";"2023-09-02T18:10:00.000Z";"2023-09-02T00:10:00.000Z";"2781";2.3814973e-7;2.430479e-7;2.3776039e-7;2.3960887e-7;1916837.46;12981048.2;"2023-09-02T23:59:59.999Z"
"2023-09-01T00:00:00.000Z";"2023-09-01T23:59:59.999Z";"2023-09-01T04:40:00.000Z";"2023-09-01T18:41:00.000Z";"2781";2.4308376e-7;2.4584295e-7;2.361114e-7;2.3816311e-7;2262637.86;12902722.68;"2023-09-01T23:59:59.999Z"
"2023-08-31T00:00:00.000Z";"2023-08-31T23:59:59.999Z";"2023-08-31T11:55:00.000Z";"2023-08-31T23:09:00.000Z";"2781";2.5875928e-7;2.6030157e-7;2.4192555e-7;2.4302755e-7;2262160.81;13166258.6;"2023-08-31T23:59:59.999Z"
"2023-08-30T00:00:00.000Z";"2023-08-30T23:59:59.999Z";"2023-08-30T08:45:00.000Z";"2023-08-30T17:03:00.000Z";"2781";2.6748776e-7;2.6896387e-7;2.5420534e-7;2.5864305e-7;2220639.46;14012243.68;"2023-08-30T23:59:59.999Z"
"2023-08-29T00:00:00.000Z";"2023-08-29T23:59:59.999Z";"2023-08-29T23:52:00.000Z";"2023-08-29T09:37:00.000Z";"2781";2.5575441e-7;2.6797532e-7;2.4829573e-7;2.6750493e-7;2187119.17;14492344.74;"2023-08-29T23:59:59.999Z"
"2023-08-28T00:00:00.000Z";"2023-08-28T23:59:59.999Z";"2023-08-28T22:55:00.000Z";"2023-08-28T11:08:00.000Z";"2781";2.5343482e-7;2.5786226e-7;2.4667446e-7;2.5571308e-7;1788780.89;13853509.87;"2023-08-28T23:59:59.999Z"
"2023-08-27T00:00:00.000Z";"2023-08-27T23:59:59.999Z";"2023-08-27T15:27:00.000Z";"2023-08-27T07:19:00.000Z";"2781";2.5441586e-7;2.562047e-7;2.5104727e-7;2.5332784e-7;1715817.81;13724287.06;"2023-08-27T23:59:59.999Z"
"2023-08-26T00:00:00.000Z";"2023-08-26T23:59:59.999Z";"2023-08-26T22:48:00.000Z";"2023-08-26T01:05:00.000Z";"2781";2.4926098e-7;2.5564422e-7;2.4840101e-7;2.5456031e-7;1763085.29;13791057.25;"2023-08-26T23:59:59.999Z"
"2023-08-25T00:00:00.000Z";"2023-08-25T23:59:59.999Z";"2023-08-25T00:00:00.000Z";"2023-08-25T15:04:00.000Z";"2781";2.5633205e-7;2.5633205e-7;2.4560908e-7;2.4913032e-7;1885437.42;13496882.1;"2023-08-25T23:59:59.999Z"
"2023-08-24T00:00:00.000Z";"2023-08-24T23:59:59.999Z";"2023-08-24T07:38:00.000Z";"2023-08-24T17:46:00.000Z";"2781";2.5685776e-7;2.6480744e-7;2.502632e-7;2.5632636e-7;1977053.18;13886734.82;"2023-08-24T23:59:59.999Z"
"2023-08-23T00:00:00.000Z";"2023-08-23T23:59:59.999Z";"2023-08-23T21:39:00.000Z";"2023-08-23T03:44:00.000Z";"2781";2.4287387e-7;2.5922926e-7;2.4202915e-7;2.5685646e-7;1996762.56;13915453.31;"2023-08-23T23:59:59.999Z"
"2023-08-22T00:00:00.000Z";"2023-08-22T23:59:59.999Z";"2023-08-22T10:25:00.000Z";"2023-08-22T21:31:00.000Z";"2781";2.4755159e-7;2.5149447e-7;2.3805421e-7;2.4288482e-7;2045646.41;13158525.76;"2023-08-22T23:59:59.999Z"
"2023-08-21T00:00:00.000Z";"2023-08-21T23:59:59.999Z";"2023-08-21T00:09:00.000Z";"2023-08-21T15:31:00.000Z";"2781";2.7602071e-7;2.7633911e-7;2.4565536e-7;2.4756409e-7;2032305.92;13412030.2;"2023-08-21T23:59:59.999Z"
"2023-08-20T00:00:00.000Z";"2023-08-20T23:59:59.999Z";"2023-08-20T10:40:00.000Z";"2023-08-20T01:07:00.000Z";"2781";2.7541333e-7;2.8272686e-7;2.738371e-7;2.75991e-7;1910911.3;14952086.25;"2023-08-20T23:59:59.999Z"
"2023-08-19T00:00:00.000Z";"2023-08-19T23:59:59.999Z";"2023-08-19T17:01:00.000Z";"2023-08-19T00:03:00.000Z";"2781";2.6801304e-7;2.7684654e-7;2.6737375e-7;2.7546639e-7;1948793.94;14923664.63;"2023-08-19T23:59:59.999Z"
"2023-08-18T00:00:00.000Z";"2023-08-18T23:59:59.999Z";"2023-08-18T00:28:00.000Z";"2023-08-18T21:43:00.000Z";"2781";2.7835747e-7;2.7968401e-7;2.6415404e-7;2.6801934e-7;2173026.29;14520213.45;"2023-08-18T23:59:59.999Z"
"2023-08-17T00:00:00.000Z";"2023-08-17T23:59:59.999Z";"2023-08-17T00:00:00.000Z";"2023-08-17T21:49:00.000Z";"2781";3.0991097e-7;3.0991097e-7;2.677137e-7;2.7835018e-7;2374144.46;15079897.03;"2023-08-17T23:59:59.999Z"
"2023-08-16T00:00:00.000Z";"2023-08-16T23:59:59.999Z";"2023-08-16T04:41:00.000Z";"2023-08-16T23:38:00.000Z";"2781";3.2189628e-7;3.2268124e-7;3.093313e-7;3.0992896e-7;2476230.92;16790708.66;"2023-08-16T23:59:59.999Z"
"2023-08-15T00:00:00.000Z";"2023-08-15T23:59:59.999Z";"2023-08-15T00:08:00.000Z";"2023-08-15T19:51:00.000Z";"2781";3.330953e-7;3.3355095e-7;3.1982722e-7;3.2183112e-7;1995908.66;17435519.9;"2023-08-15T23:59:59.999Z"
"2023-08-14T00:00:00.000Z";"2023-08-14T23:59:59.999Z";"2023-08-14T01:51:00.000Z";"2023-08-14T14:40:00.000Z";"2781";3.3535786e-7;3.3654631e-7;3.2880028e-7;3.3307678e-7;2182985.96;18044764.78;"2023-08-14T23:59:59.999Z"
"2023-08-13T00:00:00.000Z";"2023-08-13T23:59:59.999Z";"2023-08-13T20:05:00.000Z";"2023-08-13T18:35:00.000Z";"2781";3.3830844e-7;3.4000246e-7;3.3305706e-7;3.3522506e-7;2457321.12;18161149.82;"2023-08-13T23:59:59.999Z"
"2023-08-12T00:00:00.000Z";"2023-08-12T23:59:59.999Z";"2023-08-12T01:02:00.000Z";"2023-08-12T11:44:00.000Z";"2781";3.3836449e-7;3.3972578e-7;3.2914491e-7;3.3842338e-7;1935791.4;18334422.4;"2023-08-12T23:59:59.999Z"
"2023-08-11T00:00:00.000Z";"2023-08-11T23:59:59.999Z";"2023-08-11T10:05:00.000Z";"2023-08-11T20:57:00.000Z";"2781";3.3996313e-7;3.4325118e-7;3.3598541e-7;3.3828129e-7;2248920.12;18326724.43;"2023-08-11T23:59:59.999Z"
"2023-08-10T00:00:00.000Z";"2023-08-10T23:59:59.999Z";"2023-08-10T00:34:00.000Z";"2023-08-10T23:55:00.000Z";"2781";3.4691997e-7;3.4805127e-7;3.3978973e-7;3.4011432e-7;2186669.54;18426030.44;"2023-08-10T23:59:59.999Z"
"2023-08-09T00:00:00.000Z";"2023-08-09T23:59:59.999Z";"2023-08-09T13:13:00.000Z";"2023-08-09T06:52:00.000Z";"2781";3.4714809e-7;3.5292636e-7;3.403332e-7;3.4694504e-7;2284011.1;18796091.73;"2023-08-09T23:59:59.999Z"
"2023-08-08T00:00:00.000Z";"2023-08-08T23:59:59.999Z";"2023-08-08T19:31:00.000Z";"2023-08-08T02:09:00.000Z";"2781";3.2417086e-7;3.5057626e-7;3.1890569e-7;3.4724341e-7;2529007;18812256.07;"2023-08-08T23:59:59.999Z"
"2023-08-07T00:00:00.000Z";"2023-08-07T23:59:59.999Z";"2023-08-07T14:17:00.000Z";"2023-08-07T01:01:00.000Z";"2781";3.1617077e-7;3.318914e-7;3.147697e-7;3.242207e-7;4032168.21;17564977.74;"2023-08-07T23:59:59.999Z"
"2023-08-06T00:00:00.000Z";"2023-08-06T23:59:59.999Z";"2023-08-06T00:45:00.000Z";"2023-08-06T23:56:00.000Z";"2781";3.236038e-7;3.2440047e-7;3.1547877e-7;3.1616026e-7;2326720.68;17128295.75;"2023-08-06T23:59:59.999Z"
"2023-08-05T00:00:00.000Z";"2023-08-05T23:59:59.999Z";"2023-08-05T02:31:00.000Z";"2023-08-05T16:43:00.000Z";"2781";3.2960276e-7;3.3182283e-7;3.2056708e-7;3.2361657e-7;2300697.8;17532248.66;"2023-08-05T23:59:59.999Z"
"2023-08-04T00:00:00.000Z";"2023-08-04T23:59:59.999Z";"2023-08-04T15:04:00.000Z";"2023-08-04T21:01:00.000Z";"2781";3.4253735e-7;3.4771793e-7;3.2674817e-7;3.2968468e-7;2764371.22;17860994.58;"2023-08-04T23:59:59.999Z"
"2023-08-03T00:00:00.000Z";"2023-08-03T23:59:59.999Z";"2023-08-03T17:19:00.000Z";"2023-08-03T07:32:00.000Z";"2781";3.3575769e-7;3.4668047e-7;3.2645615e-7;3.4259633e-7;2967174.09;18560496.08;"2023-08-03T23:59:59.999Z"
"2023-08-02T00:00:00.000Z";"2023-08-02T23:59:59.999Z";"2023-08-02T00:10:00.000Z";"2023-08-02T23:28:00.000Z";"2781";3.7799931e-7;3.8002577e-7;3.3464655e-7;3.3581899e-7;3909034.04;18193326.75;"2023-08-02T23:59:59.999Z"
"2023-08-01T00:00:00.000Z";"2023-08-01T23:59:59.999Z";"2023-08-01T23:46:00.000Z";"2023-08-01T05:26:00.000Z";"2781";3.275936e-7;3.7957952e-7;3.1887581e-7;3.7774602e-7;3208834.59;20464765.23;"2023-08-01T23:59:59.999Z"
"2023-07-31T00:00:00.000Z";"2023-07-31T23:59:59.999Z";"2023-07-31T01:05:00.000Z";"2023-07-31T23:14:00.000Z";"2781";3.4508605e-7;3.4783778e-7;3.2628517e-7;3.2762651e-7;2920218.53;17749490.96;"2023-07-31T23:59:59.999Z"
"2023-07-30T00:00:00.000Z";"2023-07-30T23:59:59.999Z";"2023-07-30T18:16:00.000Z";"2023-07-30T20:13:00.000Z";"2781";3.5241911e-7;3.5372101e-7;3.4297171e-7;3.4502007e-7;2468268.06;18691804.39;"2023-07-30T23:59:59.999Z"
"2023-07-29T00:00:00.000Z";"2023-07-29T23:59:59.999Z";"2023-07-29T23:45:00.000Z";"2023-07-29T23:05:00.000Z";"2781";3.474924e-7;3.5561102e-7;3.4479715e-7;3.525298e-7;2722157.08;19098651.19;"2023-07-29T23:59:59.999Z"
"2023-07-28T00:00:00.000Z";"2023-07-28T23:59:59.999Z";"2023-07-28T17:31:00.000Z";"2023-07-28T00:12:00.000Z";"2781";3.4409066e-7;3.5827542e-7;3.4402756e-7;3.4754614e-7;2992980.34;18828656.94;"2023-07-28T23:59:59.999Z"
"2023-07-27T00:00:00.000Z";"2023-07-27T23:59:59.999Z";"2023-07-27T00:29:00.000Z";"2023-07-27T20:48:00.000Z";"2781";3.5220091e-7;3.5293033e-7;3.3935172e-7;3.4408946e-7;3441383.76;18641387.85;"2023-07-27T23:59:59.999Z"
"2023-07-26T00:00:00.000Z";"2023-07-26T23:59:59.999Z";"2023-07-26T15:50:00.000Z";"2023-07-26T02:36:00.000Z";"2781";3.3287299e-7;3.5881762e-7;3.3143019e-7;3.5207202e-7;3629141.87;19073850.64;"2023-07-26T23:59:59.999Z"
"2023-07-25T00:00:00.000Z";"2023-07-25T23:59:59.999Z";"2023-07-25T05:52:00.000Z";"2023-07-25T20:59:00.000Z";"2781";3.3699464e-7;3.4092726e-7;3.3127424e-7;3.3285902e-7;2655810.14;18032967.25;"2023-07-25T23:59:59.999Z"
"2023-07-24T00:00:00.000Z";"2023-07-24T23:59:59.999Z";"2023-07-24T22:55:00.000Z";"2023-07-24T10:05:00.000Z";"2781";3.3692402e-7;3.3938281e-7;3.1692105e-7;3.3696755e-7;3432586.37;18255551.31;"2023-07-24T23:59:59.999Z"
"2023-07-23T00:00:00.000Z";"2023-07-23T23:59:59.999Z";"2023-07-23T15:18:00.000Z";"2023-07-23T01:01:00.000Z";"2781";3.3014842e-7;3.4530273e-7;3.2672681e-7;3.368957e-7;3910500.5;18251658.35;"2023-07-23T23:59:59.999Z"
"2023-07-22T00:00:00.000Z";"2023-07-22T23:59:59.999Z";"2023-07-22T00:08:00.000Z";"2023-07-22T23:52:00.000Z";"2781";3.4770026e-7;3.4812137e-7;3.2915107e-7;3.301957e-7;3284236.37;17888679.43;"2023-07-22T23:59:59.999Z"
"2023-07-21T00:00:00.000Z";"2023-07-21T23:59:59.999Z";"2023-07-21T04:13:00.000Z";"2023-07-21T08:13:00.000Z";"2781";3.477764e-7;3.5111394e-7;3.4369228e-7;3.4771447e-7;2714334.96;18837776.01;"2023-07-21T23:59:59.999Z"
"2023-07-20T00:00:00.000Z";"2023-07-20T23:59:59.999Z";"2023-07-20T13:55:00.000Z";"2023-07-20T20:38:00.000Z";"2781";3.5712715e-7;3.6937792e-7;3.3586021e-7;3.47848e-7;3360340.83;18845010.53;"2023-07-20T23:59:59.999Z"
"2023-07-19T00:00:00.000Z";"2023-07-19T23:59:59.999Z";"2023-07-19T07:46:00.000Z";"2023-07-19T00:08:00.000Z";"2781";3.5160697e-7;3.667456e-7;3.514656e-7;3.5714967e-7;2604746.04;19348937.46;"2023-07-19T23:59:59.999Z"
"2023-07-18T00:00:00.000Z";"2023-07-18T23:59:59.999Z";"2023-07-18T01:43:00.000Z";"2023-07-18T14:43:00.000Z";"2781";3.5689278e-7;3.5891905e-7;3.4423182e-7;3.5170699e-7;2209787.67;19054074.94;"2023-07-18T23:59:59.999Z"
"2023-07-17T00:00:00.000Z";"2023-07-17T23:59:59.999Z";"2023-07-17T05:38:00.000Z";"2023-07-17T18:52:00.000Z";"2781";3.6538236e-7;3.6967128e-7;3.4286479e-7;3.5685374e-7;1817254.39;19332905.4;"2023-07-17T23:59:59.999Z"
"2023-07-16T00:00:00.000Z";"2023-07-16T23:59:59.999Z";"2023-07-16T00:22:00.000Z";"2023-07-16T23:34:00.000Z";"2781";3.7715765e-7;3.7883117e-7;3.6459009e-7;3.6540097e-7;2236344.63;19795959.93;"2023-07-16T23:59:59.999Z"
"2023-07-15T00:00:00.000Z";"2023-07-15T23:59:59.999Z";"2023-07-15T10:19:00.000Z";"2023-07-15T22:50:00.000Z";"2781";3.9206543e-7;4.1317088e-7;3.7373915e-7;3.7703751e-7;2899135.33;20426381.14;"2023-07-15T23:59:59.999Z"
"2023-07-14T00:00:00.000Z";"2023-07-14T23:59:59.999Z";"2023-07-14T15:23:00.000Z";"2023-07-14T00:30:00.000Z";"2781";3.6695599e-7;4.3925853e-7;3.6537509e-7;3.9211249e-7;4203503.01;21243083.1;"2023-07-14T23:59:59.999Z"
"2023-07-13T00:00:00.000Z";"2023-07-13T23:59:59.999Z";"2023-07-13T18:28:00.000Z";"2023-07-13T06:07:00.000Z";"2781";3.3986447e-7;3.765834e-7;3.3532341e-7;3.6737693e-7;3465545.75;19903009.18;"2023-07-13T23:59:59.999Z"
"2023-07-12T00:00:00.000Z";"2023-07-12T23:59:59.999Z";"2023-07-12T08:39:00.000Z";"2023-07-12T21:16:00.000Z";"2781";3.4935113e-7;3.502422e-7;3.3913682e-7;3.3997913e-7;2069076.51;18418706.35;"2023-07-12T23:59:59.999Z"
"2023-07-11T00:00:00.000Z";"2023-07-11T23:59:59.999Z";"2023-07-11T13:30:00.000Z";"2023-07-11T01:31:00.000Z";"2781";3.4062077e-7;3.6043281e-7;3.3982349e-7;3.4938122e-7;2569060.31;18928073.93;"2023-07-11T23:59:59.999Z"
"2023-07-10T00:00:00.000Z";"2023-07-10T23:59:59.999Z";"2023-07-10T21:17:00.000Z";"2023-07-10T12:51:00.000Z";"2781";3.4439348e-7;3.4607902e-7;3.3071579e-7;3.404996e-7;1955512.74;18446903.63;"2023-07-10T23:59:59.999Z"
"2023-07-09T00:00:00.000Z";"2023-07-09T23:59:59.999Z";"2023-07-09T01:11:00.000Z";"2023-07-09T21:01:00.000Z";"2781";3.5108632e-7;3.5570481e-7;3.4069086e-7;3.4453113e-7;1784000.4;18665315.48;"2023-07-09T23:59:59.999Z"
"2023-07-08T00:00:00.000Z";"2023-07-08T23:59:59.999Z";"2023-07-08T08:52:00.000Z";"2023-07-08T05:12:00.000Z";"2781";3.522801e-7;3.6553236e-7;3.4563762e-7;3.5103404e-7;2117980.95;19017617.24;"2023-07-08T23:59:59.999Z"
"2023-07-07T00:00:00.000Z";"2023-07-07T23:59:59.999Z";"2023-07-07T15:04:00.000Z";"2023-07-07T12:31:00.000Z";"2781";3.478965e-7;3.6574205e-7;3.3745981e-7;3.5223817e-7;1871998.74;19082852.06;"2023-07-07T23:59:59.999Z"
"2023-07-06T00:00:00.000Z";"2023-07-06T23:59:59.999Z";"2023-07-06T22:39:00.000Z";"2023-07-06T14:40:00.000Z";"2781";3.4365817e-7;3.5795755e-7;3.2743272e-7;3.4763119e-7;1955270.27;18833264.13;"2023-07-06T23:59:59.999Z"
"2023-07-05T00:00:00.000Z";"2023-07-05T23:59:59.999Z";"2023-07-05T00:30:00.000Z";"2023-07-05T15:55:00.000Z";"2781";3.5801949e-7;3.594569e-7;3.3590644e-7;3.4366188e-7;1277601.33;18618222.95;"2023-07-05T23:59:59.999Z"
"2023-07-04T00:00:00.000Z";"2023-07-04T23:59:59.999Z";"2023-07-04T16:46:00.000Z";"2023-07-04T20:05:00.000Z";"2781";3.6644234e-7;3.7072747e-7;3.5533419e-7;3.5801972e-7;1454814.36;19396073.08;"2023-07-04T23:59:59.999Z"
"2023-07-03T00:00:00.000Z";"2023-07-03T23:59:59.999Z";"2023-07-03T16:03:00.000Z";"2023-07-03T06:56:00.000Z";"2781";3.7133532e-7;3.758443e-7;3.636941e-7;3.6642209e-7;1508761.11;19851280.26;"2023-07-03T23:59:59.999Z"
"2023-07-02T00:00:00.000Z";"2023-07-02T23:59:59.999Z";"2023-07-02T22:41:00.000Z";"2023-07-02T04:25:00.000Z";"2781";3.6653374e-7;3.7333033e-7;3.5727162e-7;3.7138381e-7;1593530.09;20120086.34;"2023-07-02T23:59:59.999Z"
"2023-07-01T00:00:00.000Z";"2023-07-01T23:59:59.999Z";"2023-07-01T22:13:00.000Z";"2023-07-01T06:02:00.000Z";"2781";3.645896e-7;3.6807818e-7;3.5348175e-7;3.6602459e-7;1598788.26;19829744.98;"2023-07-01T23:59:59.999Z"
"2023-06-30T00:00:00.000Z";"2023-06-30T23:59:59.999Z";"2023-06-30T04:11:00.000Z";"2023-06-30T14:52:00.000Z";"2781";3.581072e-7;3.8245331e-7;3.4651669e-7;3.6450904e-7;2564024.59;19747638.6;"2023-06-30T23:59:59.999Z"
"2023-06-29T00:00:00.000Z";"2023-06-29T23:59:59.999Z";"2023-06-29T12:23:00.000Z";"2023-06-29T03:01:00.000Z";"2781";3.4660891e-7;3.7437603e-7;3.2772964e-7;3.5822903e-7;2563192.04;19407412.88;"2023-06-29T23:59:59.999Z"
"2023-06-28T00:00:00.000Z";"2023-06-28T23:59:59.999Z";"2023-06-28T22:28:00.000Z";"2023-06-28T20:24:00.000Z";"2781";3.7097463e-7;3.752612e-7;3.3221013e-7;3.4655549e-7;2565948.02;18774987.37;"2023-06-28T23:59:59.999Z"
"2023-06-27T00:00:00.000Z";"2023-06-27T23:59:59.999Z";"2023-06-27T22:14:00.000Z";"2023-06-27T01:29:00.000Z";"2781";3.6462019e-7;3.7848038e-7;3.6223956e-7;3.7083263e-7;1667513.35;20090225.29;"2023-06-27T23:59:59.999Z"
"2023-06-26T00:00:00.000Z";"2023-06-26T23:59:59.999Z";"2023-06-26T00:02:00.000Z";"2023-06-26T22:03:00.000Z";"2781";3.9712374e-7;3.9714476e-7;3.6311144e-7;3.6458069e-7;2071507.39;19751520.13;"2023-06-26T23:59:59.999Z"
"2023-06-25T00:00:00.000Z";"2023-06-25T23:59:59.999Z";"2023-06-25T20:34:00.000Z";"2023-06-25T15:03:00.000Z";"2781";3.7323492e-7;4.2745098e-7;3.6307691e-7;3.9718079e-7;3478869.17;21517663;"2023-06-25T23:59:59.999Z"
"2023-06-24T00:00:00.000Z";"2023-06-24T23:59:59.999Z";"2023-06-24T04:28:00.000Z";"2023-06-24T21:21:00.000Z";"2781";4.146238e-7;4.754293e-7;3.6821559e-7;3.7330276e-7;6318552.71;20224047.22;"2023-06-24T23:59:59.999Z"
"2023-06-23T00:00:00.000Z";"2023-06-23T23:59:59.999Z";"2023-06-23T23:59:00.000Z";"2023-06-23T14:05:00.000Z";"2781";3.4381817e-7;4.1500985e-7;3.2607824e-7;4.1500985e-7;4161172.79;22483570.31;"2023-06-23T23:59:59.999Z"
"2023-06-22T00:00:00.000Z";"2023-06-22T23:59:59.999Z";"2023-06-22T03:49:00.000Z";"2023-06-22T19:17:00.000Z";"2781";3.6961795e-7;3.7994535e-7;3.3931741e-7;3.4360637e-7;2149877.63;18615215.6;"2023-06-22T23:59:59.999Z"
"2023-06-21T00:00:00.000Z";"2023-06-21T23:59:59.999Z";"2023-06-21T23:42:00.000Z";"2023-06-21T00:11:00.000Z";"2781";3.2152507e-7;3.7138132e-7;3.2053696e-7;3.6971593e-7;2418729.74;20029727.18;"2023-06-21T23:59:59.999Z"
"2023-06-20T00:00:00.000Z";"2023-06-20T23:59:59.999Z";"2023-06-20T19:56:00.000Z";"2023-06-20T09:22:00.000Z";"2781";3.1340602e-7;3.2190919e-7;3.0341777e-7;3.2151937e-7;2005561.9;17418630.7;"2023-06-20T23:59:59.999Z"
"2023-06-19T00:00:00.000Z";"2023-06-19T23:59:59.999Z";"2023-06-19T23:40:00.000Z";"2023-06-19T01:12:00.000Z";"2781";2.9829016e-7;3.1379677e-7;2.9721311e-7;3.1341884e-7;2287454.92;16979776.45;"2023-06-19T23:59:59.999Z"
"2023-06-18T00:00:00.000Z";"2023-06-18T23:59:59.999Z";"2023-06-18T16:42:00.000Z";"2023-06-18T23:05:00.000Z";"2781";3.1253779e-7;3.1626065e-7;2.9582627e-7;2.9828981e-7;2133979.82;0;"2023-06-18T23:59:59.999Z"
"2023-06-17T00:00:00.000Z";"2023-06-17T23:59:59.999Z";"2023-06-17T16:35:00.000Z";"2023-06-17T03:44:00.000Z";"2781";3.1705311e-7;3.3073964e-7;3.0864255e-7;3.1261388e-7;2420454.05;0;"2023-06-17T23:59:59.999Z"
"2023-06-16T00:00:00.000Z";"2023-06-16T23:59:59.999Z";"2023-06-16T19:50:00.000Z";"2023-06-16T14:56:00.000Z";"2781";2.9058178e-7;3.2350143e-7;2.8984529e-7;3.1707276e-7;2663545.92;0;"2023-06-16T23:59:59.999Z"
"2023-06-15T00:00:00.000Z";"2023-06-15T23:59:59.999Z";"2023-06-15T21:20:00.000Z";"2023-06-15T07:13:00.000Z";"2781";2.790721e-7;3.0014464e-7;2.7810909e-7;2.905857e-7;2516860.26;0;"2023-06-15T23:59:59.999Z"
"2023-06-14T00:00:00.000Z";"2023-06-14T23:59:59.999Z";"2023-06-14T02:36:00.000Z";"2023-06-14T21:44:00.000Z";"2781";2.9368858e-7;3.0220228e-7;2.7286424e-7;2.7904009e-7;2158802.51;0;"2023-06-14T23:59:59.999Z"
"2023-06-13T00:00:00.000Z";"2023-06-13T23:59:59.999Z";"2023-06-13T12:37:00.000Z";"2023-06-13T04:47:00.000Z";"2781";2.9046773e-7;2.9594661e-7;2.8863925e-7;2.9366362e-7;2353116.52;0;"2023-06-13T23:59:59.999Z"
"2023-06-12T00:00:00.000Z";"2023-06-12T23:59:59.999Z";"2023-06-12T00:04:00.000Z";"2023-06-12T20:37:00.000Z";"2781";3.0918214e-7;3.09686e-7;2.8546981e-7;2.9043734e-7;2366623.41;0;"2023-06-12T23:59:59.999Z"
"2023-06-11T00:00:00.000Z";"2023-06-11T23:59:59.999Z";"2023-06-11T11:35:00.000Z";"2023-06-11T05:53:00.000Z";"2781";3.1403844e-7;3.1554072e-7;3.040947e-7;3.092519e-7;2077014.35;0;"2023-06-11T23:59:59.999Z"
"2023-06-10T00:00:00.000Z";"2023-06-10T23:59:59.999Z";"2023-06-10T00:01:00.000Z";"2023-06-10T06:51:00.000Z";"2781";3.6392611e-7;3.6430801e-7;2.7392277e-7;3.1407116e-7;3823375.55;0;"2023-06-10T23:59:59.999Z"
"2023-06-09T00:00:00.000Z";"2023-06-09T23:59:59.999Z";"2023-06-09T04:16:00.000Z";"2023-06-09T23:46:00.000Z";"2781";3.8865299e-7;3.9281049e-7;3.6174399e-7;3.6385551e-7;2517468.2;0;"2023-06-09T23:59:59.999Z"
"2023-06-08T00:00:00.000Z";"2023-06-08T23:59:59.999Z";"2023-06-08T21:47:00.000Z";"2023-06-08T03:34:00.000Z";"2781";3.8218224e-7;3.9501086e-7;3.7972217e-7;3.8869328e-7;2651483.94;0;"2023-06-08T23:59:59.999Z"
"2023-06-07T00:00:00.000Z";"2023-06-07T23:59:59.999Z";"2023-06-07T00:29:00.000Z";"2023-06-07T23:19:00.000Z";"2781";4.0918384e-7;4.0992446e-7;3.8038694e-7;3.8218288e-7;2541161.54;0;"2023-06-07T23:59:59.999Z"
"2023-06-06T00:00:00.000Z";"2023-06-06T23:59:59.999Z";"2023-06-06T20:15:00.000Z";"2023-06-06T13:25:00.000Z";"2781";3.9132923e-7;4.2696225e-7;3.8552636e-7;4.0915323e-7;4020640.73;0;"2023-06-06T23:59:59.999Z"
"2023-06-05T00:00:00.000Z";"2023-06-05T23:59:59.999Z";"2023-06-05T00:00:00.000Z";"2023-06-05T22:19:00.000Z";"2781";4.5231941e-7;4.5231941e-7;3.8275525e-7;3.9133222e-7;3838880.74;0;"2023-06-05T23:59:59.999Z"
"2023-06-04T00:00:00.000Z";"2023-06-04T23:59:59.999Z";"2023-06-04T14:54:00.000Z";"2023-06-04T00:50:00.000Z";"2781";4.3379059e-7;4.8049407e-7;4.2382593e-7;4.523736e-7;3957464.45;0;"2023-06-04T23:59:59.999Z"
"2023-06-03T00:00:00.000Z";"2023-06-03T23:59:59.999Z";"2023-06-03T04:25:00.000Z";"2023-06-03T22:31:00.000Z";"2781";4.8070493e-7;4.8123245e-7;4.2706014e-7;4.3363468e-7;3544851.15;0;"2023-06-03T23:59:59.999Z"
"2023-06-02T00:00:00.000Z";"2023-06-02T23:59:59.999Z";"2023-06-02T14:08:00.000Z";"2023-06-02T00:27:00.000Z";"2781";4.7408466e-7;4.8725562e-7;4.7221388e-7;4.8055775e-7;2798286.59;0;"2023-06-02T23:59:59.999Z"
"2023-06-01T00:00:00.000Z";"2023-06-01T23:59:59.999Z";"2023-06-01T15:34:00.000Z";"2023-06-01T23:58:00.000Z";"2781";5.0362892e-7;5.1554237e-7;4.7156435e-7;4.7167679e-7;4553517.76;0;"2023-06-01T23:59:59.999Z"
"2023-05-31T00:00:00.000Z";"2023-05-31T23:59:59.999Z";"2023-05-31T03:36:00.000Z";"2023-05-31T14:57:00.000Z";"2781";6.5740906e-7;6.6941271e-7;4.7571809e-7;5.0363851e-7;14033341.88;0;"2023-05-31T23:59:59.999Z"
"2023-05-30T00:00:00.000Z";"2023-05-30T23:59:59.999Z";"2023-05-30T21:05:00.000Z";"2023-05-30T00:05:00.000Z";"2781";5.6054811e-7;6.6404299e-7;5.5939955e-7;6.5738264e-7;8905786.75;0;"2023-05-30T23:59:59.999Z"
"2023-05-29T00:00:00.000Z";"2023-05-29T23:59:59.999Z";"2023-05-29T19:23:00.000Z";"2023-05-29T04:55:00.000Z";"2781";5.3173372e-7;5.9901474e-7;4.9852503e-7;5.6076796e-7;7057660.24;0;"2023-05-29T23:59:59.999Z"
"2023-05-28T00:00:00.000Z";"2023-05-28T23:59:59.999Z";"2023-05-28T00:01:00.000Z";"2023-05-28T02:43:00.000Z";"2781";5.4824429e-7;5.5011991e-7;4.8743936e-7;5.3169238e-7;10335142.91;0;"2023-05-28T23:59:59.999Z"
"2023-05-27T00:00:00.000Z";"2023-05-27T23:59:59.999Z";"2023-05-27T22:39:00.000Z";"2023-05-27T03:27:00.000Z";"2781";3.9994351e-7;5.9642091e-7;3.8663983e-7;5.4857125e-7;7464830.92;0;"2023-05-27T23:59:59.999Z"
"2023-05-26T00:00:00.000Z";"2023-05-26T23:59:59.999Z";"2023-05-26T01:24:00.000Z";"2023-05-26T11:58:00.000Z";"2781";4.0211925e-7;4.0613266e-7;3.974923e-7;4.0001147e-7;1351149.93;0;"2023-05-26T23:59:59.999Z"
"2023-05-25T00:00:00.000Z";"2023-05-25T23:59:59.999Z";"2023-05-25T23:19:00.000Z";"2023-05-25T08:38:00.000Z";"2781";3.940932e-7;4.0323961e-7;3.9181705e-7;4.0219602e-7;1890766.77;0;"2023-05-25T23:59:59.999Z"
"2023-05-24T00:00:00.000Z";"2023-05-24T23:59:59.999Z";"2023-05-24T00:00:00.000Z";"2023-05-24T14:09:00.000Z";"2781";4.0343545e-7;4.0343545e-7;3.7327536e-7;3.9389016e-7;2565267.53;0;"2023-05-24T23:59:59.999Z"
"2023-05-23T00:00:00.000Z";"2023-05-23T23:59:59.999Z";"2023-05-23T03:41:00.000Z";"2023-05-23T12:34:00.000Z";"2781";4.0329472e-7;4.1131629e-7;3.97581e-7;4.0341751e-7;2472955.4;0;"2023-05-23T23:59:59.999Z"
"2023-05-22T00:00:00.000Z";"2023-05-22T23:59:59.999Z";"2023-05-22T00:07:00.000Z";"2023-05-22T02:16:00.000Z";"2781";4.0770789e-7;4.0846396e-7;3.9126708e-7;4.0323614e-7;1774091.29;0;"2023-05-22T23:59:59.999Z"
"2023-05-21T00:00:00.000Z";"2023-05-21T23:59:59.999Z";"2023-05-21T00:01:00.000Z";"2023-05-21T21:54:00.000Z";"2781";4.3299485e-7;4.3303932e-7;4.0688144e-7;4.0771188e-7;1564102.68;0;"2023-05-21T23:59:59.999Z"
"2023-05-20T00:00:00.000Z";"2023-05-20T23:59:59.999Z";"2023-05-20T07:53:00.000Z";"2023-05-20T01:09:00.000Z";"2781";4.2668708e-7;4.3729865e-7;4.2209082e-7;4.3285256e-7;1968381.81;0;"2023-05-20T23:59:59.999Z"
"2023-05-19T00:00:00.000Z";"2023-05-19T23:59:59.999Z";"2023-05-19T23:58:00.000Z";"2023-05-19T03:05:00.000Z";"2781";4.1923647e-7;4.2658355e-7;4.14493e-7;4.2656751e-7;1558786.34;0;"2023-05-19T23:59:59.999Z"
"2023-05-18T00:00:00.000Z";"2023-05-18T23:59:59.999Z";"2023-05-18T08:02:00.000Z";"2023-05-18T18:21:00.000Z";"2781";4.3108231e-7;4.3123102e-7;4.1459015e-7;4.1922279e-7;1660166.79;0;"2023-05-18T23:59:59.999Z"
"2023-05-17T00:00:00.000Z";"2023-05-17T23:59:59.999Z";"2023-05-17T05:28:00.000Z";"2023-05-17T16:08:00.000Z";"2781";4.3713924e-7;4.4943812e-7;4.2069058e-7;4.3108894e-7;2120101.71;0;"2023-05-17T23:59:59.999Z"
"2023-05-16T00:00:00.000Z";"2023-05-16T23:59:59.999Z";"2023-05-16T00:01:00.000Z";"2023-05-16T21:13:00.000Z";"2781";4.8564442e-7;4.8573992e-7;4.266247e-7;4.3712225e-7;2529901.88;0;"2023-05-16T23:59:59.999Z"
"2023-05-15T00:00:00.000Z";"2023-05-15T23:59:59.999Z";"2023-05-15T22:35:00.000Z";"2023-05-15T01:25:00.000Z";"2781";4.3219898e-7;4.947131e-7;4.2339846e-7;4.8469877e-7;3375480.64;0;"2023-05-15T23:59:59.999Z"
"2023-05-14T00:00:00.000Z";"2023-05-14T23:59:59.999Z";"2023-05-14T04:57:00.000Z";"2023-05-14T00:24:00.000Z";"2781";4.2523108e-7;4.4000044e-7;4.2418276e-7;4.3221923e-7;2027601.14;0;"2023-05-14T23:59:59.999Z"
"2023-05-13T00:00:00.000Z";"2023-05-13T23:59:59.999Z";"2023-05-13T05:01:00.000Z";"2023-05-13T00:00:00.000Z";"2781";3.8728917e-7;4.35781e-7;3.8728917e-7;4.2518955e-7;5192181.38;0;"2023-05-13T23:59:59.999Z"
"2023-05-12T00:00:00.000Z";"2023-05-12T23:59:59.999Z";"2023-05-12T23:23:00.000Z";"2023-05-12T19:32:00.000Z";"2781";3.7467465e-7;3.9021724e-7;3.5601561e-7;3.8728385e-7;3299350.33;0;"2023-05-12T23:59:59.999Z"
"2023-05-11T00:00:00.000Z";"2023-05-11T23:59:59.999Z";"2023-05-11T05:04:00.000Z";"2023-05-11T20:31:00.000Z";"2781";4.1148206e-7;4.1431619e-7;3.6379786e-7;3.7476407e-7;2594307.63;0;"2023-05-11T23:59:59.999Z"
"2023-05-10T00:00:00.000Z";"2023-05-10T23:59:59.999Z";"2023-05-10T00:00:00.000Z";"2023-05-10T17:28:00.000Z";"2781";4.4583141e-7;4.4583141e-7;3.9451907e-7;4.1208113e-7;3397666.23;0;"2023-05-10T23:59:59.999Z"
"2023-05-09T00:00:00.000Z";"2023-05-09T23:59:59.999Z";"2023-05-09T01:34:00.000Z";"2023-05-09T17:58:00.000Z";"2781";4.3941231e-7;4.4683747e-7;4.2158499e-7;4.4566806e-7;2718871.29;0;"2023-05-09T23:59:59.999Z"
"2023-05-08T00:00:00.000Z";"2023-05-08T23:59:59.999Z";"2023-05-08T00:30:00.000Z";"2023-05-08T18:16:00.000Z";"2781";5.2076654e-7;5.2552683e-7;4.3596936e-7;4.3949152e-7;3002420.17;0;"2023-05-08T23:59:59.999Z"
"2023-05-07T00:00:00.000Z";"2023-05-07T23:59:59.999Z";"2023-05-07T17:09:00.000Z";"2023-05-07T00:00:00.000Z";"2781";4.9694248e-7;5.5481791e-7;4.9694248e-7;5.2082646e-7;3184142.02;0;"2023-05-07T23:59:59.999Z"
"2023-05-06T00:00:00.000Z";"2023-05-06T23:59:59.999Z";"2023-05-06T00:30:00.000Z";"2023-05-06T16:53:00.000Z";"2781";5.5528375e-7;5.5647306e-7;4.8769614e-7;4.9696228e-7;2682850.62;0;"2023-05-06T23:59:59.999Z"
"2023-05-05T00:00:00.000Z";"2023-05-05T23:59:59.999Z";"2023-05-05T00:44:00.000Z";"2023-05-05T15:14:00.000Z";"2781";5.7643619e-7;5.7922952e-7;5.3855136e-7;5.5571205e-7;6279578.8;0;"2023-05-05T23:59:59.999Z"
"2023-05-04T00:00:00.000Z";"2023-05-04T23:59:59.999Z";"2023-05-04T06:04:00.000Z";"2023-05-04T23:55:00.000Z";"2781";5.9311578e-7;6.1247459e-7;5.7624076e-7;5.7662378e-7;3047640.4;0;"2023-05-04T23:59:59.999Z"
"2023-05-03T00:00:00.000Z";"2023-05-03T23:59:59.999Z";"2023-05-03T00:16:00.000Z";"2023-05-03T13:27:00.000Z";"2781";6.2478673e-7;6.3012024e-7;5.6217704e-7;5.9306044e-7;3424966.51;0;"2023-05-03T23:59:59.999Z"
"2023-05-02T00:00:00.000Z";"2023-05-02T23:59:59.999Z";"2023-05-02T01:01:00.000Z";"2023-05-02T21:10:00.000Z";"2781";6.3743507e-7;6.4028651e-7;6.1777571e-7;6.2512293e-7;2072578.32;0;"2023-05-02T23:59:59.999Z"
"2023-05-01T00:00:00.000Z";"2023-05-01T23:59:59.999Z";"2023-05-01T00:00:00.000Z";"2023-05-01T02:53:00.000Z";"2781";6.9816755e-7;6.9816755e-7;6.3151825e-7;6.3748042e-7;4320643.85;0;"2023-05-01T23:59:59.999Z"
"2023-04-30T00:00:00.000Z";"2023-04-30T23:59:59.999Z";"2023-04-30T18:57:00.000Z";"2023-04-30T02:15:00.000Z";"2781";6.1996313e-7;7.3707069e-7;6.1088304e-7;6.9830178e-7;4448576.91;0;"2023-04-30T23:59:59.999Z"
"2023-04-29T00:00:00.000Z";"2023-04-29T23:59:59.999Z";"2023-04-29T00:09:00.000Z";"2023-04-29T23:54:00.000Z";"2781";6.3164826e-7;6.3456869e-7;6.1771158e-7;6.2006472e-7;1541327.77;0;"2023-04-29T23:59:59.999Z"
"2023-04-28T00:00:00.000Z";"2023-04-28T23:59:59.999Z";"2023-04-28T22:32:00.000Z";"2023-04-28T15:34:00.000Z";"2781";6.2615369e-7;6.4003295e-7;6.1536245e-7;6.3197679e-7;1690969.87;0;"2023-04-28T23:59:59.999Z"
"2023-04-27T00:00:00.000Z";"2023-04-27T23:59:59.999Z";"2023-04-27T18:58:00.000Z";"2023-04-27T08:20:00.000Z";"2781";6.1752205e-7;6.4295786e-7;6.1257954e-7;6.2665383e-7;2068284.78;0;"2023-04-27T23:59:59.999Z"
"2023-04-26T00:00:00.000Z";"2023-04-26T23:59:59.999Z";"2023-04-26T00:40:00.000Z";"2023-04-26T20:34:00.000Z";"2781";6.5323227e-7;6.7288075e-7;6.0769887e-7;6.1736522e-7;2871308.54;0;"2023-04-26T23:59:59.999Z"
"2023-04-25T00:00:00.000Z";"2023-04-25T23:59:59.999Z";"2023-04-25T23:52:00.000Z";"2023-04-25T08:07:00.000Z";"2781";6.2171375e-7;6.5370892e-7;6.0905941e-7;6.5354817e-7;2414157.24;0;"2023-04-25T23:59:59.999Z"
"2023-04-24T00:00:00.000Z";"2023-04-24T23:59:59.999Z";"2023-04-24T09:40:00.000Z";"2023-04-24T12:53:00.000Z";"2781";6.677548e-7;6.7828052e-7;6.2070509e-7;6.2210714e-7;5545153.59;0;"2023-04-24T23:59:59.999Z"
"2023-04-23T00:00:00.000Z";"2023-04-23T23:59:59.999Z";"2023-04-23T00:08:00.000Z";"2023-04-23T18:56:00.000Z";"2781";7.2706445e-7;7.2727336e-7;6.5426931e-7;6.674826e-7;2297367.52;0;"2023-04-23T23:59:59.999Z"
"2023-04-22T00:00:00.000Z";"2023-04-22T23:59:59.999Z";"2023-04-22T23:50:00.000Z";"2023-04-22T11:49:00.000Z";"2781";7.1791099e-7;7.2754674e-7;6.7761565e-7;7.2711854e-7;2561482.17;0;"2023-04-22T23:59:59.999Z"
"2023-04-21T00:00:00.000Z";"2023-04-21T23:59:59.999Z";"2023-04-21T17:16:00.000Z";"2023-04-21T07:10:00.000Z";"2781";7.1660056e-7;7.4834934e-7;7.0542134e-7;7.1798878e-7;2432146.47;0;"2023-04-21T23:59:59.999Z"
"2023-04-20T00:00:00.000Z";"2023-04-20T23:59:59.999Z";"2023-04-20T00:50:00.000Z";"2023-04-20T18:08:00.000Z";"2781";8.253355e-7;8.3198602e-7;6.7962132e-7;7.1619606e-7;3425682.44;0;"2023-04-20T23:59:59.999Z"
"2023-04-19T00:00:00.000Z";"2023-04-19T23:59:59.999Z";"2023-04-19T00:09:00.000Z";"2023-04-19T23:45:00.000Z";"2781";9.6145736e-7;9.6245473e-7;8.2414442e-7;8.2508143e-7;3449381.84;0;"2023-04-19T23:59:59.999Z"
"2023-04-18T00:00:00.000Z";"2023-04-18T23:59:59.999Z";"2023-04-18T22:14:00.000Z";"2023-04-18T03:53:00.000Z";"2781";9.2903469e-7;9.7636169e-7;8.8467874e-7;9.6153242e-7;4437972.82;0;"2023-04-18T23:59:59.999Z"
"2023-04-17T00:00:00.000Z";"2023-04-17T23:59:59.999Z";"2023-04-17T09:24:00.000Z";"2023-04-17T16:10:00.000Z";"2781";9.604236e-7;9.8000552e-7;9.0293809e-7;9.2946355e-7;5349318.28;0;"2023-04-17T23:59:59.999Z"
"2023-04-16T00:00:00.000Z";"2023-04-16T23:59:59.999Z";"2023-04-16T20:01:00.000Z";"2023-04-16T01:22:00.000Z";"2781";8.2077575e-7;0.00000101986527;8.0098553e-7;9.6000051e-7;7006095.87;0;"2023-04-16T23:59:59.999Z"
"2023-04-15T00:00:00.000Z";"2023-04-15T23:59:59.999Z";"2023-04-15T00:38:00.000Z";"2023-04-15T06:46:00.000Z";"2781";8.2814681e-7;8.3651812e-7;7.8716553e-7;8.2042289e-7;3872158.19;0;"2023-04-15T23:59:59.999Z"
"2023-04-14T00:00:00.000Z";"2023-04-14T23:59:59.999Z";"2023-04-14T04:44:00.000Z";"2023-04-14T18:01:00.000Z";"2781";8.4607488e-7;9.4972067e-7;7.9030046e-7;8.2849767e-7;6964993.68;0;"2023-04-14T23:59:59.999Z"
"2023-04-13T00:00:00.000Z";"2023-04-13T23:59:59.999Z";"2023-04-13T15:33:00.000Z";"2023-04-13T00:02:00.000Z";"2781";7.3684561e-7;8.5547928e-7;7.3524089e-7;8.4647452e-7;7625702.44;0;"2023-04-13T23:59:59.999Z"
"2023-04-12T00:00:00.000Z";"2023-04-12T23:59:59.999Z";"2023-04-13T02:22:00.000Z";"2023-04-12T03:59:00.000Z";"2781";6.514724e-7;8.3023285e-7;6.1136272e-7;7.9560867e-7;5808965.53;0;"2023-04-12T23:59:59.999Z"
"2023-04-11T00:00:00.000Z";"2023-04-11T23:59:59.999Z";"2023-04-11T21:37:00.000Z";"2023-04-11T03:42:00.000Z";"2781";6.2573317e-7;6.6676899e-7;6.1608833e-7;6.5138589e-7;2454007;0;"2023-04-11T23:59:59.999Z"
"2023-04-10T00:00:00.000Z";"2023-04-10T23:59:59.999Z";"2023-04-10T23:16:00.000Z";"2023-04-10T07:31:00.000Z";"2781";5.5975637e-7;6.270585e-7;5.5892929e-7;6.2577126e-7;1729728.84;0;"2023-04-10T23:59:59.999Z"
"2023-04-09T00:00:00.000Z";"2023-04-09T23:59:59.999Z";"2023-04-09T22:27:00.000Z";"2023-04-09T10:19:00.000Z";"2781";5.5444255e-7;5.6226548e-7;5.3873947e-7;5.5981921e-7;1211080.07;0;"2023-04-09T23:59:59.999Z"
"2023-04-08T00:00:00.000Z";"2023-04-08T23:59:59.999Z";"2023-04-08T16:09:00.000Z";"2023-04-08T21:16:00.000Z";"2781";5.7085713e-7;5.7736516e-7;5.5247286e-7;5.544698e-7;1249069.44;0;"2023-04-08T23:59:59.999Z"
"2023-04-07T00:00:00.000Z";"2023-04-07T23:59:59.999Z";"2023-04-07T01:58:00.000Z";"2023-04-07T18:19:00.000Z";"2781";5.891032e-7;5.9683054e-7;5.3792214e-7;5.7109023e-7;1883660.66;0;"2023-04-07T23:59:59.999Z"
"2023-04-06T00:00:00.000Z";"2023-04-06T23:59:59.999Z";"2023-04-06T00:31:00.000Z";"2023-04-06T11:04:00.000Z";"2781";6.0289672e-7;6.0342704e-7;5.7706396e-7;5.8930611e-7;1337193.18;0;"2023-04-06T23:59:59.999Z"
"2023-04-05T00:00:00.000Z";"2023-04-05T23:59:59.999Z";"2023-04-05T01:18:00.000Z";"2023-04-05T15:09:00.000Z";"2781";6.2507391e-7;6.3219536e-7;5.9689681e-7;6.0285308e-7;1507809.89;0;"2023-04-05T23:59:59.999Z"
"2023-04-04T00:00:00.000Z";"2023-04-04T23:59:59.999Z";"2023-04-04T21:37:00.000Z";"2023-04-04T07:55:00.000Z";"2781";6.2487677e-7;6.3153296e-7;6.112602e-7;6.250198e-7;1890995.64;0;"2023-04-04T23:59:59.999Z"
"2023-04-03T00:00:00.000Z";"2023-04-03T23:59:59.999Z";"2023-04-03T19:40:00.000Z";"2023-04-03T04:49:00.000Z";"2781";6.2925747e-7;6.4751029e-7;5.943145e-7;6.2499561e-7;2976235.28;0;"2023-04-03T23:59:59.999Z"
"2023-04-02T00:00:00.000Z";"2023-04-02T23:59:59.999Z";"2023-04-02T00:18:00.000Z";"2023-04-02T19:58:00.000Z";"2781";6.6774186e-7;6.6869774e-7;6.2001093e-7;6.2934489e-7;2167535.93;0;"2023-04-02T23:59:59.999Z"
"2023-04-01T00:00:00.000Z";"2023-04-01T23:59:59.999Z";"2023-04-01T12:39:00.000Z";"2023-04-01T07:26:00.000Z";"2781";6.4048594e-7;6.7469564e-7;6.359806e-7;6.6159552e-7;2638159.2;0;"2023-04-01T23:59:59.999Z"
"2023-03-31T00:00:00.000Z";"2023-03-31T23:59:59.999Z";"2023-03-31T23:05:00.000Z";"2023-03-31T14:01:00.000Z";"2781";5.7313328e-7;6.574515e-7;5.6523995e-7;6.4051156e-7;2857556.23;0;"2023-03-31T23:59:59.999Z"
"2023-03-30T00:00:00.000Z";"2023-03-30T23:59:59.999Z";"2023-03-30T02:46:00.000Z";"2023-03-30T10:45:00.000Z";"2781";5.6535331e-7;5.8712119e-7;5.5388088e-7;5.7296013e-7;2570985.67;0;"2023-03-30T23:59:59.999Z"
"2023-03-29T00:00:00.000Z";"2023-03-29T23:59:59.999Z";"2023-03-29T21:21:00.000Z";"2023-03-29T00:25:00.000Z";"2781";4.9998574e-7;6.0627717e-7;4.9867567e-7;5.6530548e-7;2936629.27;0;"2023-03-29T23:59:59.999Z"
"2023-03-28T00:00:00.000Z";"2023-03-28T23:59:59.999Z";"2023-03-28T17:10:00.000Z";"2023-03-28T04:23:00.000Z";"2781";5.0502077e-7;5.1372684e-7;4.8332472e-7;5.0004043e-7;2030077.39;0;"2023-03-28T23:59:59.999Z"
"2023-03-27T00:00:00.000Z";"2023-03-27T23:59:59.999Z";"2023-03-27T04:09:00.000Z";"2023-03-27T15:14:00.000Z";"2781";5.4698359e-7;5.5072583e-7;5.0303273e-7;5.0501055e-7;1893229.78;0;"2023-03-27T23:59:59.999Z"
"2023-03-26T00:00:00.000Z";"2023-03-26T23:59:59.999Z";"2023-03-26T14:09:00.000Z";"2023-03-26T22:41:00.000Z";"2781";5.517418e-7;5.622255e-7;5.4561235e-7;5.4693003e-7;1970921.07;0;"2023-03-26T23:59:59.999Z"
"2023-03-25T00:00:00.000Z";"2023-03-25T23:59:59.999Z";"2023-03-25T04:29:00.000Z";"2023-03-25T19:07:00.000Z";"2781";5.6993622e-7;5.7457959e-7;5.3463687e-7;5.5180182e-7;1957026.4;0;"2023-03-25T23:59:59.999Z"
"2023-03-24T00:00:00.000Z";"2023-03-24T23:59:59.999Z";"2023-03-24T02:19:00.000Z";"2023-03-24T21:50:00.000Z";"2781";5.9887767e-7;6.1733057e-7;5.6697206e-7;5.7002957e-7;2197867.75;0;"2023-03-24T23:59:59.999Z"
"2023-03-23T00:00:00.000Z";"2023-03-23T23:59:59.999Z";"2023-03-23T17:55:00.000Z";"2023-03-23T14:12:00.000Z";"2781";5.9757985e-7;6.2217001e-7;5.7196613e-7;5.9881192e-7;2653900.2;0;"2023-03-23T23:59:59.999Z"
"2023-03-22T00:00:00.000Z";"2023-03-22T23:59:59.999Z";"2023-03-22T00:00:00.000Z";"2023-03-22T20:37:00.000Z";"2781";6.8875227e-7;6.8875227e-7;5.8102242e-7;5.9719252e-7;2755856.5;0;"2023-03-22T23:59:59.999Z"
"2023-03-21T00:00:00.000Z";"2023-03-21T23:59:59.999Z";"2023-03-21T15:51:00.000Z";"2023-03-21T08:43:00.000Z";"2781";6.6269669e-7;7.0416901e-7;6.5592167e-7;6.8877077e-7;2494625.73;0;"2023-03-21T23:59:59.999Z"
"2023-03-20T00:00:00.000Z";"2023-03-20T23:59:59.999Z";"2023-03-20T00:05:00.000Z";"2023-03-20T22:34:00.000Z";"2781";7.2751786e-7;7.2788837e-7;6.4925262e-7;6.6249444e-7;3379651.63;0;"2023-03-20T23:59:59.999Z"
"2023-03-19T00:00:00.000Z";"2023-03-19T23:59:59.999Z";"2023-03-19T19:38:00.000Z";"2023-03-19T05:28:00.000Z";"2781";6.2177179e-7;7.3064633e-7;6.1978766e-7;7.271169e-7;3243610.82;0;"2023-03-19T23:59:59.999Z"
"2023-03-18T00:00:00.000Z";"2023-03-18T23:59:59.999Z";"2023-03-18T04:40:00.000Z";"2023-03-18T23:52:00.000Z";"2781";6.5494164e-7;6.6420136e-7;6.2043621e-7;6.2153211e-7;2830712.85;0;"2023-03-18T23:59:59.999Z"
"2023-03-17T00:00:00.000Z";"2023-03-17T23:59:59.999Z";"2023-03-17T12:07:00.000Z";"2023-03-17T18:33:00.000Z";"2781";6.4349926e-7;6.627742e-7;6.0893667e-7;6.5480853e-7;2911244.68;0;"2023-03-17T23:59:59.999Z"
"2023-03-16T00:00:00.000Z";"2023-03-16T23:59:59.999Z";"2023-03-16T23:57:00.000Z";"2023-03-16T09:36:00.000Z";"2781";6.2111226e-7;6.4408452e-7;5.7387676e-7;6.436082e-7;2669317.13;0;"2023-03-16T23:59:59.999Z"
"2023-03-15T00:00:00.000Z";"2023-03-15T23:59:59.999Z";"2023-03-15T01:46:00.000Z";"2023-03-15T17:06:00.000Z";"2781";6.185217e-7;6.919355e-7;5.6910993e-7;6.2111047e-7;4202369.78;0;"2023-03-15T23:59:59.999Z"
"2023-03-14T00:00:00.000Z";"2023-03-14T23:59:59.999Z";"2023-03-14T06:53:00.000Z";"2023-03-14T09:34:00.000Z";"2781";5.5159554e-7;6.2233253e-7;5.4899309e-7;6.1866498e-7;3428230.28;0;"2023-03-14T23:59:59.999Z"
"2023-03-13T00:00:00.000Z";"2023-03-13T23:59:59.999Z";"2023-03-13T22:51:00.000Z";"2023-03-13T09:43:00.000Z";"2781";4.857174e-7;5.5787726e-7;4.5465361e-7;5.5132989e-7;3160303.16;0;"2023-03-13T23:59:59.999Z"
"2023-03-12T00:00:00.000Z";"2023-03-12T23:59:59.999Z";"2023-03-12T23:59:00.000Z";"2023-03-12T17:04:00.000Z";"2781";4.7320613e-7;4.8670572e-7;4.3282937e-7;4.8670572e-7;2908572.08;0;"2023-03-12T23:59:59.999Z"
"2023-03-11T00:00:00.000Z";"2023-03-11T23:59:59.999Z";"2023-03-11T21:13:00.000Z";"2023-03-11T09:16:00.000Z";"2781";4.1336585e-7;4.955941e-7;3.9919095e-7;4.7332662e-7;3604095.37;0;"2023-03-11T23:59:59.999Z"
"2023-03-10T00:00:00.000Z";"2023-03-10T23:59:59.999Z";"2023-03-10T00:02:00.000Z";"2023-03-10T10:37:00.000Z";"2781";4.344599e-7;4.3560883e-7;3.7905253e-7;4.133767e-7;3817910.46;0;"2023-03-10T23:59:59.999Z"
"2023-03-09T00:00:00.000Z";"2023-03-09T23:59:59.999Z";"2023-03-09T14:52:00.000Z";"2023-03-09T21:01:00.000Z";"2781";4.7714495e-7;4.9106115e-7;4.1554533e-7;4.3433546e-7;3470442.23;0;"2023-03-09T23:59:59.999Z"
"2023-03-08T00:00:00.000Z";"2023-03-08T23:59:59.999Z";"2023-03-08T00:24:00.000Z";"2023-03-08T23:13:00.000Z";"2781";5.6338649e-7;5.7022243e-7;4.7264486e-7;4.7720153e-7;3778964.9;0;"2023-03-08T23:59:59.999Z"
"2023-03-07T00:00:00.000Z";"2023-03-07T23:59:59.999Z";"2023-03-07T03:30:00.000Z";"2023-03-07T22:42:00.000Z";"2781";5.8457832e-7;6.0119233e-7;5.5416963e-7;5.6336518e-7;3487929.83;0;"2023-03-07T23:59:59.999Z"
"2023-03-06T00:00:00.000Z";"2023-03-06T23:59:59.999Z";"2023-03-06T07:33:00.000Z";"2023-03-06T13:00:00.000Z";"2781";5.8386985e-7;5.92867e-7;5.7707868e-7;5.8458394e-7;2691522.65;0;"2023-03-06T23:59:59.999Z"
"2023-03-05T00:00:00.000Z";"2023-03-05T23:59:59.999Z";"2023-03-05T12:13:00.000Z";"2023-03-05T00:58:00.000Z";"2781";5.6186474e-7;6.1174627e-7;5.5710578e-7;5.8396461e-7;4141325.5;0;"2023-03-05T23:59:59.999Z"
"2023-03-04T00:00:00.000Z";"2023-03-04T23:59:59.999Z";"2023-03-04T04:24:00.000Z";"2023-03-04T22:14:00.000Z";"2781";5.8987165e-7;6.4778477e-7;5.5420879e-7;5.6182451e-7;4580426.16;0;"2023-03-04T23:59:59.999Z"
"2023-03-03T00:00:00.000Z";"2023-03-03T23:59:59.999Z";"2023-03-03T00:03:00.000Z";"2023-03-03T03:34:00.000Z";"2781";6.7196766e-7;6.7320806e-7;5.4331458e-7;5.8987381e-7;6877831.34;0;"2023-03-03T23:59:59.999Z"
"2023-03-02T00:00:00.000Z";"2023-03-02T23:59:59.999Z";"2023-03-02T00:24:00.000Z";"2023-03-02T18:13:00.000Z";"2781";7.0617392e-7;7.0943881e-7;6.63722e-7;6.7194206e-7;3439273.21;0;"2023-03-02T23:59:59.999Z"
"2023-03-01T00:00:00.000Z";"2023-03-01T23:59:59.999Z";"2023-03-01T05:14:00.000Z";"2023-03-01T21:04:00.000Z";"2781";7.0855839e-7;7.3006321e-7;6.8917247e-7;7.0616425e-7;3664554.64;0;"2023-03-01T23:59:59.999Z"
"2023-02-28T00:00:00.000Z";"2023-02-28T23:59:59.999Z";"2023-02-28T00:29:00.000Z";"2023-02-28T22:03:00.000Z";"2781";7.3770279e-7;7.3987442e-7;7.0433354e-7;7.0854423e-7;3905028.52;0;"2023-02-28T23:59:59.999Z"
"2023-02-27T00:00:00.000Z";"2023-02-27T23:59:59.999Z";"2023-02-27T00:16:00.000Z";"2023-02-27T21:01:00.000Z";"2781";7.7477503e-7;7.7688616e-7;7.3141561e-7;7.3762559e-7;3527465.21;0;"2023-02-27T23:59:59.999Z"
"2023-02-26T00:00:00.000Z";"2023-02-26T23:59:59.999Z";"2023-02-26T21:01:00.000Z";"2023-02-26T08:45:00.000Z";"2781";7.6473855e-7;7.7931659e-7;7.5590787e-7;7.7478738e-7;3346362.06;0;"2023-02-26T23:59:59.999Z"
"2023-02-25T00:00:00.000Z";"2023-02-25T23:59:59.999Z";"2023-02-25T01:24:00.000Z";"2023-02-25T20:44:00.000Z";"2781";7.6930773e-7;7.7474273e-7;7.5079316e-7;7.6475052e-7;3151453.19;0;"2023-02-25T23:59:59.999Z"
"2023-02-24T00:00:00.000Z";"2023-02-24T23:59:59.999Z";"2023-02-24T01:52:00.000Z";"2023-02-24T16:34:00.000Z";"2781";8.0547011e-7;8.0855494e-7;7.6202218e-7;7.6933615e-7;3736771;0;"2023-02-24T23:59:59.999Z"
"2023-02-23T00:00:00.000Z";"2023-02-23T23:59:59.999Z";"2023-02-23T11:08:00.000Z";"2023-02-23T17:58:00.000Z";"2781";8.1088471e-7;8.361469e-7;7.9449733e-7;8.0537395e-7;4010223.88;0;"2023-02-23T23:59:59.999Z"
"2023-02-22T00:00:00.000Z";"2023-02-22T23:59:59.999Z";"2023-02-22T00:46:00.000Z";"2023-02-22T17:06:00.000Z";"2781";8.2066332e-7;8.2970368e-7;7.9526622e-7;8.1016474e-7;4297114.34;0;"2023-02-22T23:59:59.999Z"
"2023-02-21T00:00:00.000Z";"2023-02-21T23:59:59.999Z";"2023-02-21T02:43:00.000Z";"2023-02-21T22:26:00.000Z";"2781";8.6842715e-7;8.8390137e-7;8.1561144e-7;8.2053943e-7;4760246.1;0;"2023-02-21T23:59:59.999Z"
"2023-02-20T00:00:00.000Z";"2023-02-20T23:59:59.999Z";"2023-02-20T06:52:00.000Z";"2023-02-20T01:27:00.000Z";"2781";8.6585747e-7;9.0125696e-7;8.4518478e-7;8.6817885e-7;6193250.79;0;"2023-02-20T23:59:59.999Z"
"2023-02-19T00:00:00.000Z";"2023-02-19T23:59:59.999Z";"2023-02-19T16:33:00.000Z";"2023-02-19T20:31:00.000Z";"2781";8.7948439e-7;9.1832628e-7;8.4951477e-7;8.6613365e-7;5269368.26;0;"2023-02-19T23:59:59.999Z"
"2023-02-18T00:00:00.000Z";"2023-02-18T23:59:59.999Z";"2023-02-18T15:25:00.000Z";"2023-02-18T11:29:00.000Z";"2781";8.7541247e-7;9.1107318e-7;8.6917957e-7;8.7954798e-7;5505763.77;0;"2023-02-18T23:59:59.999Z"
"2023-02-17T00:00:00.000Z";"2023-02-17T23:59:59.999Z";"2023-02-17T20:17:00.000Z";"2023-02-17T00:00:00.000Z";"2781";8.4197775e-7;9.2025958e-7;8.4197775e-7;8.746888e-7;6415457.04;0;"2023-02-17T23:59:59.999Z"
"2023-02-16T00:00:00.000Z";"2023-02-16T23:59:59.999Z";"2023-02-16T10:16:00.000Z";"2023-02-16T23:46:00.000Z";"2781";9.5742377e-7;0.00000103723825;8.3671943e-7;8.4101534e-7;11305969.73;0;"2023-02-16T23:59:59.999Z"
"2023-02-15T00:00:00.000Z";"2023-02-15T23:59:59.999Z";"2023-02-15T20:37:00.000Z";"2023-02-15T01:15:00.000Z";"2781";8.1610861e-7;9.8159242e-7;8.0638747e-7;9.5744124e-7;9047456.82;0;"2023-02-15T23:59:59.999Z"
"2023-02-14T00:00:00.000Z";"2023-02-14T23:59:59.999Z";"2023-02-14T15:14:00.000Z";"2023-02-14T21:13:00.000Z";"2781";8.1724942e-7;8.46913e-7;8.08146e-7;8.1586489e-7;4820006.13;0;"2023-02-14T23:59:59.999Z"
"2023-02-13T00:00:00.000Z";"2023-02-13T23:59:59.999Z";"2023-02-13T07:29:00.000Z";"2023-02-13T17:58:00.000Z";"2781";8.6814211e-7;8.7035906e-7;7.7932134e-7;8.1754044e-7;4874581.26;0;"2023-02-13T23:59:59.999Z"
"2023-02-12T00:00:00.000Z";"2023-02-12T23:59:59.999Z";"2023-02-12T12:01:00.000Z";"2023-02-12T22:19:00.000Z";"2781";8.9081258e-7;9.0103915e-7;8.5456594e-7;8.6799912e-7;4996634.98;0;"2023-02-12T23:59:59.999Z"
"2023-02-11T00:00:00.000Z";"2023-02-11T23:59:59.999Z";"2023-02-11T10:25:00.000Z";"2023-02-11T19:45:00.000Z";"2781";8.7017927e-7;9.156853e-7;8.650474e-7;8.9077437e-7;4758368.25;0;"2023-02-11T23:59:59.999Z"
"2023-02-10T00:00:00.000Z";"2023-02-10T23:59:59.999Z";"2023-02-10T09:01:00.000Z";"2023-02-10T00:34:00.000Z";"2781";8.3023065e-7;8.8283955e-7;8.2959851e-7;8.7006327e-7;6640726.3;0;"2023-02-10T23:59:59.999Z"
"2023-02-09T00:00:00.000Z";"2023-02-09T23:59:59.999Z";"2023-02-09T00:04:00.000Z";"2023-02-09T23:16:00.000Z";"2781";9.8878936e-7;9.8915251e-7;8.1364734e-7;8.2989385e-7;8082441.94;0;"2023-02-09T23:59:59.999Z"
"2023-02-08T00:00:00.000Z";"2023-02-08T23:59:59.999Z";"2023-02-08T00:55:00.000Z";"2023-02-08T20:22:00.000Z";"2781";0.00000106679022;0.00000108264859;9.7365499e-7;9.8878058e-7;6208285.26;0;"2023-02-08T23:59:59.999Z"
"2023-02-07T00:00:00.000Z";"2023-02-07T23:59:59.999Z";"2023-02-07T23:58:00.000Z";"2023-02-07T08:19:00.000Z";"2781";0.00000104836322;0.00000106699016;0.00000103365142;0.00000106681249;6163843.27;0;"2023-02-07T23:59:59.999Z"
"2023-02-06T00:00:00.000Z";"2023-02-06T23:59:59.999Z";"2023-02-06T00:26:00.000Z";"2023-02-06T05:34:00.000Z";"2781";0.00000108667235;0.00000110636719;0.00000100470486;0.00000104861272;9162264.61;0;"2023-02-06T23:59:59.999Z"
"2023-02-05T00:00:00.000Z";"2023-02-05T23:59:59.999Z";"2023-02-05T09:14:00.000Z";"2023-02-05T17:52:00.000Z";"2781";0.00000115343916;0.00000123972244;0.00000100485679;0.00000108671726;13402640.39;0;"2023-02-05T23:59:59.999Z"
"2023-02-04T00:00:00.000Z";"2023-02-04T23:59:59.999Z";"2023-02-04T19:49:00.000Z";"2023-02-04T07:16:00.000Z";"2781";0.00000105229026;0.00000128648927;0.00000100105228;0.00000115374332;15482491.32;0;"2023-02-04T23:59:59.999Z"
"2023-02-03T00:00:00.000Z";"2023-02-03T23:59:59.999Z";"2023-02-03T23:02:00.000Z";"2023-02-03T08:54:00.000Z";"2781";8.4624519e-7;0.00000112638421;8.2774453e-7;0.00000105251705;11784198.81;0;"2023-02-03T23:59:59.999Z"
"2023-02-02T00:00:00.000Z";"2023-02-02T23:59:59.999Z";"2023-02-02T18:58:00.000Z";"2023-02-02T22:10:00.000Z";"2781";8.7225506e-7;9.0734001e-7;8.4299668e-7;8.4608748e-7;7704493.72;0;"2023-02-02T23:59:59.999Z"
"2023-02-01T00:00:00.000Z";"2023-02-01T23:59:59.999Z";"2023-02-01T22:40:00.000Z";"2023-02-01T17:54:00.000Z";"2781";8.8115482e-7;9.0051333e-7;7.384012e-7;8.722873e-7;9510522.75;0;"2023-02-01T23:59:59.999Z"
"2023-01-31T00:00:00.000Z";"2023-01-31T23:59:59.999Z";"2023-01-31T19:58:00.000Z";"2023-01-31T00:43:00.000Z";"2781";8.6206875e-7;9.0913893e-7;8.4467871e-7;8.8114748e-7;8134497.67;0;"2023-01-31T23:59:59.999Z"
"2023-01-30T00:00:00.000Z";"2023-01-30T23:59:59.999Z";"2023-01-30T00:00:00.000Z";"2023-01-30T20:27:00.000Z";"2781";0.00000104144375;0.00000104144375;8.1745111e-7;8.6310736e-7;9455673.58;0;"2023-01-30T23:59:59.999Z"
"2023-01-29T00:00:00.000Z";"2023-01-29T23:59:59.999Z";"2023-01-29T23:39:00.000Z";"2023-01-29T00:29:00.000Z";"2781";0.00000100991641;0.00000104376109;9.9479923e-7;0.00000104150441;7728026.07;0;"2023-01-29T23:59:59.999Z"
"2023-01-28T00:00:00.000Z";"2023-01-28T23:59:59.999Z";"2023-01-28T06:28:00.000Z";"2023-01-28T23:54:00.000Z";"2781";0.00000105135917;0.00000109851182;0.00000100781464;0.00000100985619;8891885.21;0;"2023-01-28T23:59:59.999Z"
"2023-01-27T00:00:00.000Z";"2023-01-27T23:59:59.999Z";"2023-01-27T20:35:00.000Z";"2023-01-27T02:07:00.000Z";"2781";0.00000102972807;0.00000107840534;0.00000100438351;0.000001051413;6161144.37;0;"2023-01-27T23:59:59.999Z"
"2023-01-26T00:00:00.000Z";"2023-01-26T23:59:59.999Z";"2023-01-26T01:01:00.000Z";"2023-01-26T16:16:00.000Z";"2781";0.00000105885327;0.00000109013515;0.00000100743153;0.00000102949373;6804674.88;0;"2023-01-26T23:59:59.999Z"
"2023-01-25T00:00:00.000Z";"2023-01-25T23:59:59.999Z";"2023-01-25T22:07:00.000Z";"2023-01-25T00:32:00.000Z";"2781";9.8475785e-7;0.00000108660696;9.6863732e-7;0.00000105889602;9318585.21;0;"2023-01-25T23:59:59.999Z"
"2023-01-24T00:00:00.000Z";"2023-01-24T23:59:59.999Z";"2023-01-24T00:01:00.000Z";"2023-01-24T23:26:00.000Z";"2781";0.00000115206958;0.00000115416895;9.5109673e-7;9.8471867e-7;9728684.77;0;"2023-01-24T23:59:59.999Z"
"2023-01-23T00:00:00.000Z";"2023-01-23T23:59:59.999Z";"2023-01-23T03:23:00.000Z";"2023-01-23T19:34:00.000Z";"2781";0.00000115417321;0.00000120769823;0.00000113227012;0.00000115218884;7626613.8;0;"2023-01-23T23:59:59.999Z"
"2023-01-22T00:00:00.000Z";"2023-01-22T23:59:59.999Z";"2023-01-22T05:57:00.000Z";"2023-01-22T21:22:00.000Z";"2781";0.00000119903601;0.00000124242569;0.00000114078658;0.00000115332609;10311936.46;0;"2023-01-22T23:59:59.999Z"
"2023-01-21T00:00:00.000Z";"2023-01-21T23:59:59.999Z";"2023-01-21T04:26:00.000Z";"2023-01-21T23:59:00.000Z";"2781";0.00000129004108;0.00000138064441;0.00000119820795;0.00000119820795;10864973.44;0;"2023-01-21T23:59:59.999Z"
"2023-01-20T00:00:00.000Z";"2023-01-20T23:59:59.999Z";"2023-01-20T23:14:00.000Z";"2023-01-20T05:37:00.000Z";"2781";0.00000118049981;0.00000131703516;0.00000115122298;0.00000129056997;8663518.73;0;"2023-01-20T23:59:59.999Z"
"2023-01-19T00:00:00.000Z";"2023-01-19T23:59:59.999Z";"2023-01-19T20:07:00.000Z";"2023-01-19T00:19:00.000Z";"2781";0.00000111686997;0.00000120937187;0.00000106764167;0.00000118067339;8893609.54;0;"2023-01-19T23:59:59.999Z"
"2023-01-18T00:00:00.000Z";"2023-01-18T23:59:59.999Z";"2023-01-18T00:00:00.000Z";"2023-01-18T23:57:00.000Z";"2781";0.00000133478752;0.00000133478752;0.00000111629711;0.00000111691732;14064994;0;"2023-01-18T23:59:59.999Z"
"2023-01-17T00:00:00.000Z";"2023-01-17T23:59:59.999Z";"2023-01-17T18:23:00.000Z";"2023-01-17T02:32:00.000Z";"2781";0.0000013245057;0.00000138681797;0.00000125458972;0.00000133483869;9952881.23;0;"2023-01-17T23:59:59.999Z"
"2023-01-16T00:00:00.000Z";"2023-01-16T23:59:59.999Z";"2023-01-16T07:19:00.000Z";"2023-01-16T15:16:00.000Z";"2781";0.00000141339971;0.00000149510629;0.00000126346925;0.00000132510044;15773918.94;0;"2023-01-16T23:59:59.999Z"
"2023-01-15T00:00:00.000Z";"2023-01-15T23:59:59.999Z";"2023-01-15T21:43:00.000Z";"2023-01-15T03:38:00.000Z";"2781";0.00000120795518;0.00000152596623;0.00000107966544;0.00000141486676;19836560.08;0;"2023-01-15T23:59:59.999Z"
"2023-01-14T00:00:00.000Z";"2023-01-14T23:59:59.999Z";"2023-01-14T06:54:00.000Z";"2023-01-14T00:22:00.000Z";"2781";9.0878164e-7;0.00000131188025;9.013502e-7;0.00000120731494;26392992.49;0;"2023-01-14T23:59:59.999Z"
"2023-01-13T00:00:00.000Z";"2023-01-13T23:59:59.999Z";"2023-01-13T00:31:00.000Z";"2023-01-13T13:00:00.000Z";"2781";0.0000010106506;0.00000103604944;8.8657302e-7;9.0862415e-7;13656302.74;0;"2023-01-13T23:59:59.999Z"
"2023-01-12T00:00:00.000Z";"2023-01-12T23:59:59.999Z";"2023-01-12T04:32:00.000Z";"2023-01-12T00:34:00.000Z";"2781";9.2148599e-7;0.00000114217205;8.9123153e-7;0.00000101044519;29535336.63;0;"2023-01-12T23:59:59.999Z"
"2023-01-11T00:00:00.000Z";"2023-01-11T23:59:59.999Z";"2023-01-11T06:05:00.000Z";"2023-01-11T23:26:00.000Z";"2781";0.00000152085642;0.00000159413059;8.6466649e-7;9.1815213e-7;20514004.35;0;"2023-01-11T23:59:59.999Z"
"2023-01-10T00:00:00.000Z";"2023-01-10T23:59:59.999Z";"2023-01-10T17:58:00.000Z";"2023-01-10T08:19:00.000Z";"2781";0.00000160749039;0.00000166562213;0.0000015085722;0.00000152104731;16898077.6;0;"2023-01-10T23:59:59.999Z"
"2023-01-09T00:00:00.000Z";"2023-01-09T23:59:59.999Z";"2023-01-09T01:13:00.000Z";"2023-01-09T17:52:00.000Z";"2781";0.00000162347932;0.00000176900599;0.00000155336361;0.00000160787546;23264747.19;0;"2023-01-09T23:59:59.999Z"
"2023-01-08T00:00:00.000Z";"2023-01-08T23:59:59.999Z";"2023-01-08T04:01:00.000Z";"2023-01-08T22:49:00.000Z";"2781";0.0000020163196;0.00000205743329;0.0000015037136;0.00000162205396;26068770.91;0;"2023-01-08T23:59:59.999Z"
"2023-01-07T00:00:00.000Z";"2023-01-07T23:59:59.999Z";"2023-01-07T14:46:00.000Z";"2023-01-07T01:10:00.000Z";"2781";0.00000200183714;0.00000224691545;0.00000167405098;0.0000020163558;38507028.97;0;"2023-01-07T23:59:59.999Z"
"2023-01-06T00:00:00.000Z";"2023-01-06T23:59:59.999Z";"2023-01-06T00:01:00.000Z";"2023-01-06T13:31:00.000Z";"2781";0.00000282210527;0.00000285068988;0.00000143460852;0.00000200202663;70947289;0;"2023-01-06T23:59:59.999Z"
"2023-01-05T00:00:00.000Z";"2023-01-05T23:59:59.999Z";"2023-01-05T05:33:00.000Z";"2023-01-05T15:47:00.000Z";"2781";0.00000340686505;0.00000492202128;0.0000022432022;0.00000281719507;112994753.69;0;"2023-01-05T23:59:59.999Z"
"2023-01-04T00:00:00.000Z";"2023-01-04T23:59:59.999Z";"2023-01-04T22:43:00.000Z";"2023-01-04T01:14:00.000Z";"2781";0.00000116296927;0.00000352639373;0.00000109816252;0.00000341585795;158048764.9;0;"2023-01-04T23:59:59.999Z"
"2023-01-03T00:00:00.000Z";"2023-01-03T23:59:59.999Z";"2023-01-03T23:55:00.000Z";"2023-01-03T01:29:00.000Z";"2781";8.7190401e-7;0.00000126288246;5.7663712e-7;0.00000116296407;7737405.74;0;"2023-01-03T23:59:59.999Z"
"2023-01-02T00:00:00.000Z";"2023-01-02T23:59:59.999Z";"2023-01-02T21:59:00.000Z";"2023-01-02T00:56:00.000Z";"2781";3.1432812e-7;9.5644216e-7;2.9063725e-7;8.7188584e-7;5485611.07;0;"2023-01-02T23:59:59.999Z"
"2023-01-01T00:00:00.000Z";"2023-01-01T23:59:59.999Z";"2023-01-01T16:40:00.000Z";"2023-01-01T00:05:00.000Z";"2781";1.9719745e-7;3.9873675e-7;1.9273493e-7;3.1432157e-7;178563.34;0;"2023-01-01T23:59:59.999Z"
"2022-12-31T00:00:00.000Z";"2022-12-31T23:59:59.999Z";"2022-12-31T21:47:00.000Z";"2022-12-31T05:13:00.000Z";"2781";1.487346e-7;2.0545889e-7;1.3415337e-7;1.9719873e-7;175567.5;0;"2022-12-31T23:59:59.999Z"