timeOpen,timeClose,timeHigh,timeLow,name,open,high,low,close,volume,marketCap,timestamp
"2025-01-03T00:00:00.000Z","2025-01-03T23:59:59.999Z","2025-01-03T23:09:00.000Z","2025-01-03T00:25:00.000Z","2781",0.194679754,0.2247325676,0.1906774754,0.2245438029,7479704.79,224498479.87,"2025-01-03T23:59:59.999Z"
"2025-01-02T00:00:00.000Z","2025-01-02T23:59:59.999Z","2025-01-02T23:57:00.000Z","2025-01-02T00:17:00.000Z","2781",0.1635034455,0.1947123708,0.1631608271,0.194679754,6142171.7,194640458.83,"2025-01-02T23:59:59.999Z"
"2025-01-01T00:00:00.000Z","2025-01-01T23:59:59.999Z","2025-01-01T23:28:00.000Z","2025-01-01T14:45:00.000Z","2781",0.1587648822,0.1642206405,0.1564925346,0.1635034689,4169977.99,163470443.18,"2025-01-01T23:59:59.999Z"
"2024-12-31T00:00:00.000Z","2024-12-31T23:59:59.999Z","2024-12-31T16:30:00.000Z","2024-12-31T21:01:00.000Z","2781",0.1650745981,0.1728006118,0.1579047039,0.1587648822,5930773.55,158732836.26,"2024-12-31T23:59:59.999Z"
"2024-12-30T00:00:00.000Z","2024-12-30T23:59:59.999Z","2024-12-30T01:49:00.000Z","2024-12-30T15:40:00.000Z","2781",0.1722621188,0.1763162896,0.1642411474,0.1650745981,5369021.63,165041278.67,"2024-12-30T23:59:59.999Z"
"2024-12-29T00:00:00.000Z","2024-12-29T23:59:59.999Z","2024-12-29T00:01:00.000Z","2024-12-29T23:31:00.000Z","2781",0.1875100267,0.1875544987,0.1713195107,0.1722621316,3980211.2,172227348.58,"2024-12-29T23:59:59.999Z"
"2024-12-28T00:00:00.000Z","2024-12-28T23:59:59.999Z","2024-12-28T22:57:00.000Z","2024-12-28T08:37:00.000Z","2781",0.184908757,0.1882310024,0.1833496886,0.1875097961,3616251.26,187472178.71,"2024-12-28T23:59:59.999Z"
"2024-12-27T00:00:00.000Z","2024-12-27T23:59:59.999Z","2024-12-27T09:58:00.000Z","2024-12-27T22:09:00.000Z","2781",0.1924833446,0.19805499,0.1840309713,0.184908757,4755947.32,184871434.13,"2024-12-27T23:59:59.999Z"
"2024-12-26T00:00:00.000Z","2024-12-26T23:59:59.999Z","2024-12-26T18:49:00.000Z","2024-12-26T08:40:00.000Z","2781",0.1942156011,0.1965365286,0.1804906284,0.1924835493,5683156.77,192444492.78,"2024-12-26T23:59:59.999Z"
"2024-12-25T00:00:00.000Z","2024-12-25T23:59:59.999Z","2024-12-25T23:46:00.000Z","2024-12-25T16:42:00.000Z","2781",0.1903436026,0.1946129872,0.1886181875,0.1942156011,4378415.48,194176399.65,"2024-12-25T23:59:59.999Z"
"2024-12-24T00:00:00.000Z","2024-12-24T23:59:59.999Z","2024-12-24T18:22:00.000Z","2024-12-24T10:54:00.000Z","2781",0.1813582871,0.1943792671,0.1722308732,0.1904667569,5176778.97,190305182.67,"2024-12-24T23:59:59.999Z"
"2024-12-23T00:00:00.000Z","2024-12-23T23:59:59.999Z","2024-12-23T21:42:00.000Z","2024-12-23T02:28:00.000Z","2781",0.1698464477,0.1842503664,0.1640628683,0.1813582871,4908240.81,181321680.81,"2024-12-23T23:59:59.999Z"
"2024-12-22T00:00:00.000Z","2024-12-22T23:59:59.999Z","2024-12-22T00:51:00.000Z","2024-12-22T20:10:00.000Z","2781",0.177596286,0.1782867587,0.1668477203,0.1701033062,2922229.93,169812165.02,"2024-12-22T23:59:59.999Z"
"2024-12-21T00:00:00.000Z","2024-12-21T23:59:59.999Z","2024-12-21T07:46:00.000Z","2024-12-21T23:19:00.000Z","2781",0.1877171258,0.1933847257,0.1770561303,0.177596286,4535504.18,177560439.06,"2024-12-21T23:59:59.999Z"
"2024-12-20T00:00:00.000Z","2024-12-20T23:59:59.999Z","2024-12-20T02:55:00.000Z","2024-12-20T12:03:00.000Z","2781",0.2032146447,0.2075118239,0.1720282214,0.1877171258,7963085.6,187679236.07,"2024-12-20T23:59:59.999Z"
"2024-12-19T00:00:00.000Z","2024-12-19T23:59:59.999Z","2024-12-19T12:18:00.000Z","2024-12-19T18:25:00.000Z","2781",0.2062940635,0.2172961934,0.1908086734,0.2032146447,5600179.51,203173626.86,"2024-12-19T23:59:59.999Z"
"2024-12-18T00:00:00.000Z","2024-12-18T23:59:59.999Z","2024-12-18T11:31:00.000Z","2024-12-18T23:57:00.000Z","2781",0.2409895385,0.2492316005,0.206207041,0.2062940635,7768629.68,206252424.08,"2024-12-18T23:59:59.999Z"
"2024-12-17T00:00:00.000Z","2024-12-17T23:59:59.999Z","2024-12-17T04:16:00.000Z","2024-12-17T23:16:00.000Z","2781",0.2621744036,0.263340628,0.2374739962,0.2409915322,4527049.9,240940895.98,"2024-12-17T23:59:59.999Z"
"2024-12-16T00:00:00.000Z","2024-12-16T23:59:59.999Z","2024-12-16T15:07:00.000Z","2024-12-16T04:06:00.000Z","2781",0.2594528211,0.283137676,0.2590948347,0.2621744036,6958408.29,262121484.99,"2024-12-16T23:59:59.999Z"
"2024-12-15T00:00:00.000Z","2024-12-15T23:59:59.999Z","2024-12-15T23:58:00.000Z","2024-12-15T08:04:00.000Z","2781",0.2331364618,0.2597871315,0.229417218,0.2594528211,4183558.93,259400451.81,"2024-12-15T23:59:59.999Z"
"2024-12-14T00:00:00.000Z","2024-12-14T23:59:59.999Z","2024-12-14T08:05:00.000Z","2024-12-14T22:42:00.000Z","2781",0.2538571117,0.2585466085,0.2315457773,0.2331364618,4091475.52,233089404.42,"2024-12-14T23:59:59.999Z"
"2024-12-13T00:00:00.000Z","2024-12-13T23:59:59.999Z","2024-12-13T03:53:00.000Z","2024-12-13T16:07:00.000Z","2781",0.2550150377,0.2594263442,0.2504877846,0.2538571117,3506481.38,253805871.88,"2024-12-13T23:59:59.999Z"
"2024-12-12T00:00:00.000Z","2024-12-12T23:59:59.999Z","2024-12-12T05:48:00.000Z","2024-12-12T22:23:00.000Z","2781",0.2726155327,0.2933722579,0.2526496456,0.2550150377,7276074.06,254963564.19,"2024-12-12T23:59:59.999Z"
"2024-12-11T00:00:00.000Z","2024-12-11T23:59:59.999Z","2024-12-11T16:41:00.000Z","2024-12-11T02:01:00.000Z","2781",0.2460180054,0.2792098276,0.2362784071,0.2726155327,6542313.93,272560506.63,"2024-12-11T23:59:59.999Z"
"2024-12-10T00:00:00.000Z","2024-12-10T23:59:59.999Z","2024-12-10T10:51:00.000Z","2024-12-10T16:47:00.000Z","2781",0.2444993886,0.2665669557,0.228099885,0.2460180054,11096664.57,245968347.95,"2024-12-10T23:59:59.999Z"
"2024-12-09T00:00:00.000Z","2024-12-09T23:59:59.999Z","2024-12-09T00:17:00.000Z","2024-12-09T21:09:00.000Z","2781",0.2894967525,0.2906987645,0.2274964337,0.2444993886,11908505.68,244450037.64,"2024-12-09T23:59:59.999Z"
"2024-12-08T00:00:00.000Z","2024-12-08T23:59:59.999Z","2024-12-08T03:26:00.000Z","2024-12-08T08:58:00.000Z","2781",0.2997600031,0.302993135,0.284047466,0.2901131315,5406766.91,290054573.57,"2024-12-08T23:59:59.999Z"
"2024-12-07T00:00:00.000Z","2024-12-07T23:59:59.999Z","2024-12-07T22:20:00.000Z","2024-12-07T10:42:00.000Z","2781",0.2952859169,0.3163804201,0.2891550499,0.3086026795,7573030.74,308540389.62,"2024-12-07T23:59:59.999Z"
"2024-12-06T00:00:00.000Z","2024-12-06T23:59:59.999Z","2024-12-06T20:40:00.000Z","2024-12-06T00:13:00.000Z","2781",0.2556793942,0.3031956741,0.2542744425,0.2952859169,7986609.75,295226314.93,"2024-12-06T23:59:59.999Z"
"2024-12-05T00:00:00.000Z","2024-12-05T23:59:59.999Z","2024-12-05T00:58:00.000Z","2024-12-05T22:31:00.000Z","2781",0.2694785806,0.280876335,0.2531917707,0.2571165342,9744313.75,257064636.5,"2024-12-05T23:59:59.999Z"
"2024-12-04T00:00:00.000Z","2024-12-04T23:59:59.999Z","2024-12-04T21:48:00.000Z","2024-12-04T00:33:00.000Z","2781",0.2289022398,0.2741095149,0.2281587283,0.2694784326,8459273.61,269424187.69,"2024-12-04T23:59:59.999Z"
"2024-12-03T00:00:00.000Z","2024-12-03T23:59:59.999Z","2024-12-03T05:52:00.000Z","2024-12-03T19:41:00.000Z","2781",0.2326342665,0.2438481405,0.219518626,0.2289022398,8709645.49,228856037.05,"2024-12-03T23:59:59.999Z"
"2024-12-02T00:00:00.000Z","2024-12-02T23:59:59.999Z","2024-12-02T03:32:00.000Z","2024-12-02T18:02:00.000Z","2781",0.2510988588,0.2531243445,0.2296185551,0.2326327942,8145388.77,232587310.41,"2024-12-02T23:59:59.999Z"
"2024-12-01T00:00:00.000Z","2024-12-01T23:59:59.999Z","2024-12-01T16:46:00.000Z","2024-12-01T03:43:00.000Z","2781",0.2747734501,0.2774142918,0.2642575042,0.2678793205,6094072.55,267825250.41,"2024-12-01T23:59:59.999Z"
"2024-11-30T00:00:00.000Z","2024-11-30T23:59:59.999Z","2024-11-30T13:13:00.000Z","2024-11-30T23:59:00.000Z","2781",0.2951837018,0.3049207291,0.274743,0.2747734501,7213909.27,274717988.44,"2024-11-30T23:59:59.999Z"
"2024-11-29T00:00:00.000Z","2024-11-29T23:59:59.999Z","2024-11-29T08:16:00.000Z","2024-11-29T18:05:00.000Z","2781",0.2950522093,0.3290274304,0.290492058,0.2951837018,17606003.23,295124120.48,"2024-11-29T23:59:59.999Z"
"2024-11-28T00:00:00.000Z","2024-11-28T23:59:59.999Z","2024-11-28T23:31:00.000Z","2024-11-28T15:58:00.000Z","2781",0.2883008575,0.2974453944,0.2787359194,0.2950522093,7433079.93,294992654.47,"2024-11-28T23:59:59.999Z"
"2024-11-27T00:00:00.000Z","2024-11-27T23:59:59.999Z","2024-11-27T21:25:00.000Z","2024-11-27T05:31:00.000Z","2781",0.2223932226,0.3143767723,0.2205044401,0.2883008575,11969740.76,288242665.47,"2024-11-27T23:59:59.999Z"
"2024-11-26T00:00:00.000Z","2024-11-26T23:59:59.999Z","2024-11-26T22:46:00.000Z","2024-11-26T12:54:00.000Z","2781",0.2199455498,0.224095904,0.2040983251,0.2223932226,6073702.85,222348333.66,"2024-11-26T23:59:59.999Z"
"2024-11-25T00:00:00.000Z","2024-11-25T23:59:59.999Z","2024-11-25T11:41:00.000Z","2024-11-25T23:58:00.000Z","2781",0.2435742278,0.2510550306,0.2198842191,0.2199455304,5095911.17,219901135.52,"2024-11-25T23:59:59.999Z"
"2024-11-24T00:00:00.000Z","2024-11-24T23:59:59.999Z","2024-11-24T04:25:00.000Z","2024-11-24T16:04:00.000Z","2781",0.2644206219,0.2805290201,0.2345102864,0.243574471,7180121.13,243518905.62,"2024-11-24T23:59:59.999Z"
"2024-11-23T00:00:00.000Z","2024-11-23T23:59:59.999Z","2024-11-23T21:55:00.000Z","2024-11-23T04:31:00.000Z","2781",0.2322431747,0.2703893911,0.2313014329,0.2644206219,8153991.05,264367249.91,"2024-11-23T23:59:59.999Z"
"2024-11-22T00:00:00.000Z","2024-11-22T23:59:59.999Z","2024-11-22T07:52:00.000Z","2024-11-22T14:41:00.000Z","2781",0.2406940362,0.2540982603,0.2291758444,0.2322431663,7152672.88,232196297.58,"2024-11-22T23:59:59.999Z"
"2024-11-21T00:00:00.000Z","2024-11-21T23:59:59.999Z","2024-11-21T19:52:00.000Z","2024-11-21T02:47:00.000Z","2781",0.1936568795,0.2532334578,0.1870326323,0.2406940362,8388572.88,240645453.35,"2024-11-21T23:59:59.999Z"
"2024-11-20T00:00:00.000Z","2024-11-20T23:59:59.999Z","2024-11-20T10:49:00.000Z","2024-11-20T18:44:00.000Z","2781",0.2119127573,0.2224846397,0.1901426263,0.1936569089,6830269.8,193617790.82,"2024-11-20T23:59:59.999Z"
"2024-11-19T00:00:00.000Z","2024-11-19T23:59:59.999Z","2024-11-19T00:10:00.000Z","2024-11-19T15:58:00.000Z","2781",0.2226824703,0.2235403752,0.2117938492,0.2119127573,7765962.54,211869983.75,"2024-11-19T23:59:59.999Z"
"2024-11-18T00:00:00.000Z","2024-11-18T23:59:59.999Z","2024-11-18T02:01:00.000Z","2024-11-18T23:16:00.000Z","2781",0.2516357522,0.2610777507,0.2178302599,0.2226824703,9097098.47,222637522.98,"2024-11-18T23:59:59.999Z"
"2024-11-17T00:00:00.000Z","2024-11-17T23:59:59.999Z","2024-11-17T01:04:00.000Z","2024-11-17T23:22:00.000Z","2781",0.2764455966,0.286687116,0.2501500156,0.2516357522,7880075.96,251584960.82,"2024-11-17T23:59:59.999Z"
"2024-11-16T00:00:00.000Z","2024-11-16T23:59:59.999Z","2024-11-16T21:58:00.000Z","2024-11-16T00:46:00.000Z","2781",0.2254214647,0.2800638482,0.2234631136,0.2764455966,10772969.6,276389797.4,"2024-11-16T23:59:59.999Z"
"2024-11-15T00:00:00.000Z","2024-11-15T23:59:59.999Z","2024-11-15T12:23:00.000Z","2024-11-15T19:12:00.000Z","2781",0.2316813162,0.2360071674,0.2170296234,0.2272641977,6945202.29,227278208.78,"2024-11-15T23:59:59.999Z"
"2024-11-14T00:00:00.000Z","2024-11-14T23:59:59.999Z","2024-11-14T14:39:00.000Z","2024-11-14T23:59:00.000Z","2781",0.2417064823,0.2613043785,0.2316346617,0.2316813162,11397245.16,231634552.52,"2024-11-14T23:59:59.999Z"
"2024-11-13T00:00:00.000Z","2024-11-13T23:59:59.999Z","2024-11-13T23:27:00.000Z","2024-11-13T11:17:00.000Z","2781",0.2222807347,0.2426686987,0.1932877016,0.2417064823,19216130.94,241657695.05,"2024-11-13T23:59:59.999Z"
"2024-11-12T00:00:00.000Z","2024-11-12T23:59:59.999Z","2024-11-12T00:00:00.000Z","2024-11-12T23:45:00.000Z","2781",0.2680700107,0.2680700107,0.2201859854,0.2222807347,12139212.39,222235868.4,"2024-11-12T23:59:59.999Z"
"2024-11-11T00:00:00.000Z","2024-11-11T23:59:59.999Z","2024-11-11T00:31:00.000Z","2024-11-11T22:37:00.000Z","2781",0.2880565615,0.2923690736,0.2623944825,0.2680700107,7569224.33,268015902.15,"2024-11-11T23:59:59.999Z"
"2024-11-10T00:00:00.000Z","2024-11-10T23:59:59.999Z","2024-11-10T19:15:00.000Z","2024-11-10T09:21:00.000Z","2781",0.2719428978,0.2997991796,0.2512526709,0.2880565615,12497287.92,287998418.72,"2024-11-10T23:59:59.999Z"
"2024-11-09T00:00:00.000Z","2024-11-09T23:59:59.999Z","2024-11-09T23:34:00.000Z","2024-11-09T05:16:00.000Z","2781",0.2440347998,0.2793426323,0.2319060104,0.2719428978,6640408.06,271888007.49,"2024-11-09T23:59:59.999Z"
"2024-11-08T00:00:00.000Z","2024-11-08T23:59:59.999Z","2024-11-08T19:31:00.000Z","2024-11-08T12:34:00.000Z","2781",0.2547754484,0.2677357959,0.2347696427,0.2440347295,8038642.18,243985542.56,"2024-11-08T23:59:59.999Z"
"2024-11-07T00:00:00.000Z","2024-11-07T23:59:59.999Z","2024-11-07T03:35:00.000Z","2024-11-07T14:03:00.000Z","2781",0.263387845,0.2891629152,0.2502029733,0.2547754484,7203637.84,254724023.21,"2024-11-07T23:59:59.999Z"
"2024-11-06T00:00:00.000Z","2024-11-06T23:59:59.999Z","2024-11-06T23:01:00.000Z","2024-11-06T00:03:00.000Z","2781",0.2029125865,0.2747462486,0.2028469697,0.263387845,11705287.32,263334681.45,"2024-11-06T23:59:59.999Z"
"2024-11-05T00:00:00.000Z","2024-11-05T23:59:59.999Z","2024-11-05T18:37:00.000Z","2024-11-05T01:33:00.000Z","2781",0.1885789782,0.2211817757,0.1877728341,0.2029125865,5672831.78,202871629.62,"2024-11-05T23:59:59.999Z"
"2024-11-04T00:00:00.000Z","2024-11-04T23:59:59.999Z","2024-11-04T02:43:00.000Z","2024-11-04T21:54:00.000Z","2781",0.2050900496,0.210944701,0.1786295565,0.1885789782,6032663.46,188540914.48,"2024-11-04T23:59:59.999Z"
"2024-11-03T00:00:00.000Z","2024-11-03T23:59:59.999Z","2024-11-03T22:20:00.000Z","2024-11-03T15:15:00.000Z","2781",0.1976059517,0.2078689597,0.1791577402,0.2050900496,7897226.82,205048653.23,"2024-11-03T23:59:59.999Z"
"2024-11-02T00:00:00.000Z","2024-11-02T23:59:59.999Z","2024-11-02T08:52:00.000Z","2024-11-02T21:14:00.000Z","2781",0.2015521762,0.2217534504,0.1913477575,0.1976059517,9068430.28,197566065.94,"2024-11-02T23:59:59.999Z"
"2024-11-01T00:00:00.000Z","2024-11-01T23:59:59.999Z","2024-11-01T14:32:00.000Z","2024-11-01T23:51:00.000Z","2781",0.2223899384,0.2458274187,0.1983551123,0.2015521762,14503304.23,201511493.91,"2024-11-01T23:59:59.999Z"
"2024-10-31T00:00:00.000Z","2024-10-31T23:59:59.999Z","2024-10-31T12:11:00.000Z","2024-10-31T22:14:00.000Z","2781",0.2804485292,0.2855767343,0.1670263666,0.2223899384,26257170.24,222345050.14,"2024-10-31T23:59:59.999Z"
"2024-10-30T00:00:00.000Z","2024-10-30T23:59:59.999Z","2024-10-30T00:06:00.000Z","2024-10-30T12:10:00.000Z","2781",0.3163225157,0.3173582917,0.2705568633,0.2804485292,7820279.01,280391922.12,"2024-10-30T23:59:59.999Z"
"2024-10-29T00:00:00.000Z","2024-10-29T23:59:59.999Z","2024-10-29T16:10:00.000Z","2024-10-29T08:10:00.000Z","2781",0.3006847483,0.3297461235,0.2856870316,0.3163225157,7829369.51,316258667.58,"2024-10-29T23:59:59.999Z"
"2024-10-28T00:00:00.000Z","2024-10-28T23:59:59.999Z","2024-10-28T23:47:00.000Z","2024-10-28T05:38:00.000Z","2781",0.2490477835,0.3018866738,0.2410232137,0.3006847483,7730827.45,300624056.55,"2024-10-28T23:59:59.999Z"
"2024-10-27T00:00:00.000Z","2024-10-27T23:59:59.999Z","2024-10-27T16:01:00.000Z","2024-10-27T00:42:00.000Z","2781",0.2345767677,0.2534713601,0.2343553658,0.2490478176,3948054.13,248997514.46,"2024-10-27T23:59:59.999Z"
"2024-10-26T00:00:00.000Z","2024-10-26T23:59:59.999Z","2024-10-26T05:58:00.000Z","2024-10-26T16:34:00.000Z","2781",0.2395941798,0.2578144378,0.2282765352,0.2345767677,6025125.23,234531296.26,"2024-10-26T23:59:59.999Z"
"2024-10-25T00:00:00.000Z","2024-10-25T23:59:59.999Z","2024-10-25T15:22:00.000Z","2024-10-25T23:35:00.000Z","2781",0.2754825468,0.2762106986,0.2303710909,0.2395941798,9486859.45,239545818.91,"2024-10-25T23:59:59.999Z"
"2024-10-24T00:00:00.000Z","2024-10-24T23:59:59.999Z","2024-10-24T21:38:00.000Z","2024-10-24T10:56:00.000Z","2781",0.2646764333,0.2905361055,0.2580736341,0.2754825468,8351406.01,275426942.04,"2024-10-24T23:59:59.999Z"
"2024-10-23T00:00:00.000Z","2024-10-23T23:59:59.999Z","2024-10-23T00:00:00.000Z","2024-10-23T17:07:00.000Z","2781",0.2887709219,0.2887709219,0.2376186299,0.2641961011,9942259.08,264142774.44,"2024-10-23T23:59:59.999Z"
"2024-10-22T00:00:00.000Z","2024-10-22T23:59:59.999Z","2024-10-22T07:58:00.000Z","2024-10-22T17:29:00.000Z","2781",0.292536019,0.3118872755,0.2680039819,0.2887709219,7611008.91,288712634.99,"2024-10-22T23:59:59.999Z"
"2024-10-21T00:00:00.000Z","2024-10-21T23:59:59.999Z","2024-10-21T00:37:00.000Z","2024-10-21T17:19:00.000Z","2781",0.3555952078,0.3697676385,0.2827456719,0.292536019,15118623.09,292476972.07,"2024-10-21T23:59:59.999Z"
"2024-10-20T00:00:00.000Z","2024-10-20T23:59:59.999Z","2024-10-20T23:58:00.000Z","2024-10-20T08:49:00.000Z","2781",0.3061936252,0.3557023155,0.2897019778,0.3555952078,7567317.44,355523432.69,"2024-10-20T23:59:59.999Z"
"2024-10-19T00:00:00.000Z","2024-10-19T23:59:59.999Z","2024-10-19T00:12:00.000Z","2024-10-19T14:29:00.000Z","2781",0.3379894771,0.3386750662,0.2862502964,0.3061936252,7715059.97,306131821.56,"2024-10-19T23:59:59.999Z"
"2024-10-18T00:00:00.000Z","2024-10-18T23:59:59.999Z","2024-10-18T22:02:00.000Z","2024-10-18T00:03:00.000Z","2781",0.2828353297,0.3539096448,0.2743964344,0.3379894771,10856944.28,337921255.58,"2024-10-18T23:59:59.999Z"
"2024-10-17T00:00:00.000Z","2024-10-17T23:59:59.999Z","2024-10-17T20:55:00.000Z","2024-10-17T18:58:00.000Z","2781",0.2542298512,0.3057671854,0.2429703337,0.2828353297,14524208.38,282778240.85,"2024-10-17T23:59:59.999Z"
"2024-10-16T00:00:00.000Z","2024-10-16T23:59:59.999Z","2024-10-16T03:50:00.000Z","2024-10-16T23:40:00.000Z","2781",0.2841446604,0.3016201626,0.2487964837,0.2542298512,10256504.5,254178536.2,"2024-10-16T23:59:59.999Z"
"2024-10-15T00:00:00.000Z","2024-10-15T23:59:59.999Z","2024-10-15T10:37:00.000Z","2024-10-15T21:08:00.000Z","2781",0.3117204057,0.3319872058,0.2682878294,0.2841446604,13109527.76,284087307.24,"2024-10-15T23:59:59.999Z"
"2024-10-14T00:00:00.000Z","2024-10-14T23:59:59.999Z","2024-10-14T04:49:00.000Z","2024-10-14T19:24:00.000Z","2781",0.3348292517,0.3733808577,0.2852450457,0.3117204057,17122509.32,311657486.48,"2024-10-14T23:59:59.999Z"
"2024-10-13T00:00:00.000Z","2024-10-13T23:59:59.999Z","2024-10-13T04:59:00.000Z","2024-10-13T15:41:00.000Z","2781",0.3109460289,0.376840742,0.3052821227,0.3348292517,22065886.95,334761668.09,"2024-10-13T23:59:59.999Z"
"2024-10-12T00:00:00.000Z","2024-10-12T23:59:59.999Z","2024-10-12T23:25:00.000Z","2024-10-12T00:01:00.000Z","2781",0.2315522621,0.3329924036,0.231301176,0.3109460289,22500867.72,310883266,"2024-10-12T23:59:59.999Z"
"2024-10-11T00:00:00.000Z","2024-10-11T23:59:59.999Z","2024-10-11T16:04:00.000Z","2024-10-11T04:38:00.000Z","2781",0.2176596066,0.243915713,0.1852901762,0.2315522621,13492631.07,231505524.42,"2024-10-11T23:59:59.999Z"
"2024-10-10T00:00:00.000Z","2024-10-10T23:59:59.999Z","2024-10-10T05:42:00.000Z","2024-10-10T18:27:00.000Z","2781",0.2326285424,0.2477779641,0.1891321409,0.2176596066,15723585.21,217270324.24,"2024-10-10T23:59:59.999Z"
"2024-10-09T00:00:00.000Z","2024-10-09T23:59:59.999Z","2024-10-09T15:52:00.000Z","2024-10-09T21:10:00.000Z","2781",0.2753085079,0.3011506909,0.2059270403,0.2326285424,32788125,232581587.53,"2024-10-09T23:59:59.999Z"
"2024-10-08T00:00:00.000Z","2024-10-08T23:59:59.999Z","2024-10-08T21:26:00.000Z","2024-10-08T01:29:00.000Z","2781",0.1677016768,0.2915260872,0.1644926914,0.2680801871,41192505.04,268026076.42,"2024-10-08T23:59:59.999Z"
"2024-10-07T00:00:00.000Z","2024-10-07T23:59:59.999Z","2024-10-07T16:40:00.000Z","2024-10-07T23:08:00.000Z","2781",0.1688204253,0.2285312548,0.1655229004,0.1677016768,26458875.41,167667827.09,"2024-10-07T23:59:59.999Z"
"2024-10-06T00:00:00.000Z","2024-10-06T23:59:59.999Z","2024-10-06T13:01:00.000Z","2024-10-06T00:46:00.000Z","2781",0.1574397688,0.1740358172,0.1547041281,0.1688204253,5427116.69,168786349.79,"2024-10-06T23:59:59.999Z"
"2024-10-05T00:00:00.000Z","2024-10-05T23:59:59.999Z","2024-10-05T01:56:00.000Z","2024-10-05T21:01:00.000Z","2781",0.1678539716,0.180003139,0.1433066336,0.1574397688,8455464.35,157407990.42,"2024-10-05T23:59:59.999Z"
"2024-10-04T00:00:00.000Z","2024-10-04T23:59:59.999Z","2024-10-04T23:55:00.000Z","2024-10-04T03:40:00.000Z","2781",0.1242100169,0.1681377928,0.1207240997,0.1678539716,7397155.44,167820091.12,"2024-10-04T23:59:59.999Z"
"2024-10-03T00:00:00.000Z","2024-10-03T23:59:59.999Z","2024-10-03T02:52:00.000Z","2024-10-03T17:18:00.000Z","2781",0.1220885011,0.1339096401,0.1132759139,0.1242100169,4956319.21,124184945.76,"2024-10-03T23:59:59.999Z"
"2024-10-02T00:00:00.000Z","2024-10-02T23:59:59.999Z","2024-10-02T16:10:00.000Z","2024-10-02T20:10:00.000Z","2781",0.1253287832,0.1351337194,0.1180824414,0.1220885011,3602206.25,122063858.12,"2024-10-02T23:59:59.999Z"
"2024-10-01T00:00:00.000Z","2024-10-01T23:59:59.999Z","2024-10-01T06:54:00.000Z","2024-10-01T23:57:00.000Z","2781",0.1331293735,0.1614803881,0.125186056,0.1253287832,6523948.58,125303486.26,"2024-10-01T23:59:59.999Z"
"2024-09-30T00:00:00.000Z","2024-09-30T23:59:59.999Z","2024-09-30T00:25:00.000Z","2024-09-30T09:38:00.000Z","2781",0.1444035398,0.1447403391,0.1276923424,0.1331293735,3836794.79,133102502.05,"2024-09-30T23:59:59.999Z"
"2024-09-29T00:00:00.000Z","2024-09-29T23:59:59.999Z","2024-09-29T20:59:00.000Z","2024-09-29T00:07:00.000Z","2781",0.1226229551,0.1537034814,0.1221444142,0.1444035398,5160213.51,144374392.64,"2024-09-29T23:59:59.999Z"
"2024-09-28T00:00:00.000Z","2024-09-28T23:59:59.999Z","2024-09-28T01:13:00.000Z","2024-09-28T10:32:00.000Z","2781",0.1249714365,0.1253718755,0.1146778337,0.1226229551,3291819.58,122598204.27,"2024-09-28T23:59:59.999Z"
"2024-09-27T00:00:00.000Z","2024-09-27T23:59:59.999Z","2024-09-27T12:41:00.000Z","2024-09-27T03:34:00.000Z","2781",0.1188514755,0.1300702227,0.1158037643,0.1249714365,3118167.72,124946211.69,"2024-09-27T23:59:59.999Z"
"2024-09-26T00:00:00.000Z","2024-09-26T23:59:59.999Z","2024-09-26T14:20:00.000Z","2024-09-26T01:52:00.000Z","2781",0.0932003368,0.1222126274,0.0927627428,0.1188514755,5009491.23,118827485.98,"2024-09-26T23:59:59.999Z"
"2024-09-25T00:00:00.000Z","2024-09-25T23:59:59.999Z","2024-09-25T00:22:00.000Z","2024-09-25T18:21:00.000Z","2781",0.0974957429,0.0979801426,0.0900800619,0.0932003368,1711765.04,93181524.81,"2024-09-25T23:59:59.999Z"
"2024-09-24T00:00:00.000Z","2024-09-24T23:59:59.999Z","2024-09-24T23:20:00.000Z","2024-09-24T15:57:00.000Z","2781",0.0951380923,0.0993337934,0.0916453107,0.0974957429,1736342.91,97476063.91,"2024-09-24T23:59:59.999Z"
"2024-09-23T00:00:00.000Z","2024-09-23T23:59:59.999Z","2024-09-23T07:04:00.000Z","2024-09-23T00:19:00.000Z","2781",0.0952242196,0.1030785615,0.0943533791,0.0951380923,2144493.91,95118889.19,"2024-09-23T23:59:59.999Z"
"2024-09-22T00:00:00.000Z","2024-09-22T23:59:59.999Z","2024-09-22T00:22:00.000Z","2024-09-22T16:19:00.000Z","2781",0.0991337607,0.1002837665,0.0917968315,0.0952237583,1598102.93,95204999.08,"2024-09-22T23:59:59.999Z"
"2024-09-21T00:00:00.000Z","2024-09-21T23:59:59.999Z","2024-09-21T23:59:00.000Z","2024-09-21T14:09:00.000Z","2781",0.0936236381,0.0991337607,0.0916992019,0.0991337607,1728297.2,99113751.07,"2024-09-21T23:59:59.999Z"
"2024-09-20T00:00:00.000Z","2024-09-20T23:59:59.999Z","2024-09-20T06:43:00.000Z","2024-09-20T18:16:00.000Z","2781",0.1006594124,0.1043919854,0.0918644548,0.0936236381,2470887.89,93604740.63,"2024-09-20T23:59:59.999Z"
"2024-09-19T00:00:00.000Z","2024-09-19T23:59:59.999Z","2024-09-19T16:55:00.000Z","2024-09-19T00:00:00.000Z","2781",0.0846593479,0.107211808,0.0845979514,0.1006594124,3303872.72,100639094.84,"2024-09-19T23:59:59.999Z"
"2024-09-18T00:00:00.000Z","2024-09-18T23:59:59.999Z","2024-09-18T23:59:00.000Z","2024-09-18T16:27:00.000Z","2781",0.0835136898,0.084659956,0.0778760927,0.0846593479,2038895.95,84642259.86,"2024-09-18T23:59:59.999Z"
"2024-09-17T00:00:00.000Z","2024-09-17T23:59:59.999Z","2024-09-17T20:17:00.000Z","2024-09-17T04:14:00.000Z","2781",0.0767439154,0.0842427532,0.0750432325,0.0835136898,2643107.67,83496832.98,"2024-09-17T23:59:59.999Z"
"2024-09-16T00:00:00.000Z","2024-09-16T23:59:59.999Z","2024-09-16T11:38:00.000Z","2024-09-16T17:17:00.000Z","2781",0.0842042277,0.0855909759,0.0738447701,0.0767439154,2306529.42,76728424.99,"2024-09-16T23:59:59.999Z"
"2024-09-15T00:00:00.000Z","2024-09-15T23:59:59.999Z","2024-09-15T02:27:00.000Z","2024-09-15T23:40:00.000Z","2781",0.0851760832,0.0900011233,0.0839644672,0.0842042277,1822949.53,84187231.46,"2024-09-15T23:59:59.999Z"
"2024-09-14T00:00:00.000Z","2024-09-14T23:59:59.999Z","2024-09-14T00:18:00.000Z","2024-09-14T09:08:00.000Z","2781",0.0881320081,0.0885279653,0.0842294203,0.0851760832,1458956.86,85158890.79,"2024-09-14T23:59:59.999Z"
"2024-09-13T00:00:00.000Z","2024-09-13T23:59:59.999Z","2024-09-13T21:49:00.000Z","2024-09-13T10:09:00.000Z","2781",0.0808255414,0.0890869045,0.0777146165,0.0881320081,1746859.46,88114219.15,"2024-09-13T23:59:59.999Z"
"2024-09-12T00:00:00.000Z","2024-09-12T23:59:59.999Z","2024-09-12T04:36:00.000Z","2024-09-12T15:26:00.000Z","2781",0.0785030098,0.0824687158,0.073705201,0.0808255414,1825792.62,80809227.15,"2024-09-12T23:59:59.999Z"
"2024-09-11T00:00:00.000Z","2024-09-11T23:59:59.999Z","2024-09-11T00:00:00.000Z","2024-09-11T14:17:00.000Z","2781",0.0844840313,0.0844840907,0.0765355041,0.0785030098,1369416.32,78487164.35,"2024-09-11T23:59:59.999Z"
"2024-09-10T00:00:00.000Z","2024-09-10T23:59:59.999Z","2024-09-10T20:02:00.000Z","2024-09-10T06:26:00.000Z","2781",0.077818002,0.0853501649,0.0736932769,0.0844840313,1917837.54,84466978.67,"2024-09-10T23:59:59.999Z"
"2024-09-09T00:00:00.000Z","2024-09-09T23:59:59.999Z","2024-09-09T20:00:00.000Z","2024-09-09T06:13:00.000Z","2781",0.0724464982,0.0792047834,0.0680554582,0.077818002,2507105.55,77802294.82,"2024-09-09T23:59:59.999Z"
"2024-09-08T00:00:00.000Z","2024-09-08T23:59:59.999Z","2024-09-08T05:53:00.000Z","2024-09-08T20:05:00.000Z","2781",0.07475873,0.0766937188,0.0701368398,0.0724464982,1529853.72,72431875.21,"2024-09-08T23:59:59.999Z"
"2024-09-07T00:00:00.000Z","2024-09-07T23:59:59.999Z","2024-09-07T19:01:00.000Z","2024-09-07T02:58:00.000Z","2781",0.0727107115,0.07661264,0.0706783815,0.07475873,1612026.82,74743640.35,"2024-09-07T23:59:59.999Z"
"2024-09-06T00:00:00.000Z","2024-09-06T23:59:59.999Z","2024-09-06T02:10:00.000Z","2024-09-06T20:39:00.000Z","2781",0.0800771087,0.0817292397,0.0714305679,0.0727107115,2013955.17,72696035.26,"2024-09-06T23:59:59.999Z"
"2024-09-05T00:00:00.000Z","2024-09-05T23:59:59.999Z","2024-09-05T01:42:00.000Z","2024-09-05T09:41:00.000Z","2781",0.0827536182,0.0831285348,0.0799961452,0.0800771087,1355398.08,80060945.52,"2024-09-05T23:59:59.999Z"
"2024-09-04T00:00:00.000Z","2024-09-04T23:59:59.999Z","2024-09-04T17:19:00.000Z","2024-09-04T01:29:00.000Z","2781",0.0835132472,0.0860802157,0.0789306001,0.0827536182,1664806.21,82736914.84,"2024-09-04T23:59:59.999Z"
"2024-09-03T00:00:00.000Z","2024-09-03T23:59:59.999Z","2024-09-03T02:19:00.000Z","2024-09-03T16:33:00.000Z","2781",0.0882634795,0.0900345149,0.0813828693,0.0835132472,1703072.24,83496390.44,"2024-09-03T23:59:59.999Z"
"2024-09-02T00:00:00.000Z","2024-09-02T23:59:59.999Z","2024-09-02T10:46:00.000Z","2024-09-02T02:43:00.000Z","2781",0.084261609,0.0919897622,0.0839558756,0.0882634795,1877965.38,88245663.97,"2024-09-02T23:59:59.999Z"
"2024-09-01T00:00:00.000Z","2024-09-01T23:59:59.999Z","2024-09-01T00:27:00.000Z","2024-09-01T14:37:00.000Z","2781",0.0902329235,0.0904591063,0.0832728711,0.084261609,1851838.29,84244601.23,"2024-09-01T23:59:59.999Z"
"2024-08-31T00:00:00.000Z","2024-08-31T23:59:59.999Z","2024-08-31T00:46:00.000Z","2024-08-31T17:31:00.000Z","2781",0.0906854679,0.0908147427,0.0878698827,0.0902329235,1266948.5,90214710.45,"2024-08-31T23:59:59.999Z"
"2024-08-30T00:00:00.000Z","2024-08-30T23:59:59.999Z","2024-08-30T00:02:00.000Z","2024-08-30T16:58:00.000Z","2781",0.0941148754,0.0941256037,0.0862217803,0.0906854679,2019041.66,90667163.46,"2024-08-30T23:59:59.999Z"
"2024-08-29T00:00:00.000Z","2024-08-29T23:59:59.999Z","2024-08-29T16:10:00.000Z","2024-08-29T05:31:00.000Z","2781",0.0939384583,0.1023001735,0.0929982817,0.0941148754,2100859.52,94095878.83,"2024-08-29T23:59:59.999Z"
"2024-08-28T00:00:00.000Z","2024-08-28T23:59:59.999Z","2024-08-28T19:07:00.000Z","2024-08-28T02:07:00.000Z","2781",0.0905842989,0.0959074947,0.0882413773,0.0939384583,2396373.3,93919497.35,"2024-08-28T23:59:59.999Z"
"2024-08-27T00:00:00.000Z","2024-08-27T23:59:59.999Z","2024-08-27T04:31:00.000Z","2024-08-27T23:11:00.000Z","2781",0.1063345923,0.1075887737,0.0881906598,0.0905842989,2797570.68,90566014.88,"2024-08-27T23:59:59.999Z"
"2024-08-26T00:00:00.000Z","2024-08-26T23:59:59.999Z","2024-08-26T05:07:00.000Z","2024-08-26T23:26:00.000Z","2781",0.1182259764,0.1185003552,0.1060693087,0.1063345923,2613810.61,106313129.19,"2024-08-26T23:59:59.999Z"
"2024-08-25T00:00:00.000Z","2024-08-25T23:59:59.999Z","2024-08-25T00:34:00.000Z","2024-08-25T19:49:00.000Z","2781",0.1177558262,0.1199762582,0.1125908068,0.1182259764,2887853.11,118202113.06,"2024-08-25T23:59:59.999Z"
"2024-08-24T00:00:00.000Z","2024-08-24T23:59:59.999Z","2024-08-24T19:50:00.000Z","2024-08-24T14:13:00.000Z","2781",0.1149674695,0.125716389,0.1147502166,0.1177558262,4066941.92,117732057.78,"2024-08-24T23:59:59.999Z"
"2024-08-23T00:00:00.000Z","2024-08-23T23:59:59.999Z","2024-08-23T22:38:00.000Z","2024-08-23T00:19:00.000Z","2781",0.0918629999,0.115881112,0.0917613081,0.1149674695,3942711.49,114944263.85,"2024-08-23T23:59:59.999Z"
"2024-08-22T00:00:00.000Z","2024-08-22T23:59:59.999Z","2024-08-22T11:49:00.000Z","2024-08-22T22:07:00.000Z","2781",0.0941306755,0.0976451502,0.0913527729,0.0918629999,2900832.98,91844457.79,"2024-08-22T23:59:59.999Z"
"2024-08-21T00:00:00.000Z","2024-08-21T23:59:59.999Z","2024-08-21T20:35:00.000Z","2024-08-21T13:37:00.000Z","2781",0.0903366181,0.0953390966,0.0862413537,0.0941306755,3000114.26,94111675.67,"2024-08-21T23:59:59.999Z"
"2024-08-20T00:00:00.000Z","2024-08-20T23:59:59.999Z","2024-08-20T10:10:00.000Z","2024-08-20T16:55:00.000Z","2781",0.0906698958,0.0975273345,0.0892913599,0.0906449398,3044589.77,90626643.6,"2024-08-20T23:59:59.999Z"
"2024-08-19T00:00:00.000Z","2024-08-19T23:59:59.999Z","2024-08-19T05:19:00.000Z","2024-08-19T10:10:00.000Z","2781",0.094322154,0.0972047583,0.0861390802,0.0902165254,3528203.61,90198315.68,"2024-08-19T23:59:59.999Z"
"2024-08-18T00:00:00.000Z","2024-08-18T23:59:59.999Z","2024-08-18T13:36:00.000Z","2024-08-18T23:57:00.000Z","2781",0.0959815254,0.1001128466,0.0943176631,0.094322154,2413038.09,94303115.53,"2024-08-18T23:59:59.999Z"
"2024-08-17T00:00:00.000Z","2024-08-17T23:59:59.999Z","2024-08-17T00:00:00.000Z","2024-08-17T12:36:00.000Z","2781",0.1030685975,0.1030685975,0.0948720144,0.0959815254,2808646.19,95962152.04,"2024-08-17T23:59:59.999Z"
"2024-08-16T00:00:00.000Z","2024-08-16T23:59:59.999Z","2024-08-16T11:30:00.000Z","2024-08-16T00:01:00.000Z","2781",0.0998952299,0.1070229955,0.0998723769,0.1030685975,2453738.09,103047793.63,"2024-08-16T23:59:59.999Z"
"2024-08-15T00:00:00.000Z","2024-08-15T23:59:59.999Z","2024-08-15T16:45:00.000Z","2024-08-15T21:18:00.000Z","2781",0.1081819764,0.1099925893,0.096336989,0.0998952299,3775267.29,99875066.52,"2024-08-15T23:59:59.999Z"
"2024-08-14T00:00:00.000Z","2024-08-14T23:59:59.999Z","2024-08-14T12:32:00.000Z","2024-08-14T02:16:00.000Z","2781",0.1104635957,0.1189441438,0.1075893328,0.1081819764,3282079.5,108160140.42,"2024-08-14T23:59:59.999Z"
"2024-08-13T00:00:00.000Z","2024-08-13T23:59:59.999Z","2024-08-13T00:13:00.000Z","2024-08-13T12:10:00.000Z","2781",0.1199652666,0.120507307,0.1085878858,0.1104635957,2846314.57,110441299.16,"2024-08-13T23:59:59.999Z"
"2024-08-12T00:00:00.000Z","2024-08-12T23:59:59.999Z","2024-08-12T15:10:00.000Z","2024-08-12T00:37:00.000Z","2781",0.1118034246,0.1215444782,0.1102875999,0.1199652666,2805972.77,119941052.23,"2024-08-12T23:59:59.999Z"
"2024-08-11T00:00:00.000Z","2024-08-11T23:59:59.999Z","2024-08-11T07:58:00.000Z","2024-08-11T23:58:00.000Z","2781",0.125622828,0.1297577407,0.1117079227,0.1118034246,2932212.18,111780857.62,"2024-08-11T23:59:59.999Z"
"2024-08-10T00:00:00.000Z","2024-08-10T23:59:59.999Z","2024-08-10T19:07:00.000Z","2024-08-10T05:19:00.000Z","2781",0.1203222436,0.1259696412,0.1180220823,0.125622828,2727482.14,125597471.62,"2024-08-10T23:59:59.999Z"
"2024-08-09T00:00:00.000Z","2024-08-09T23:59:59.999Z","2024-08-09T00:30:00.000Z","2024-08-09T14:46:00.000Z","2781",0.1254910279,0.1257310035,0.1181095393,0.1203222436,3064244,120297957.19,"2024-08-09T23:59:59.999Z"
"2024-08-08T00:00:00.000Z","2024-08-08T23:59:59.999Z","2024-08-08T23:05:00.000Z","2024-08-08T00:37:00.000Z","2781",0.0962719192,0.1305615696,0.0954270807,0.1254910279,3642523.02,125465698.14,"2024-08-08T23:59:59.999Z"
"2024-08-07T00:00:00.000Z","2024-08-07T23:59:59.999Z","2024-08-07T10:46:00.000Z","2024-08-07T22:31:00.000Z","2781",0.1047014524,0.1129035953,0.0962167933,0.0962719192,3352032.42,96252487.17,"2024-08-07T23:59:59.999Z"
"2024-08-06T00:00:00.000Z","2024-08-06T23:59:59.999Z","2024-08-06T00:37:00.000Z","2024-08-06T09:11:00.000Z","2781",0.1057608694,0.1135786414,0.1039038767,0.1047014524,3938841.66,104680318.96,"2024-08-06T23:59:59.999Z"
"2024-08-05T00:00:00.000Z","2024-08-05T23:59:59.999Z","2024-08-05T22:54:00.000Z","2024-08-05T06:30:00.000Z","2781",0.0909047796,0.1089086144,0.076027541,0.1057608694,5600073.84,105739522.09,"2024-08-05T23:59:59.999Z"
"2024-08-04T00:00:00.000Z","2024-08-04T23:59:59.999Z","2024-08-04T12:44:00.000Z","2024-08-04T17:49:00.000Z","2781",0.1007368301,0.112131552,0.0894565817,0.0909047796,5304110.96,90886430.97,"2024-08-04T23:59:59.999Z"
"2024-08-03T00:00:00.000Z","2024-08-03T23:59:59.999Z","2024-08-03T15:03:00.000Z","2024-08-03T23:09:00.000Z","2781",0.1181163594,0.1231645783,0.0983521229,0.1007368301,4339203.2,100716496.89,"2024-08-03T23:59:59.999Z"
"2024-08-02T00:00:00.000Z","2024-08-02T23:59:59.999Z","2024-08-02T00:01:00.000Z","2024-08-02T15:22:00.000Z","2781",0.1294833026,0.1295340529,0.1107784229,0.1181163594,4784843.28,118092518.17,"2024-08-02T23:59:59.999Z"
"2024-08-01T00:00:00.000Z","2024-08-01T23:59:59.999Z","2024-08-01T02:16:00.000Z","2024-08-01T15:31:00.000Z","2781",0.130796287,0.1318956966,0.1133345804,0.1294833026,4752365.95,129457167,"2024-08-01T23:59:59.999Z"
"2024-07-31T00:00:00.000Z","2024-07-31T23:59:59.999Z","2024-07-31T07:43:00.000Z","2024-07-31T22:28:00.000Z","2781",0.1334940189,0.1465589987,0.1294509982,0.130796287,3412663.54,130769886.43,"2024-07-31T23:59:59.999Z"
"2024-07-30T00:00:00.000Z","2024-07-30T23:59:59.999Z","2024-07-30T08:55:00.000Z","2024-07-30T19:02:00.000Z","2781",0.1384669345,0.1409814508,0.1268079412,0.1334940189,4139134.2,133467073.84,"2024-07-30T23:59:59.999Z"
"2024-07-29T00:00:00.000Z","2024-07-29T23:59:59.999Z","2024-07-29T06:52:00.000Z","2024-07-29T17:37:00.000Z","2781",0.151077074,0.164687013,0.1333730656,0.1384669345,5444294.04,138438985.66,"2024-07-29T23:59:59.999Z"
"2024-07-28T00:00:00.000Z","2024-07-28T23:59:59.999Z","2024-07-28T00:00:00.000Z","2024-07-28T23:43:00.000Z","2781",0.1653314325,0.1653316723,0.1476721226,0.151077074,2818470.73,151046579.81,"2024-07-28T23:59:59.999Z"
"2024-07-27T00:00:00.000Z","2024-07-27T23:59:59.999Z","2024-07-27T13:57:00.000Z","2024-07-27T19:16:00.000Z","2781",0.167230192,0.1759722362,0.1579654928,0.1653314325,4077491.4,165298061.14,"2024-07-27T23:59:59.999Z"
"2024-07-26T00:00:00.000Z","2024-07-26T23:59:59.999Z","2024-07-26T19:47:00.000Z","2024-07-26T00:13:00.000Z","2781",0.1515439565,0.1714060084,0.1506544222,0.167230192,4094512.34,167196437.4,"2024-07-26T23:59:59.999Z"
"2024-07-25T00:00:00.000Z","2024-07-25T23:59:59.999Z","2024-07-25T16:36:00.000Z","2024-07-25T22:30:00.000Z","2781",0.165010541,0.1751939706,0.1461637811,0.1515439565,7025755.04,151513368.08,"2024-07-25T23:59:59.999Z"
"2024-07-24T00:00:00.000Z","2024-07-24T23:59:59.999Z","2024-07-24T14:44:00.000Z","2024-07-24T23:59:00.000Z","2781",0.1842214618,0.1966414955,0.1643980315,0.165010541,5273062.65,164977234.42,"2024-07-24T23:59:59.999Z"
"2024-07-23T00:00:00.000Z","2024-07-23T23:59:59.999Z","2024-07-23T10:49:00.000Z","2024-07-23T22:10:00.000Z","2781",0.1749779524,0.2015495887,0.1728851118,0.1842215745,7053789.57,184184277.6,"2024-07-23T23:59:59.999Z"
"2024-07-22T00:00:00.000Z","2024-07-22T23:59:59.999Z","2024-07-22T00:58:00.000Z","2024-07-22T15:04:00.000Z","2781",0.1803709327,0.1826620336,0.1694688829,0.1749779524,4943791.64,174942634.01,"2024-07-22T23:59:59.999Z"
"2024-07-21T00:00:00.000Z","2024-07-21T23:59:59.999Z","2024-07-21T16:07:00.000Z","2024-07-21T07:49:00.000Z","2781",0.1858244646,0.2035380956,0.1673896704,0.1803709327,8551542.04,180334525.76,"2024-07-21T23:59:59.999Z"
"2024-07-20T00:00:00.000Z","2024-07-20T23:59:59.999Z","2024-07-20T18:09:00.000Z","2024-07-20T02:19:00.000Z","2781",0.1621748861,0.2026176334,0.1584999698,0.1858244646,7325847.77,185786956.84,"2024-07-20T23:59:59.999Z"
"2024-07-19T00:00:00.000Z","2024-07-19T23:59:59.999Z","2024-07-19T19:57:00.000Z","2024-07-19T00:25:00.000Z","2781",0.1297338802,0.167094401,0.1294604497,0.1621748861,5656922.86,162142151.87,"2024-07-19T23:59:59.999Z"
"2024-07-18T00:00:00.000Z","2024-07-18T23:59:59.999Z","2024-07-18T07:37:00.000Z","2024-07-18T16:33:00.000Z","2781",0.1304889875,0.1417442117,0.126680634,0.1297338674,3773221.79,129707681.27,"2024-07-18T23:59:59.999Z"
"2024-07-17T00:00:00.000Z","2024-07-17T23:59:59.999Z","2024-07-17T01:36:00.000Z","2024-07-17T23:18:00.000Z","2781",0.14733365,0.1527544066,0.1301247111,0.1304836282,4324501.39,130457290.7,"2024-07-17T23:59:59.999Z"
"2024-07-16T00:00:00.000Z","2024-07-16T23:59:59.999Z","2024-07-16T00:51:00.000Z","2024-07-16T08:22:00.000Z","2781",0.1443044547,0.1491705296,0.1317676113,0.1473716159,5360418.11,147341869.73,"2024-07-16T23:59:59.999Z"
"2024-07-15T00:00:00.000Z","2024-07-15T23:59:59.999Z","2024-07-15T23:04:00.000Z","2024-07-15T00:28:00.000Z","2781",0.1218364854,0.1450624475,0.1202872019,0.1443051852,4555461.24,144276057.97,"2024-07-15T23:59:59.999Z"
"2024-07-14T00:00:00.000Z","2024-07-14T23:59:59.999Z","2024-07-14T23:57:00.000Z","2024-07-14T00:00:00.000Z","2781",0.1132290032,0.1223862286,0.1132290032,0.1218362027,3794476.05,121811610.69,"2024-07-14T23:59:59.999Z"
"2024-07-13T00:00:00.000Z","2024-07-13T23:59:59.999Z","2024-07-13T18:17:00.000Z","2024-07-13T00:31:00.000Z","2781",0.1074877092,0.1147679359,0.1074818218,0.1129235506,2838977.19,112900757.58,"2024-07-13T23:59:59.999Z"
"2024-07-12T00:00:00.000Z","2024-07-12T23:59:59.999Z","2024-07-12T18:47:00.000Z","2024-07-12T12:25:00.000Z","2781",0.1057719034,0.1077548861,0.1006694807,0.1074890057,3384953.24,107467309.63,"2024-07-12T23:59:59.999Z"
"2024-07-11T00:00:00.000Z","2024-07-11T23:59:59.999Z","2024-07-11T12:55:00.000Z","2024-07-11T23:40:00.000Z","2781",0.1111685609,0.1187214444,0.1057204395,0.1057718471,3050062.81,105750497.62,"2024-07-11T23:59:59.999Z"
"2024-07-10T00:00:00.000Z","2024-07-10T23:59:59.999Z","2024-07-10T07:46:00.000Z","2024-07-10T19:36:00.000Z","2781",0.1093883388,0.1171306876,0.1082033466,0.1111685364,3527551.09,111146097.62,"2024-07-10T23:59:59.999Z"
"2024-07-09T00:00:00.000Z","2024-07-09T23:59:59.999Z","2024-07-09T08:58:00.000Z","2024-07-09T14:16:00.000Z","2781",0.1061687527,0.1136275146,0.1049585774,0.1093883537,3629502.1,109366274.16,"2024-07-09T23:59:59.999Z"
"2024-07-08T00:00:00.000Z","2024-07-08T23:59:59.999Z","2024-07-08T22:45:00.000Z","2024-07-08T01:48:00.000Z","2781",0.0945007213,0.1078135287,0.0888214616,0.1061687527,3648730.04,106147323.09,"2024-07-08T23:59:59.999Z"
"2024-07-07T00:00:00.000Z","2024-07-07T23:59:59.999Z","2024-07-07T00:00:00.000Z","2024-07-07T14:55:00.000Z","2781",0.1038306169,0.1038306169,0.0934826633,0.0945000337,3139640.2,94480959.39,"2024-07-07T23:59:59.999Z"
"2024-07-06T00:00:00.000Z","2024-07-06T23:59:59.999Z","2024-07-06T23:05:00.000Z","2024-07-06T04:50:00.000Z","2781",0.0929827036,0.1053228912,0.0903595879,0.1038306297,3739200.61,103809671.97,"2024-07-06T23:59:59.999Z"
"2024-07-05T00:00:00.000Z","2024-07-05T23:59:59.999Z","2024-07-05T21:19:00.000Z","2024-07-05T04:23:00.000Z","2781",0.0914666281,0.096505213,0.0810477972,0.0929827246,4111783.3,92963956.47,"2024-07-05T23:59:59.999Z"
"2024-07-04T00:00:00.000Z","2024-07-04T23:59:59.999Z","2024-07-04T21:30:00.000Z","2024-07-04T14:41:00.000Z","2781",0.0921133535,0.0970042387,0.082762271,0.0914671271,4154431.38,91448664.94,"2024-07-04T23:59:59.999Z"
"2024-07-03T00:00:00.000Z","2024-07-03T23:59:59.999Z","2024-07-03T00:31:00.000Z","2024-07-03T13:11:00.000Z","2781",0.1064861173,0.1069722436,0.0885872261,0.0921150714,5063325.79,92096478.42,"2024-07-03T23:59:59.999Z"
"2024-07-02T00:00:00.000Z","2024-07-02T23:59:59.999Z","2024-07-02T07:25:00.000Z","2024-07-02T18:07:00.000Z","2781",0.1125733751,0.1132346975,0.10592291,0.1064860663,3247747.18,106464572.67,"2024-07-02T23:59:59.999Z"
"2024-07-01T00:00:00.000Z","2024-07-01T23:59:59.999Z","2024-07-01T02:04:00.000Z","2024-07-01T21:46:00.000Z","2781",0.1194633876,0.1248788679,0.1080976287,0.1125733865,3769789.93,112550664.17,"2024-07-01T23:59:59.999Z"
"2024-06-30T00:00:00.000Z","2024-06-30T23:59:59.999Z","2024-06-30T23:57:00.000Z","2024-06-30T06:44:00.000Z","2781",0.1046280119,0.1225204248,0.1013226178,0.1194482121,4801992.48,119424102.05,"2024-06-30T23:59:59.999Z"
"2024-06-29T00:00:00.000Z","2024-06-29T23:59:59.999Z","2024-06-29T23:47:00.000Z","2024-06-29T00:35:00.000Z","2781",0.0993424664,0.1058302443,0.0982494989,0.104628032,3132734.68,104606913.36,"2024-06-29T23:59:59.999Z"
"2024-06-28T00:00:00.000Z","2024-06-28T23:59:59.999Z","2024-06-28T02:43:00.000Z","2024-06-28T19:59:00.000Z","2781",0.1134772697,0.1203622868,0.0991400816,0.0993424657,3588588.54,99322413.95,"2024-06-28T23:59:59.999Z"
"2024-06-27T00:00:00.000Z","2024-06-27T23:59:59.999Z","2024-06-27T23:37:00.000Z","2024-06-27T10:27:00.000Z","2781",0.0990625849,0.1159204878,0.0969441902,0.113477273,3702524.44,113454368.23,"2024-06-27T23:59:59.999Z"
"2024-06-26T00:00:00.000Z","2024-06-26T23:59:59.999Z","2024-06-26T01:38:00.000Z","2024-06-26T13:31:00.000Z","2781",0.1157890259,0.1159281964,0.097042056,0.0990626077,3235468.61,99042612.43,"2024-06-26T23:59:59.999Z"
"2024-06-25T00:00:00.000Z","2024-06-25T23:59:59.999Z","2024-06-25T22:10:00.000Z","2024-06-25T00:28:00.000Z","2781",0.0994869149,0.1205872003,0.0989041147,0.1157890908,3995843.36,115765719.36,"2024-06-25T23:59:59.999Z"
"2024-06-24T00:00:00.000Z","2024-06-24T23:59:59.999Z","2024-06-24T23:57:00.000Z","2024-06-24T16:49:00.000Z","2781",0.0980161225,0.0995511606,0.088701593,0.0994869215,3399359.03,99466840.57,"2024-06-24T23:59:59.999Z"
"2024-06-23T00:00:00.000Z","2024-06-23T23:59:59.999Z","2024-06-23T08:34:00.000Z","2024-06-23T22:25:00.000Z","2781",0.1031735503,0.1084395965,0.0972352226,0.0980161225,2997687.69,97996338.44,"2024-06-23T23:59:59.999Z"
"2024-06-22T00:00:00.000Z","2024-06-22T23:59:59.999Z","2024-06-22T00:08:00.000Z","2024-06-22T20:32:00.000Z","2781",0.1143639877,0.1143897587,0.1015112531,0.1031735592,3336650.28,103152734.14,"2024-06-22T23:59:59.999Z"
"2024-06-21T00:00:00.000Z","2024-06-21T23:59:59.999Z","2024-06-21T19:19:00.000Z","2024-06-21T18:09:00.000Z","2781",0.1113233544,0.1153039325,0.1090397042,0.1143640199,3017598.73,114340936.13,"2024-06-21T23:59:59.999Z"
"2024-06-20T00:00:00.000Z","2024-06-20T23:59:59.999Z","2024-06-20T02:01:00.000Z","2024-06-20T23:47:00.000Z","2781",0.1281268906,0.1335869481,0.1107390795,0.1113233458,3551860.7,111300875.71,"2024-06-20T23:59:59.999Z"
"2024-06-19T00:00:00.000Z","2024-06-19T23:59:59.999Z","2024-06-19T23:31:00.000Z","2024-06-19T15:47:00.000Z","2781",0.1124972347,0.1319109833,0.1087367769,0.1281268906,4891999.55,128101028.84,"2024-06-19T23:59:59.999Z"
"2024-06-18T00:00:00.000Z","2024-06-18T23:59:59.999Z","2024-06-18T00:00:00.000Z","2024-06-18T20:26:00.000Z","2781",0.1232628072,0.1232628072,0.1084463372,0.1125002352,3305366.48,112477527.62,"2024-06-18T23:59:59.999Z"
"2024-06-17T00:00:00.000Z","2024-06-17T23:59:59.999Z","2024-06-17T06:21:00.000Z","2024-06-17T16:23:00.000Z","2781",0.1239645218,0.1407313366,0.1222795248,0.1232629308,3796732.14,123238050.81,"2024-06-17T23:59:59.999Z"
"2024-06-16T00:00:00.000Z","2024-06-16T23:59:59.999Z","2024-06-16T23:06:00.000Z","2024-06-16T00:27:00.000Z","2781",0.1151693444,0.1248179311,0.1148783855,0.1239645303,1931939.05,123939508.71,"2024-06-16T23:59:59.999Z"
"2024-06-15T00:00:00.000Z","2024-06-15T23:59:59.999Z","2024-06-15T15:43:00.000Z","2024-06-15T03:52:00.000Z","2781",0.1085378142,0.1201183,0.1074856026,0.115169177,1936864.18,115145930.72,"2024-06-15T23:59:59.999Z"
"2024-06-14T00:00:00.000Z","2024-06-14T23:59:59.999Z","2024-06-14T11:37:00.000Z","2024-06-14T17:49:00.000Z","2781",0.1102471474,0.115657419,0.0975591278,0.1085377921,4033943.56,108515884.32,"2024-06-14T23:59:59.999Z"
"2024-06-13T00:00:00.000Z","2024-06-13T23:59:59.999Z","2024-06-13T00:00:00.000Z","2024-06-13T16:07:00.000Z","2781",0.120873898,0.120873898,0.1070864285,0.1102470733,3039101.29,110224820.45,"2024-06-13T23:59:59.999Z"
"2024-06-12T00:00:00.000Z","2024-06-12T23:59:59.999Z","2024-06-12T13:20:00.000Z","2024-06-12T04:40:00.000Z","2781",0.1239568833,0.1317230471,0.1112488861,0.1208738026,2837440.1,120849404.87,"2024-06-12T23:59:59.999Z"
"2024-06-11T00:00:00.000Z","2024-06-11T23:59:59.999Z","2024-06-11T01:27:00.000Z","2024-06-11T08:23:00.000Z","2781",0.1283322508,0.1299137758,0.1142229918,0.1239568477,3032287.03,123931827.62,"2024-06-11T23:59:59.999Z"
"2024-06-10T00:00:00.000Z","2024-06-10T23:59:59.999Z","2024-06-10T06:29:00.000Z","2024-06-10T23:19:00.000Z","2781",0.1373988561,0.1393194191,0.1271543434,0.1283707621,2502425.05,128344851.07,"2024-06-10T23:59:59.999Z"
"2024-06-09T00:00:00.000Z","2024-06-09T23:59:59.999Z","2024-06-09T23:16:00.000Z","2024-06-09T01:12:00.000Z","2781",0.1270156107,0.138456991,0.1261952499,0.1372586305,2209594.24,137230925.49,"2024-06-09T23:59:59.999Z"
"2024-06-08T00:00:00.000Z","2024-06-08T23:59:59.999Z","2024-06-08T10:22:00.000Z","2024-06-08T20:46:00.000Z","2781",0.1341184004,0.1379419933,0.126710281,0.1270155798,2643413.86,126989942.33,"2024-06-08T23:59:59.999Z"
"2024-06-07T00:00:00.000Z","2024-06-07T23:59:59.999Z","2024-06-07T12:38:00.000Z","2024-06-07T18:57:00.000Z","2781",0.1413374405,0.1429870901,0.1280223909,0.1343625808,2943246.53,134335460.36,"2024-06-07T23:59:59.999Z"
"2024-06-06T00:00:00.000Z","2024-06-06T23:59:59.999Z","2024-06-06T12:32:00.000Z","2024-06-06T01:10:00.000Z","2781",0.1371333962,0.1548005514,0.1365116577,0.1413374861,3214865.46,141308912.28,"2024-06-06T23:59:59.999Z"
"2024-06-05T00:00:00.000Z","2024-06-05T23:59:59.999Z","2024-06-05T00:10:00.000Z","2024-06-05T17:13:00.000Z","2781",0.1536530629,0.1547312758,0.1358163317,0.1371333962,3290651.68,137105716.5,"2024-06-05T23:59:59.999Z"
"2024-06-04T00:00:00.000Z","2024-06-04T23:59:59.999Z","2024-06-04T00:19:00.000Z","2024-06-04T09:34:00.000Z","2781",0.1637367019,0.1666978545,0.148652827,0.1536530629,3916901.56,153622048.79,"2024-06-04T23:59:59.999Z"
"2024-06-03T00:00:00.000Z","2024-06-03T23:59:59.999Z","2024-06-03T13:41:00.000Z","2024-06-03T01:22:00.000Z","2781",0.1642768852,0.1803714215,0.1618543425,0.1637367019,3424989.73,163703652.47,"2024-06-03T23:59:59.999Z"
"2024-06-02T00:00:00.000Z","2024-06-02T23:59:59.999Z","2024-06-02T16:17:00.000Z","2024-06-02T19:21:00.000Z","2781",0.1643018348,0.1703635788,0.154906101,0.1642768852,3574177.3,164243726.78,"2024-06-02T23:59:59.999Z"
"2024-06-01T00:00:00.000Z","2024-06-01T23:59:59.999Z","2024-06-01T01:46:00.000Z","2024-06-01T13:38:00.000Z","2781",0.1689807574,0.1697909341,0.1567438151,0.1643018348,3925745.4,164268671.32,"2024-06-01T23:59:59.999Z"
"2024-05-31T00:00:00.000Z","2024-05-31T23:59:59.999Z","2024-05-31T12:49:00.000Z","2024-05-31T05:53:00.000Z","2781",0.1785216771,0.1933542957,0.1636933674,0.1689807574,5168512.64,168946649.49,"2024-05-31T23:59:59.999Z"
"2024-05-30T00:00:00.000Z","2024-05-30T23:59:59.999Z","2024-05-30T17:52:00.000Z","2024-05-30T01:31:00.000Z","2781",0.1837217137,0.2001201613,0.1763506045,0.1785216771,4516425.87,178485643.44,"2024-05-30T23:59:59.999Z"
"2024-05-29T00:00:00.000Z","2024-05-29T23:59:59.999Z","2024-05-29T09:50:00.000Z","2024-05-29T23:58:00.000Z","2781",0.1945743829,0.2320276036,0.1836843871,0.1837217111,7856928.7,183684630.41,"2024-05-29T23:59:59.999Z"
"2024-05-28T00:00:00.000Z","2024-05-28T23:59:59.999Z","2024-05-28T00:03:00.000Z","2024-05-28T18:54:00.000Z","2781",0.2151930413,0.2153421888,0.1730390013,0.1945743829,8354845.81,194535109.01,"2024-05-28T23:59:59.999Z"
"2024-05-27T00:00:00.000Z","2024-05-27T23:59:59.999Z","2024-05-27T23:07:00.000Z","2024-05-27T01:51:00.000Z","2781",0.1572271957,0.2233911352,0.1547774745,0.2151930413,10488260.57,215149605.69,"2024-05-27T23:59:59.999Z"
"2024-05-26T00:00:00.000Z","2024-05-26T23:59:59.999Z","2024-05-26T00:22:00.000Z","2024-05-26T11:01:00.000Z","2781",0.1700069953,0.1704205608,0.1536825596,0.1572271957,2587913.75,157195460.13,"2024-05-26T23:59:59.999Z"
"2024-05-25T00:00:00.000Z","2024-05-25T23:59:59.999Z","2024-05-25T23:31:00.000Z","2024-05-25T03:18:00.000Z","2781",0.1402023977,0.1706258902,0.130852949,0.1700069953,3678883.41,169972680.28,"2024-05-25T23:59:59.999Z"
"2024-05-24T00:00:00.000Z","2024-05-24T23:59:59.999Z","2024-05-24T01:55:00.000Z","2024-05-24T21:22:00.000Z","2781",0.1648372134,0.1748867527,0.1391189434,0.1402023851,10468726.07,140174098.6,"2024-05-24T23:59:59.999Z"
"2024-05-23T00:00:00.000Z","2024-05-23T23:59:59.999Z","2024-05-23T06:07:00.000Z","2024-05-23T00:00:00.000Z","2781",0.1451516069,0.1909623725,0.1451516004,0.1648372134,8715920.82,164803941.84,"2024-05-23T23:59:59.999Z"
"2024-05-22T00:00:00.000Z","2024-05-22T23:59:59.999Z","2024-05-22T00:01:00.000Z","2024-05-22T13:26:00.000Z","2781",0.1638681212,0.1643899825,0.1332765682,0.1451516069,19609207.6,145122308.77,"2024-05-22T23:59:59.999Z"
"2024-05-21T00:00:00.000Z","2024-05-21T23:59:59.999Z","2024-05-21T23:55:00.000Z","2024-05-21T07:37:00.000Z","2781",0.1322643918,0.1656708072,0.120804586,0.1638681212,22897469.16,163835045.2,"2024-05-21T23:59:59.999Z"
"2024-05-20T00:00:00.000Z","2024-05-20T23:59:59.999Z","2024-05-20T23:49:00.000Z","2024-05-20T00:37:00.000Z","2781",0.093184117,0.1357723444,0.0899770446,0.1322203289,16913452.19,132237694.95,"2024-05-20T23:59:59.999Z"
"2024-05-19T00:00:00.000Z","2024-05-19T23:59:59.999Z","2024-05-19T05:13:00.000Z","2024-05-19T20:58:00.000Z","2781",0.1005429752,0.1034853295,0.087923547,0.093184117,19956664.2,93165308.27,"2024-05-19T23:59:59.999Z"
"2024-05-18T00:00:00.000Z","2024-05-18T23:59:59.999Z","2024-05-18T13:13:00.000Z","2024-05-18T20:29:00.000Z","2781",0.102291732,0.1064921765,0.0992739584,0.1005429946,1850211.87,100522681.11,"2024-05-18T23:59:59.999Z"
"2024-05-17T00:00:00.000Z","2024-05-17T23:59:59.999Z","2024-05-17T08:16:00.000Z","2024-05-17T20:52:00.000Z","2781",0.1094700504,0.117390591,0.1011873747,0.102291732,3409020.53,102271084.92,"2024-05-17T23:59:59.999Z"
"2024-05-16T00:00:00.000Z","2024-05-16T23:59:59.999Z","2024-05-16T00:01:00.000Z","2024-05-16T20:40:00.000Z","2781",0.1246792758,0.1247002438,0.1087831723,0.1094700504,2396196.3,109447954.46,"2024-05-16T23:59:59.999Z"
"2024-05-15T00:00:00.000Z","2024-05-15T23:59:59.999Z","2024-05-15T13:44:00.000Z","2024-05-15T06:56:00.000Z","2781",0.1381599577,0.1402962186,0.1176911615,0.1246791389,4300722.09,124654109.96,"2024-05-15T23:59:59.999Z"
"2024-05-14T00:00:00.000Z","2024-05-14T23:59:59.999Z","2024-05-14T22:58:00.000Z","2024-05-14T00:00:00.000Z","2781",0.1131495326,0.142804062,0.1131495195,0.1381599577,7047266.59,138132070.83,"2024-05-14T23:59:59.999Z"
"2024-05-13T00:00:00.000Z","2024-05-13T23:59:59.999Z","2024-05-13T16:53:00.000Z","2024-05-13T03:28:00.000Z","2781",0.0908932527,0.1180166203,0.0885803366,0.1131495326,5877332.69,113126693.93,"2024-05-13T23:59:59.999Z"
"2024-05-12T00:00:00.000Z","2024-05-12T23:59:59.999Z","2024-05-12T14:28:00.000Z","2024-05-12T02:19:00.000Z","2781",0.0889870877,0.0957575117,0.0888202102,0.0908932527,1966775.92,90874906.36,"2024-05-12T23:59:59.999Z"
"2024-05-11T00:00:00.000Z","2024-05-11T23:59:59.999Z","2024-05-11T08:30:00.000Z","2024-05-11T00:05:00.000Z","2781",0.0884292635,0.092029783,0.0850845225,0.0889870877,2145740.67,88969126.13,"2024-05-11T23:59:59.999Z"
"2024-05-10T00:00:00.000Z","2024-05-10T23:59:59.999Z","2024-05-10T07:56:00.000Z","2024-05-10T03:31:00.000Z","2781",0.0877314712,0.1095836108,0.0873249819,0.0884292635,4104354.13,88411414.48,"2024-05-10T23:59:59.999Z"
"2024-05-09T00:00:00.000Z","2024-05-09T23:59:59.999Z","2024-05-09T01:17:00.000Z","2024-05-09T03:52:00.000Z","2781",0.0875381201,0.0881986149,0.0833775817,0.0877314091,1696796.96,87713763.06,"2024-05-09T23:59:59.999Z"
"2024-05-08T00:00:00.000Z","2024-05-08T23:59:59.999Z","2024-05-08T19:06:00.000Z","2024-05-08T09:04:00.000Z","2781",0.0840812466,0.0931211881,0.0817017411,0.0875381201,2319933.32,87520451.01,"2024-05-08T23:59:59.999Z"
"2024-05-07T00:00:00.000Z","2024-05-07T23:59:59.999Z","2024-05-07T21:52:00.000Z","2024-05-07T00:24:00.000Z","2781",0.0819391737,0.0903441668,0.0813959545,0.0840812466,1810759.99,84064275.27,"2024-05-07T23:59:59.999Z"
"2024-05-06T00:00:00.000Z","2024-05-06T23:59:59.999Z","2024-05-06T08:40:00.000Z","2024-05-06T00:02:00.000Z","2781",0.0783472099,0.0843827327,0.0782998251,0.0819391737,1701919.28,81922634.65,"2024-05-06T23:59:59.999Z"
"2024-05-05T00:00:00.000Z","2024-05-05T23:59:59.999Z","2024-05-05T15:28:00.000Z","2024-05-05T06:19:00.000Z","2781",0.0800572996,0.0824526585,0.0761518321,0.0783472204,1914612.46,78331395.91,"2024-05-05T23:59:59.999Z"
"2024-05-04T00:00:00.000Z","2024-05-04T23:59:59.999Z","2024-05-04T11:04:00.000Z","2024-05-04T23:04:00.000Z","2781",0.0820350671,0.0866504804,0.079472364,0.0800572996,2075979.06,80041140.46,"2024-05-04T23:59:59.999Z"
"2024-05-03T00:00:00.000Z","2024-05-03T23:59:59.999Z","2024-05-03T04:45:00.000Z","2024-05-03T00:00:00.000Z","2781",0.078440548,0.0858223698,0.0784405362,0.0820350101,2367216.8,82018508.69,"2024-05-03T23:59:59.999Z"
"2024-05-02T00:00:00.000Z","2024-05-02T23:59:59.999Z","2024-05-02T12:22:00.000Z","2024-05-02T23:42:00.000Z","2781",0.084846171,0.0871665029,0.0775109687,0.078440548,1962664.34,78424715.16,"2024-05-02T23:59:59.999Z"
"2024-05-01T00:00:00.000Z","2024-05-01T23:59:59.999Z","2024-05-01T00:01:00.000Z","2024-05-01T16:14:00.000Z","2781",0.0925279327,0.0925706301,0.0743213833,0.084846171,3646317.03,84829045.22,"2024-05-01T23:59:59.999Z"
"2024-04-30T00:00:00.000Z","2024-04-30T23:59:59.999Z","2024-04-30T01:13:00.000Z","2024-04-30T20:11:00.000Z","2781",0.0940635998,0.0989844081,0.0829760185,0.0925279327,2557661.07,92509256.36,"2024-04-30T23:59:59.999Z"
"2024-04-29T00:00:00.000Z","2024-04-29T23:59:59.999Z","2024-04-29T02:14:00.000Z","2024-04-29T21:37:00.000Z","2781",0.0992604996,0.1022538139,0.0905949464,0.0940635628,2068771.71,94044576.59,"2024-04-29T23:59:59.999Z"
"2024-04-28T00:00:00.000Z","2024-04-28T23:59:59.999Z","2024-04-28T03:55:00.000Z","2024-04-28T01:43:00.000Z","2781",0.0999568131,0.106422951,0.0974086389,0.0992604996,2577386.21,99240464.38,"2024-04-28T23:59:59.999Z"
"2024-04-27T00:00:00.000Z","2024-04-27T23:59:59.999Z","2024-04-27T23:59:00.000Z","2024-04-27T10:58:00.000Z","2781",0.0875357525,0.0999569176,0.0825571798,0.0999568131,2383526.25,99936637.31,"2024-04-27T23:59:59.999Z"
"2024-04-26T00:00:00.000Z","2024-04-26T23:59:59.999Z","2024-04-26T14:17:00.000Z","2024-04-26T12:58:00.000Z","2781",0.0809990344,0.0929347185,0.0791576493,0.0875357525,2627709.48,87518083.86,"2024-04-26T23:59:59.999Z"
"2024-04-25T00:00:00.000Z","2024-04-25T23:59:59.999Z","2024-04-25T12:25:00.000Z","2024-04-25T23:58:00.000Z","2781",0.0882121718,0.093476401,0.0809974263,0.0809990344,3989325,80982685.14,"2024-04-25T23:59:59.999Z"
"2024-04-24T00:00:00.000Z","2024-04-24T23:59:59.999Z","2024-04-24T13:00:00.000Z","2024-04-24T23:54:00.000Z","2781",0.1102730195,0.120944626,0.0869432957,0.0882121203,5117576.81,88194366.63,"2024-04-24T23:59:59.999Z"
"2024-04-23T00:00:00.000Z","2024-04-23T23:59:59.999Z","2024-04-23T23:58:00.000Z","2024-04-23T08:19:00.000Z","2781",0.0921430485,0.1102854655,0.0845255069,0.1102730195,3267013.05,110250761.43,"2024-04-23T23:59:59.999Z"
"2024-04-22T00:00:00.000Z","2024-04-22T23:59:59.999Z","2024-04-22T15:50:00.000Z","2024-04-22T02:50:00.000Z","2781",0.087634709,0.0948590413,0.0869632914,0.0921430485,2320944.9,92124449.87,"2024-04-22T23:59:59.999Z"
"2024-04-21T00:00:00.000Z","2024-04-21T23:59:59.999Z","2024-04-21T16:04:00.000Z","2024-04-21T01:17:00.000Z","2781",0.0776628948,0.0895652807,0.077553604,0.087634709,2132723.8,87617020.39,"2024-04-21T23:59:59.999Z"
"2024-04-20T00:00:00.000Z","2024-04-20T23:59:59.999Z","2024-04-20T22:28:00.000Z","2024-04-20T11:34:00.000Z","2781",0.0772695149,0.082797789,0.0745807299,0.0776628948,1690479.96,77647218.91,"2024-04-20T23:59:59.999Z"
"2024-04-19T00:00:00.000Z","2024-04-19T23:59:59.999Z","2024-04-19T00:00:00.000Z","2024-04-19T02:58:00.000Z","2781",0.0846357076,0.0846357244,0.0725764018,0.0772695149,1657975.16,77253918.46,"2024-04-19T23:59:59.999Z"
"2024-04-18T00:00:00.000Z","2024-04-18T23:59:59.999Z","2024-04-18T23:20:00.000Z","2024-04-18T06:25:00.000Z","2781",0.0686012105,0.0862145079,0.066465343,0.0846357076,1811860.56,84618624.31,"2024-04-18T23:59:59.999Z"
"2024-04-17T00:00:00.000Z","2024-04-17T23:59:59.999Z","2024-04-17T03:19:00.000Z","2024-04-17T16:11:00.000Z","2781",0.0706643995,0.0758044477,0.065320711,0.0686012231,1329277.5,68587376.29,"2024-04-17T23:59:59.999Z"
"2024-04-16T00:00:00.000Z","2024-04-16T23:59:59.999Z","2024-04-16T18:06:00.000Z","2024-04-16T16:57:00.000Z","2781",0.0665958674,0.0715089808,0.0638925816,0.0706643995,1307082.56,70650136.25,"2024-04-16T23:59:59.999Z"
"2024-04-15T00:00:00.000Z","2024-04-15T23:59:59.999Z","2024-04-15T08:49:00.000Z","2024-04-15T22:32:00.000Z","2781",0.0763327204,0.0835676901,0.0645689366,0.0665958674,2083992.76,66582425.35,"2024-04-15T23:59:59.999Z"
"2024-04-14T00:00:00.000Z","2024-04-14T23:59:59.999Z","2024-04-14T13:49:00.000Z","2024-04-14T03:07:00.000Z","2781",0.0720021959,0.0795119826,0.0698713134,0.0763327204,1587243.01,76317313,"2024-04-14T23:59:59.999Z"
"2024-04-13T00:00:00.000Z","2024-04-13T23:59:59.999Z","2024-04-13T00:37:00.000Z","2024-04-13T21:40:00.000Z","2781",0.0812280515,0.0814835046,0.0644473748,0.0720021959,1940192.22,71987662.64,"2024-04-13T23:59:59.999Z"
"2024-04-12T00:00:00.000Z","2024-04-12T23:59:59.999Z","2024-04-12T08:16:00.000Z","2024-04-12T19:44:00.000Z","2781",0.0849698217,0.0887558025,0.0756552963,0.081228284,2329902.98,81211656,"2024-04-12T23:59:59.999Z"
"2024-04-11T00:00:00.000Z","2024-04-11T23:59:59.999Z","2024-04-11T00:04:00.000Z","2024-04-11T18:33:00.000Z","2781",0.0952642216,0.0952847327,0.0846284297,0.0849698217,2780364.34,84952670.93,"2024-04-11T23:59:59.999Z"
"2024-04-10T00:00:00.000Z","2024-04-10T23:59:59.999Z","2024-04-10T23:01:00.000Z","2024-04-10T14:22:00.000Z","2781",0.0907101135,0.0974285762,0.085824768,0.0952642216,2592717.07,95244992.96,"2024-04-10T23:59:59.999Z"
"2024-04-09T00:00:00.000Z","2024-04-09T23:59:59.999Z","2024-04-09T00:40:00.000Z","2024-04-09T23:40:00.000Z","2781",0.109683863,0.1103112694,0.0904372266,0.0907100792,2285962.9,90691769.79,"2024-04-09T23:59:59.999Z"
"2024-04-08T00:00:00.000Z","2024-04-08T23:59:59.999Z","2024-04-08T15:46:00.000Z","2024-04-08T00:22:00.000Z","2781",0.0918720058,0.1201281806,0.0915447645,0.109683863,3820842.14,109661723.83,"2024-04-08T23:59:59.999Z"
"2024-04-07T00:00:00.000Z","2024-04-07T23:59:59.999Z","2024-04-07T09:49:00.000Z","2024-04-07T06:13:00.000Z","2781",0.0864269772,0.0942450528,0.082700566,0.0918720058,2901861.64,91853461.86,"2024-04-07T23:59:59.999Z"
"2024-04-06T00:00:00.000Z","2024-04-06T23:59:59.999Z","2024-04-06T05:39:00.000Z","2024-04-06T23:00:00.000Z","2781",0.0907980105,0.094327888,0.0860322766,0.0864269772,2209364.49,86409532.34,"2024-04-06T23:59:59.999Z"
"2024-04-05T00:00:00.000Z","2024-04-05T23:59:59.999Z","2024-04-05T00:40:00.000Z","2024-04-05T11:37:00.000Z","2781",0.091818762,0.0949104887,0.0770222754,0.0907980105,3993909.59,90779683.38,"2024-04-05T23:59:59.999Z"
"2024-04-04T00:00:00.000Z","2024-04-04T23:59:59.999Z","2024-04-04T05:46:00.000Z","2024-04-04T23:03:00.000Z","2781",0.0957791994,0.0969171818,0.088909347,0.091818762,4282818.7,91800228.82,"2024-04-04T23:59:59.999Z"
"2024-04-03T00:00:00.000Z","2024-04-03T23:59:59.999Z","2024-04-03T23:52:00.000Z","2024-04-03T01:52:00.000Z","2781",0.0885166012,0.0958436233,0.0841993774,0.0957791994,2809694.14,95759866.89,"2024-04-03T23:59:59.999Z"
"2024-04-02T00:00:00.000Z","2024-04-02T23:59:59.999Z","2024-04-02T22:56:00.000Z","2024-04-02T11:33:00.000Z","2781",0.082706559,0.0948574427,0.0734650774,0.0885166012,3564727.93,88498734.54,"2024-04-02T23:59:59.999Z"
"2024-04-01T00:00:00.000Z","2024-04-01T23:59:59.999Z","2024-04-01T00:26:00.000Z","2024-04-01T18:01:00.000Z","2781",0.0878839722,0.0881202603,0.0789218114,0.0827065348,2826455.34,82689840.92,"2024-04-01T23:59:59.999Z"
"2024-03-31T00:00:00.000Z","2024-03-31T23:59:59.999Z","2024-03-31T20:44:00.000Z","2024-03-31T00:07:00.000Z","2781",0.084796625,0.0910609606,0.0847420551,0.0878841058,1563626.52,87866366.83,"2024-03-31T23:59:59.999Z"
"2024-03-30T00:00:00.000Z","2024-03-30T23:59:59.999Z","2024-03-30T11:46:00.000Z","2024-03-30T03:25:00.000Z","2781",0.0933791229,0.0952717838,0.0828265627,0.0847966516,5173113.96,84779535.79,"2024-03-30T23:59:59.999Z"
"2024-03-29T00:00:00.000Z","2024-03-29T23:59:59.999Z","2024-03-29T04:58:00.000Z","2024-03-29T23:56:00.000Z","2781",0.1072991143,0.1108182738,0.0931199956,0.0933791327,2694657.66,93360284.56,"2024-03-29T23:59:59.999Z"
"2024-03-28T00:00:00.000Z","2024-03-28T23:59:59.999Z","2024-03-28T01:20:00.000Z","2024-03-28T20:53:00.000Z","2781",0.1184730612,0.1202357015,0.1027849368,0.1072991143,4120829.67,107277456.47,"2024-03-28T23:59:59.999Z"
"2024-03-27T00:00:00.000Z","2024-03-27T23:59:59.999Z","2024-03-27T23:16:00.000Z","2024-03-27T18:53:00.000Z","2781",0.1232586491,0.1334907571,0.1032677976,0.1184730612,6015433.33,118449148.05,"2024-03-27T23:59:59.999Z"
"2024-03-26T00:00:00.000Z","2024-03-26T23:59:59.999Z","2024-03-26T10:06:00.000Z","2024-03-26T02:49:00.000Z","2781",0.1170351187,0.14089039,0.1152491633,0.1232586491,3648453.31,123233769.91,"2024-03-26T23:59:59.999Z"
"2024-03-25T00:00:00.000Z","2024-03-25T23:59:59.999Z","2024-03-25T19:23:00.000Z","2024-03-25T13:49:00.000Z","2781",0.1008640311,0.1240818169,0.0930197564,0.1170351187,4278596.11,117011495.73,"2024-03-25T23:59:59.999Z"
"2024-03-24T00:00:00.000Z","2024-03-24T23:59:59.999Z","2024-03-24T23:59:00.000Z","2024-03-24T17:44:00.000Z","2781",0.0965088067,0.1008640311,0.0899627357,0.1008640311,2760748.39,100843672.19,"2024-03-24T23:59:59.999Z"
"2024-03-23T00:00:00.000Z","2024-03-23T23:59:59.999Z","2024-03-23T22:32:00.000Z","2024-03-23T03:43:00.000Z","2781",0.0922607204,0.1001203269,0.091302717,0.0965088067,2001316.33,96489326.93,"2024-03-23T23:59:59.999Z"
"2024-03-22T00:00:00.000Z","2024-03-22T23:59:59.999Z","2024-03-22T05:55:00.000Z","2024-03-22T15:04:00.000Z","2781",0.1074770904,0.1080064506,0.0885972881,0.0922607204,2423069.23,92242098.08,"2024-03-22T23:59:59.999Z"
"2024-03-21T00:00:00.000Z","2024-03-21T23:59:59.999Z","2024-03-21T00:58:00.000Z","2024-03-21T20:12:00.000Z","2781",0.1230899914,0.1234269755,0.1064519426,0.1074770904,2549341.06,107455396.74,"2024-03-21T23:59:59.999Z"
"2024-03-20T00:00:00.000Z","2024-03-20T23:59:59.999Z","2024-03-20T23:56:00.000Z","2024-03-20T05:37:00.000Z","2781",0.0916702297,0.1232233127,0.0891871375,0.1230899914,4308405.91,123065146.35,"2024-03-20T23:59:59.999Z"
"2024-03-19T00:00:00.000Z","2024-03-19T23:59:59.999Z","2024-03-19T00:28:00.000Z","2024-03-19T10:58:00.000Z","2781",0.1162677372,0.1172541147,0.086055815,0.0916702297,5206299.83,91651726.49,"2024-03-19T23:59:59.999Z"
"2024-03-18T00:00:00.000Z","2024-03-18T23:59:59.999Z","2024-03-18T00:02:00.000Z","2024-03-18T20:38:00.000Z","2781",0.1326785728,0.1329906613,0.105829082,0.1162677372,4409363.48,116244269.12,"2024-03-18T23:59:59.999Z"
"2024-03-17T00:00:00.000Z","2024-03-17T23:59:59.999Z","2024-03-17T21:28:00.000Z","2024-03-17T08:04:00.000Z","2781",0.1217813339,0.1352119543,0.1185232737,0.1348508662,3733309.02,134823647.22,"2024-03-17T23:59:59.999Z"
"2024-03-16T00:00:00.000Z","2024-03-16T23:59:59.999Z","2024-03-16T05:22:00.000Z","2024-03-16T23:20:00.000Z","2781",0.1407684082,0.1551623173,0.1202852269,0.1217813339,4669332.56,121756752.97,"2024-03-16T23:59:59.999Z"
"2024-03-15T00:00:00.000Z","2024-03-15T23:59:59.999Z","2024-03-15T01:59:00.000Z","2024-03-15T09:43:00.000Z","2781",0.1740235496,0.1882858609,0.1365740063,0.1407684082,7517704.8,140739994.85,"2024-03-15T23:59:59.999Z"
"2024-03-14T00:00:00.000Z","2024-03-14T23:59:59.999Z","2024-03-14T09:00:00.000Z","2024-03-14T01:08:00.000Z","2781",0.1681300361,0.2057322593,0.1555925547,0.1740235496,7771827.46,173988423.85,"2024-03-14T23:59:59.999Z"
"2024-03-13T00:00:00.000Z","2024-03-13T23:59:59.999Z","2024-03-13T02:52:00.000Z","2024-03-13T20:03:00.000Z","2781",0.1793937013,0.1936840067,0.1646482821,0.1681300361,5018710.5,168096099.88,"2024-03-13T23:59:59.999Z"
"2024-03-12T00:00:00.000Z","2024-03-12T23:59:59.999Z","2024-03-12T01:28:00.000Z","2024-03-12T17:13:00.000Z","2781",0.2022657888,0.2063039497,0.1660597261,0.1793937013,5597807.17,179357491.54,"2024-03-12T23:59:59.999Z"
"2024-03-11T00:00:00.000Z","2024-03-11T23:59:59.999Z","2024-03-11T08:13:00.000Z","2024-03-11T01:40:00.000Z","2781",0.2008765312,0.2391610645,0.1831102694,0.2022657888,6648973.74,202224962.5,"2024-03-11T23:59:59.999Z"
"2024-03-10T00:00:00.000Z","2024-03-10T23:59:59.999Z","2024-03-10T04:43:00.000Z","2024-03-10T17:25:00.000Z","2781",0.225373498,0.2599920583,0.1927648142,0.2008764269,8675520.36,200835985.27,"2024-03-10T23:59:59.999Z"
"2024-03-09T00:00:00.000Z","2024-03-09T23:59:59.999Z","2024-03-09T14:40:00.000Z","2024-03-09T00:16:00.000Z","2781",0.143149614,0.2513086366,0.1425373388,0.225373498,18201318.35,225328007.53,"2024-03-09T23:59:59.999Z"
"2024-03-08T00:00:00.000Z","2024-03-08T23:59:59.999Z","2024-03-08T21:43:00.000Z","2024-03-08T00:01:00.000Z","2781",0.1058673815,0.1621847899,0.1058552045,0.143149614,6854751.59,143120719.97,"2024-03-08T23:59:59.999Z"
"2024-03-07T00:00:00.000Z","2024-03-07T23:59:59.999Z","2024-03-07T00:01:00.000Z","2024-03-07T16:24:00.000Z","2781",0.147942302,0.1480582278,0.1042596448,0.1058673911,6078024.24,105846012.71,"2024-03-07T23:59:59.999Z"
"2024-03-06T00:00:00.000Z","2024-03-06T23:59:59.999Z","2024-03-06T11:58:00.000Z","2024-03-06T03:03:00.000Z","2781",0.1288599812,0.1499537287,0.1199760799,0.147942302,6878338.51,147912440.57,"2024-03-06T23:59:59.999Z"
"2024-03-05T00:00:00.000Z","2024-03-05T23:59:59.999Z","2024-03-05T04:13:00.000Z","2024-03-05T20:01:00.000Z","2781",0.1398307776,0.1508653096,0.1041264901,0.1288599627,7046118.9,128833971.42,"2024-03-05T23:59:59.999Z"
"2024-03-04T00:00:00.000Z","2024-03-04T23:59:59.999Z","2024-03-04T05:14:00.000Z","2024-03-04T18:46:00.000Z","2781",0.150458078,0.188997422,0.1178924434,0.1398308799,16934159.8,139802655.75,"2024-03-04T23:59:59.999Z"
"2024-03-03T00:00:00.000Z","2024-03-03T23:59:59.999Z","2024-03-03T22:46:00.000Z","2024-03-03T10:19:00.000Z","2781",0.1373171349,0.154267258,0.1247371793,0.1503030566,7754430.01,150272718.66,"2024-03-03T23:59:59.999Z"
"2024-03-02T00:00:00.000Z","2024-03-02T23:59:59.999Z","2024-03-02T13:02:00.000Z","2024-03-02T07:49:00.000Z","2781",0.1082690198,0.1377926832,0.1049139116,0.1373173037,7463059.68,137289586.89,"2024-03-02T23:59:59.999Z"
"2024-03-01T00:00:00.000Z","2024-03-01T23:59:59.999Z","2024-03-01T19:53:00.000Z","2024-03-01T06:16:00.000Z","2781",0.0731261023,0.126994542,0.0706792619,0.1082690557,7352933.04,108247202.17,"2024-03-01T23:59:59.999Z"
"2024-02-29T00:00:00.000Z","2024-02-29T23:59:59.999Z","2024-02-29T00:46:00.000Z","2024-02-29T23:04:00.000Z","2781",0.094867533,0.0977615284,0.0715232225,0.073126243,3552781.4,73111482.85,"2024-02-29T23:59:59.999Z"
"2024-02-28T00:00:00.000Z","2024-02-28T23:59:59.999Z","2024-02-28T14:13:00.000Z","2024-02-28T01:28:00.000Z","2781",0.080821916,0.1023047921,0.0787596299,0.0948676383,7375633.22,94848489.73,"2024-02-28T23:59:59.999Z"
"2024-02-27T00:00:00.000Z","2024-02-27T23:59:59.999Z","2024-02-27T03:50:00.000Z","2024-02-27T18:31:00.000Z","2781",0.0730171824,0.0839944587,0.0686779479,0.0801310718,5833694,80114897.72,"2024-02-27T23:59:59.999Z"
"2024-02-26T00:00:00.000Z","2024-02-26T23:59:59.999Z","2024-02-26T20:10:00.000Z","2024-02-26T10:08:00.000Z","2781",0.0594488194,0.0795984945,0.0536267033,0.0733832524,4878225.49,73368440.41,"2024-02-26T23:59:59.999Z"
"2024-02-25T00:00:00.000Z","2024-02-25T23:59:59.999Z","2024-02-25T22:24:00.000Z","2024-02-25T04:59:00.000Z","2781",0.0435568965,0.0613162711,0.0433707019,0.0594224865,4295360.53,59410492.34,"2024-02-25T23:59:59.999Z"
"2024-02-24T00:00:00.000Z","2024-02-24T23:59:59.999Z","2024-02-24T05:02:00.000Z","2024-02-24T09:55:00.000Z","2781",0.0444131326,0.0512419851,0.0412005983,0.0435568965,3286050.05,43548104.8,"2024-02-24T23:59:59.999Z"
"2024-02-23T00:00:00.000Z","2024-02-23T23:59:59.999Z","2024-02-23T02:18:00.000Z","2024-02-23T21:44:00.000Z","2781",0.0500389772,0.0540040531,0.0413313898,0.0444131498,2726894.32,44404185.23,"2024-02-23T23:59:59.999Z"
"2024-02-22T00:00:00.000Z","2024-02-22T23:59:59.999Z","2024-02-22T18:38:00.000Z","2024-02-22T05:25:00.000Z","2781",0.0471790169,0.0543280119,0.044809065,0.0500390262,1918000.33,50028926.05,"2024-02-22T23:59:59.999Z"
"2024-02-21T00:00:00.000Z","2024-02-21T23:59:59.999Z","2024-02-21T02:43:00.000Z","2024-02-21T21:52:00.000Z","2781",0.0531111964,0.057827988,0.0447570997,0.0471791167,2803680.05,47169593.88,"2024-02-21T23:59:59.999Z"
"2024-02-20T00:00:00.000Z","2024-02-20T23:59:59.999Z","2024-02-20T23:56:00.000Z","2024-02-20T00:01:00.000Z","2781",0.0434654577,0.0538100801,0.0433648193,0.0531114604,1678304.15,53100740.17,"2024-02-20T23:59:59.999Z"
"2024-02-19T00:00:00.000Z","2024-02-19T23:59:59.999Z","2024-02-19T02:48:00.000Z","2024-02-19T23:56:00.000Z","2781",0.0471856387,0.054341905,0.0433442768,0.04344357,2234524.82,43434801.12,"2024-02-19T23:59:59.999Z"
"2024-02-18T00:00:00.000Z","2024-02-18T23:59:59.999Z","2024-02-18T23:26:00.000Z","2024-02-18T11:36:00.000Z","2781",0.0449357718,0.0486774209,0.0409129597,0.0471863989,1539469.25,47176874.57,"2024-02-18T23:59:59.999Z"
"2024-02-17T00:00:00.000Z","2024-02-17T23:59:59.999Z","2024-02-17T23:56:00.000Z","2024-02-17T09:17:00.000Z","2781",0.0419951697,0.0449753337,0.0398883905,0.0449358551,1776296.45,44926785.01,"2024-02-17T23:59:59.999Z"
"2024-02-16T00:00:00.000Z","2024-02-16T23:59:59.999Z","2024-02-16T03:20:00.000Z","2024-02-16T23:55:00.000Z","2781",0.0517576051,0.0522815933,0.0417424589,0.0419952866,1793008.83,41986810.08,"2024-02-16T23:59:59.999Z"
"2024-02-15T00:00:00.000Z","2024-02-15T23:59:59.999Z","2024-02-15T01:13:00.000Z","2024-02-15T20:14:00.000Z","2781",0.0587257636,0.0595900223,0.0508378109,0.051757478,1547613.04,51747031,"2024-02-15T23:59:59.999Z"
"2024-02-14T00:00:00.000Z","2024-02-14T23:59:59.999Z","2024-02-14T21:08:00.000Z","2024-02-14T01:26:00.000Z","2781",0.0477222563,0.0609149109,0.0474171719,0.0587257636,2399289.32,58713910.12,"2024-02-14T23:59:59.999Z"
"2024-02-13T00:00:00.000Z","2024-02-13T23:59:59.999Z","2024-02-13T09:53:00.000Z","2024-02-13T01:16:00.000Z","2781",0.0453316275,0.0650902671,0.0448420641,0.0477222563,3501520.04,47712623.83,"2024-02-13T23:59:59.999Z"
"2024-02-12T00:00:00.000Z","2024-02-12T23:59:59.999Z","2024-02-12T22:47:00.000Z","2024-02-12T00:30:00.000Z","2781",0.0355589953,0.0499884098,0.0350987478,0.0453316186,2280208.96,45322468.68,"2024-02-12T23:59:59.999Z"
"2024-02-11T00:00:00.000Z","2024-02-11T23:59:59.999Z","2024-02-11T07:09:00.000Z","2024-02-11T00:23:00.000Z","2781",0.0334428789,0.040345439,0.0334026648,0.0355597802,1625080.27,35552602.63,"2024-02-11T23:59:59.999Z"
"2024-02-10T00:00:00.000Z","2024-02-10T23:59:59.999Z","2024-02-10T03:01:00.000Z","2024-02-10T23:08:00.000Z","2781",0.03679976,0.039375781,0.0324530631,0.0334450205,1524705.68,33438269.81,"2024-02-10T23:59:59.999Z"
"2024-02-09T00:00:00.000Z","2024-02-09T23:59:59.999Z","2024-02-09T13:58:00.000Z","2024-02-09T01:14:00.000Z","2781",0.0347219901,0.0432247048,0.0344997546,0.03679976,1752472.68,36792332.18,"2024-02-09T23:59:59.999Z"
"2024-02-08T00:00:00.000Z","2024-02-08T23:59:59.999Z","2024-02-08T00:45:00.000Z","2024-02-08T15:03:00.000Z","2781",0.0421018341,0.0425579447,0.0333437675,0.0347409039,2380366.52,34733891.66,"2024-02-08T23:59:59.999Z"
"2024-02-07T00:00:00.000Z","2024-02-07T23:59:59.999Z","2024-02-07T00:48:00.000Z","2024-02-07T17:31:00.000Z","2781",0.0446199682,0.0446422353,0.0377208417,0.0421017043,2009480.88,42093206.31,"2024-02-07T23:59:59.999Z"
"2024-02-06T00:00:00.000Z","2024-02-06T23:59:59.999Z","2024-02-06T12:26:00.000Z","2024-02-06T08:26:00.000Z","2781",0.0448721673,0.0491709899,0.0431358947,0.0446199555,1489656.19,44610949.17,"2024-02-06T23:59:59.999Z"
"2024-02-05T00:00:00.000Z","2024-02-05T23:59:59.999Z","2024-02-05T15:51:00.000Z","2024-02-05T04:55:00.000Z","2781",0.0459904664,0.0481606174,0.0447858948,0.0449429888,1218040.91,44933917.28,"2024-02-05T23:59:59.999Z"
"2024-02-04T00:00:00.000Z","2024-02-04T23:59:59.999Z","2024-02-04T02:20:00.000Z","2024-02-04T23:19:00.000Z","2781",0.0485091057,0.0485596544,0.0459259342,0.0459904624,1130790.63,45981179.43,"2024-02-04T23:59:59.999Z"
"2024-02-03T00:00:00.000Z","2024-02-03T23:59:59.999Z","2024-02-03T00:35:00.000Z","2024-02-03T22:41:00.000Z","2781",0.0526794103,0.0536674976,0.0475927625,0.0485091465,1491966.07,48499355.21,"2024-02-03T23:59:59.999Z"
"2024-02-02T00:00:00.000Z","2024-02-02T23:59:59.999Z","2024-02-02T04:10:00.000Z","2024-02-02T02:41:00.000Z","2781",0.045094504,0.0661692437,0.0444546401,0.0526794103,7638899.02,52668777.23,"2024-02-02T23:59:59.999Z"
"2024-02-01T00:00:00.000Z","2024-02-01T23:59:59.999Z","2024-02-01T20:14:00.000Z","2024-02-01T02:51:00.000Z","2781",0.044526844,0.0479197577,0.0424941971,0.0450944842,1585291.51,45085382.09,"2024-02-01T23:59:59.999Z"
"2024-01-31T00:00:00.000Z","2024-01-31T23:59:59.999Z","2024-01-31T02:37:00.000Z","2024-01-31T22:35:00.000Z","2781",0.0493275934,0.052444874,0.0434284328,0.044526583,2059712.44,44517595.49,"2024-01-31T23:59:59.999Z"
"2024-01-30T00:00:00.000Z","2024-01-30T23:59:59.999Z","2024-01-30T12:30:00.000Z","2024-01-30T23:59:00.000Z","2781",0.0550674598,0.0728698427,0.0493281292,0.0493281292,6002446.85,49318172.57,"2024-01-30T23:59:59.999Z"
"2024-01-29T00:00:00.000Z","2024-01-29T23:59:59.999Z","2024-01-29T23:11:00.000Z","2024-01-29T15:23:00.000Z","2781",0.0535378089,0.0562119877,0.0484446465,0.0550674049,1711485.74,55056289.86,"2024-01-29T23:59:59.999Z"
"2024-01-28T00:00:00.000Z","2024-01-28T23:59:59.999Z","2024-01-28T05:30:00.000Z","2024-01-28T20:13:00.000Z","2781",0.0565769537,0.0608708223,0.0515085079,0.0535378244,1656016.54,53527018.11,"2024-01-28T23:59:59.999Z"
"2024-01-27T00:00:00.000Z","2024-01-27T23:59:59.999Z","2024-01-27T13:40:00.000Z","2024-01-27T20:50:00.000Z","2781",0.0555719961,0.0583848129,0.0538337819,0.0565770638,1579882.93,56565643.99,"2024-01-27T23:59:59.999Z"
"2024-01-26T00:00:00.000Z","2024-01-26T23:59:59.999Z","2024-01-26T06:05:00.000Z","2024-01-26T00:10:00.000Z","2781",0.0469161585,0.0645087695,0.0441758026,0.0554754617,4204254.74,55464264.3,"2024-01-26T23:59:59.999Z"
"2024-01-25T00:00:00.000Z","2024-01-25T23:59:59.999Z","2024-01-25T00:48:00.000Z","2024-01-25T21:19:00.000Z","2781",0.0549983881,0.055507233,0.0444975897,0.0469169281,2809766.28,46907458.15,"2024-01-25T23:59:59.999Z"
"2024-01-24T00:00:00.000Z","2024-01-24T23:59:59.999Z","2024-01-24T12:52:00.000Z","2024-01-24T04:43:00.000Z","2781",0.0530867763,0.0572442236,0.0508655665,0.054978472,1766168.8,54967374.87,"2024-01-24T23:59:59.999Z"
"2024-01-23T00:00:00.000Z","2024-01-23T23:59:59.999Z","2024-01-23T17:37:00.000Z","2024-01-23T14:28:00.000Z","2781",0.0560826939,0.0588619151,0.049299989,0.0530868061,2613296.57,53076090.78,"2024-01-23T23:59:59.999Z"
"2024-01-22T00:00:00.000Z","2024-01-22T23:59:59.999Z","2024-01-22T00:13:00.000Z","2024-01-22T10:57:00.000Z","2781",0.06159533,0.0619320273,0.0540232266,0.0560836409,1810796.91,56072320.7,"2024-01-22T23:59:59.999Z"
"2024-01-21T00:00:00.000Z","2024-01-21T23:59:59.999Z","2024-01-21T00:00:00.000Z","2024-01-21T23:53:00.000Z","2781",0.0681968289,0.0681968289,0.0611799082,0.0615952694,1573460.37,61582836.74,"2024-01-21T23:59:59.999Z"
"2024-01-20T00:00:00.000Z","2024-01-20T23:59:59.999Z","2024-01-20T23:18:00.000Z","2024-01-20T05:17:00.000Z","2781",0.0586332494,0.0701580088,0.0538605895,0.0682474493,2534015.22,68233673.92,"2024-01-20T23:59:59.999Z"
"2024-01-19T00:00:00.000Z","2024-01-19T23:59:59.999Z","2024-01-19T11:28:00.000Z","2024-01-19T17:19:00.000Z","2781",0.0601407655,0.0630327146,0.0550595563,0.0586040325,2330149.97,58592203.59,"2024-01-19T23:59:59.999Z"
"2024-01-18T00:00:00.000Z","2024-01-18T23:59:59.999Z","2024-01-18T00:06:00.000Z","2024-01-18T22:04:00.000Z","2781",0.0683975563,0.0684599077,0.0592669469,0.0601407655,2346908.04,60128626.4,"2024-01-18T23:59:59.999Z"
"2024-01-17T00:00:00.000Z","2024-01-17T23:59:59.999Z","2024-01-17T01:18:00.000Z","2024-01-17T18:11:00.000Z","2781",0.0691153708,0.070336879,0.0640529942,0.0683975563,1961497.59,68383750.59,"2024-01-17T23:59:59.999Z"
"2024-01-16T00:00:00.000Z","2024-01-16T23:59:59.999Z","2024-01-16T22:44:00.000Z","2024-01-16T00:49:00.000Z","2781",0.0645971703,0.0706698939,0.0641069128,0.0691153992,2042167.7,69101448.58,"2024-01-16T23:59:59.999Z"
"2024-01-15T00:00:00.000Z","2024-01-15T23:59:59.999Z","2024-01-15T05:26:00.000Z","2024-01-15T23:31:00.000Z","2781",0.0662514095,0.0729347737,0.0616664312,0.0645971703,2831890.02,64584131.68,"2024-01-15T23:59:59.999Z"
"2024-01-14T00:00:00.000Z","2024-01-14T23:59:59.999Z","2024-01-14T02:10:00.000Z","2024-01-14T20:20:00.000Z","2781",0.0711962642,0.0755333255,0.0653220215,0.066251505,2524845.44,66238132.47,"2024-01-14T23:59:59.999Z"
"2024-01-13T00:00:00.000Z","2024-01-13T23:59:59.999Z","2024-01-13T00:19:00.000Z","2024-01-13T18:29:00.000Z","2781",0.0742605635,0.0745200914,0.0693442237,0.0711583025,1984265.21,71143939.59,"2024-01-13T23:59:59.999Z"
"2024-01-12T00:00:00.000Z","2024-01-12T23:59:59.999Z","2024-01-12T00:00:00.000Z","2024-01-12T23:10:00.000Z","2781",0.0835513361,0.0835513361,0.0713886961,0.0742605333,4176432,74245544.14,"2024-01-12T23:59:59.999Z"
"2024-01-11T00:00:00.000Z","2024-01-11T23:59:59.999Z","2024-01-11T00:00:00.000Z","2024-01-11T17:53:00.000Z","2781",0.0956220169,0.0956220169,0.0791825285,0.0838126783,4675862.63,83795761.13,"2024-01-11T23:59:59.999Z"
"2024-01-10T00:00:00.000Z","2024-01-10T23:59:59.999Z","2024-01-10T12:25:00.000Z","2024-01-10T02:42:00.000Z","2781",0.0952918222,0.1064648562,0.0870544321,0.0956219876,7876459.27,95602686.83,"2024-01-10T23:59:59.999Z"
"2024-01-09T00:00:00.000Z","2024-01-09T23:59:59.999Z","2024-01-09T22:44:00.000Z","2024-01-09T21:38:00.000Z","2781",0.0896927877,0.1021209474,0.0783159062,0.0952917948,4374868.02,95272560.61,"2024-01-09T23:59:59.999Z"
"2024-01-08T00:00:00.000Z","2024-01-08T23:59:59.999Z","2024-01-08T18:52:00.000Z","2024-01-08T04:05:00.000Z","2781",0.0812410184,0.0935541048,0.0744898732,0.0896999224,3686781.76,89681816.92,"2024-01-08T23:59:59.999Z"
"2024-01-07T00:00:00.000Z","2024-01-07T23:59:59.999Z","2024-01-07T11:49:00.000Z","2024-01-07T15:07:00.000Z","2781",0.0843411052,0.089507582,0.0798120528,0.0812408167,2193583.53,81224418.69,"2024-01-07T23:59:59.999Z"
"2024-01-06T00:00:00.000Z","2024-01-06T23:59:59.999Z","2024-01-06T19:42:00.000Z","2024-01-06T08:49:00.000Z","2781",0.0801522151,0.0850131515,0.0731974515,0.0840325838,3141426.26,84015622.28,"2024-01-06T23:59:59.999Z"
"2024-01-05T00:00:00.000Z","2024-01-05T23:59:59.999Z","2024-01-05T00:09:00.000Z","2024-01-05T21:25:00.000Z","2781",0.0890294491,0.0890929449,0.0787884476,0.0801399196,2584449.2,80123743.72,"2024-01-05T23:59:59.999Z"
"2024-01-04T00:00:00.000Z","2024-01-04T23:59:59.999Z","2024-01-04T21:41:00.000Z","2024-01-04T02:06:00.000Z","2781",0.0812062626,0.090224403,0.0804999569,0.0890393355,2580750.35,89021363.31,"2024-01-04T23:59:59.999Z"
"2024-01-03T00:00:00.000Z","2024-01-03T23:59:59.999Z","2024-01-03T10:37:00.000Z","2024-01-03T14:39:00.000Z","2781",0.0839350459,0.0923265338,0.0788734003,0.0812042526,3022729.96,81187861.9,"2024-01-03T23:59:59.999Z"
"2024-01-02T00:00:00.000Z","2024-01-02T23:59:59.999Z","2024-01-02T00:28:00.000Z","2024-01-02T21:10:00.000Z","2781",0.0971235796,0.1050514586,0.0835648358,0.0839301521,5076910.88,83913211.19,"2024-01-02T23:59:59.999Z"
"2024-01-01T00:00:00.000Z","2024-01-01T23:59:59.999Z","2024-01-01T23:56:00.000Z","2024-01-01T00:00:00.000Z","2781",0.0776836807,0.0972488825,0.0776668443,0.0971112751,4378294.52,97091673.66,"2024-01-01T23:59:59.999Z"
"2023-12-31T00:00:00.000Z","2023-12-31T23:59:59.999Z","2023-12-31T02:13:00.000Z","2023-12-31T23:52:00.000Z","2781",0.0846690026,0.0873967884,0.0776672339,0.0776727438,2494310.94,77657065.91,"2023-12-31T23:59:59.999Z"
"2023-12-30T00:00:00.000Z","2023-12-30T23:59:59.999Z","2023-12-30T21:55:00.000Z","2023-12-30T09:42:00.000Z","2781",0.0773107985,0.0872692373,0.0766398122,0.0846686897,2132732.48,84651599.73,"2023-12-30T23:59:59.999Z"
"2023-12-29T00:00:00.000Z","2023-12-29T23:59:59.999Z","2023-12-29T14:57:00.000Z","2023-12-29T23:46:00.000Z","2781",0.08386,0.088656644,0.0768979295,0.0773075188,3143517.97,77291914.65,"2023-12-29T23:59:59.999Z"
"2023-12-28T00:00:00.000Z","2023-12-28T23:59:59.999Z","2023-12-28T03:33:00.000Z","2023-12-28T15:49:00.000Z","2781",0.0923736822,0.0977000695,0.0772628227,0.083853564,4055845.43,83836638.62,"2023-12-28T23:59:59.999Z"
"2023-12-27T00:00:00.000Z","2023-12-27T23:59:59.999Z","2023-12-27T20:52:00.000Z","2023-12-27T00:20:00.000Z","2781",0.0686797097,0.096413744,0.0677445433,0.0923872818,5698047.13,92368633.92,"2023-12-27T23:59:59.999Z"
"2023-12-26T00:00:00.000Z","2023-12-26T23:59:59.999Z","2023-12-26T00:01:00.000Z","2023-12-26T14:34:00.000Z","2781",0.0776523833,0.0776969246,0.067588499,0.0686834226,3680697.67,68669559.22,"2023-12-26T23:59:59.999Z"
"2023-12-25T00:00:00.000Z","2023-12-25T23:59:59.999Z","2023-12-25T00:07:00.000Z","2023-12-25T02:44:00.000Z","2781",0.0817916874,0.0828086924,0.0768624731,0.0776360887,2020129.36,77620418.28,"2023-12-25T23:59:59.999Z"
"2023-12-24T00:00:00.000Z","2023-12-24T23:59:59.999Z","2023-12-24T16:35:00.000Z","2023-12-24T23:59:00.000Z","2781",0.0855408098,0.0922298354,0.0818014841,0.0818014841,1985176.71,81784972.87,"2023-12-24T23:59:59.999Z"
"2023-12-23T00:00:00.000Z","2023-12-23T23:59:59.999Z","2023-12-23T00:23:00.000Z","2023-12-23T05:25:00.000Z","2781",0.0939965127,0.1001104413,0.0820368683,0.0855452037,3798397.02,85527936.85,"2023-12-23T23:59:59.999Z"
"2023-12-22T00:00:00.000Z","2023-12-22T23:59:59.999Z","2023-12-22T11:42:00.000Z","2023-12-22T04:07:00.000Z","2781",0.0865221715,0.1172559659,0.0803619536,0.094000094,8987511.42,93981120.55,"2023-12-22T23:59:59.999Z"
"2023-12-21T00:00:00.000Z","2023-12-21T23:59:59.999Z","2023-12-21T23:57:00.000Z","2023-12-21T02:24:00.000Z","2781",0.0702434858,0.0884356171,0.0697893231,0.0863756588,3814562.98,86358224.31,"2023-12-21T23:59:59.999Z"
"2023-12-20T00:00:00.000Z","2023-12-20T23:59:59.999Z","2023-12-20T13:34:00.000Z","2023-12-20T04:00:00.000Z","2781",0.0698758314,0.078479953,0.0687792513,0.0702209519,2408934.79,70206778.15,"2023-12-20T23:59:59.999Z"
"2023-12-19T00:00:00.000Z","2023-12-19T23:59:59.999Z","2023-12-19T02:10:00.000Z","2023-12-19T18:17:00.000Z","2781",0.075037214,0.0773590604,0.0668252772,0.0698922599,3018389.43,69878152.53,"2023-12-19T23:59:59.999Z"
"2023-12-18T00:00:00.000Z","2023-12-18T23:59:59.999Z","2023-12-18T05:01:00.000Z","2023-12-18T03:18:00.000Z","2781",0.0754225663,0.080648125,0.0667962963,0.075041835,3522133.48,75026688.22,"2023-12-18T23:59:59.999Z"
"2023-12-17T00:00:00.000Z","2023-12-17T23:59:59.999Z","2023-12-17T21:31:00.000Z","2023-12-17T03:09:00.000Z","2781",0.0678242876,0.0810023773,0.0653572732,0.0754221333,3250149.39,75406909.7,"2023-12-17T23:59:59.999Z"
"2023-12-16T00:00:00.000Z","2023-12-16T23:59:59.999Z","2023-12-16T00:04:00.000Z","2023-12-16T23:58:00.000Z","2781",0.0776095317,0.0801562285,0.0678323158,0.067855664,3546634.31,67841967.65,"2023-12-16T23:59:59.999Z"
"2023-12-15T00:00:00.000Z","2023-12-15T23:59:59.999Z","2023-12-15T00:48:00.000Z","2023-12-15T06:37:00.000Z","2781",0.0886434912,0.0889929342,0.0716354041,0.0776802702,7328830.52,77664590.79,"2023-12-15T23:59:59.999Z"
"2023-12-14T00:00:00.000Z","2023-12-14T23:59:59.999Z","2023-12-14T01:07:00.000Z","2023-12-14T03:33:00.000Z","2781",0.0925971209,0.0936245108,0.0871494662,0.0886396022,2791825.74,88621710.79,"2023-12-14T23:59:59.999Z"
"2023-12-13T00:00:00.000Z","2023-12-13T23:59:59.999Z","2023-12-13T22:31:00.000Z","2023-12-13T12:38:00.000Z","2781",0.0899406838,0.0954398641,0.0812504056,0.0926085643,4029441.2,92589871.69,"2023-12-13T23:59:59.999Z"
"2023-12-12T00:00:00.000Z","2023-12-12T23:59:59.999Z","2023-12-12T00:50:00.000Z","2023-12-12T23:37:00.000Z","2781",0.1001732279,0.1022743599,0.0897469309,0.0899902713,3170219.92,89972107.23,"2023-12-12T23:59:59.999Z"
"2023-12-11T00:00:00.000Z","2023-12-11T23:59:59.999Z","2023-12-11T00:49:00.000Z","2023-12-11T02:23:00.000Z","2781",0.0994422246,0.104876175,0.0949839137,0.0998173369,3898972.96,99797189.25,"2023-12-11T23:59:59.999Z"
"2023-12-10T00:00:00.000Z","2023-12-10T23:59:59.999Z","2023-12-10T06:53:00.000Z","2023-12-10T21:37:00.000Z","2781",0.1023763652,0.1033351852,0.0953240971,0.0994631263,3287120.6,99443050.16,"2023-12-10T23:59:59.999Z"
"2023-12-09T00:00:00.000Z","2023-12-09T23:59:59.999Z","2023-12-09T01:10:00.000Z","2023-12-09T23:59:00.000Z","2781",0.1116247937,0.1204903495,0.1023572106,0.1023572106,3614729.3,102336550.28,"2023-12-09T23:59:59.999Z"
"2023-12-08T00:00:00.000Z","2023-12-08T23:59:59.999Z","2023-12-08T22:37:00.000Z","2023-12-08T18:59:00.000Z","2781",0.1119755554,0.1126208938,0.1027380386,0.1116255526,3275254.31,111603021.5,"2023-12-08T23:59:59.999Z"
"2023-12-07T00:00:00.000Z","2023-12-07T23:59:59.999Z","2023-12-07T05:31:00.000Z","2023-12-07T15:04:00.000Z","2781",0.1173590148,0.1296843401,0.1107112352,0.1119752984,3230996.16,111952696.76,"2023-12-07T23:59:59.999Z"
"2023-12-06T00:00:00.000Z","2023-12-06T23:59:59.999Z","2023-12-06T00:29:00.000Z","2023-12-06T23:46:00.000Z","2781",0.1409487961,0.1417440981,0.1165506808,0.1173972953,4087934.49,117373599.28,"2023-12-06T23:59:59.999Z"
"2023-12-05T00:00:00.000Z","2023-12-05T23:59:59.999Z","2023-12-05T21:51:00.000Z","2023-12-05T09:16:00.000Z","2781",0.1262185425,0.1451122181,0.1158891355,0.1409677485,5872271.77,140939294.84,"2023-12-05T23:59:59.999Z"
"2023-12-04T00:00:00.000Z","2023-12-04T23:59:59.999Z","2023-12-04T19:35:00.000Z","2023-12-04T00:32:00.000Z","2781",0.1069166727,0.1316905851,0.1060747147,0.1280156444,6472400.33,127989805.05,"2023-12-04T23:59:59.999Z"
"2023-12-03T00:00:00.000Z","2023-12-03T23:59:59.999Z","2023-12-03T20:22:00.000Z","2023-12-03T06:41:00.000Z","2781",0.0899273626,0.1119033497,0.0868720366,0.1068906036,4840069.01,106869028.27,"2023-12-03T23:59:59.999Z"
"2023-12-02T00:00:00.000Z","2023-12-02T23:59:59.999Z","2023-12-02T20:04:00.000Z","2023-12-02T06:34:00.000Z","2781",0.0951685176,0.0974872417,0.0872290233,0.0899235679,2908749.05,89905417.29,"2023-12-02T23:59:59.999Z"
"2023-12-01T00:00:00.000Z","2023-12-01T23:59:59.999Z","2023-12-01T20:03:00.000Z","2023-12-01T09:12:00.000Z","2781",0.0866747129,0.1003534076,0.0859654764,0.0951953333,3164176.7,95176118.62,"2023-12-01T23:59:59.999Z"
"2023-11-30T00:00:00.000Z","2023-11-30T23:59:59.999Z","2023-11-30T08:34:00.000Z","2023-11-30T23:16:00.000Z","2781",0.0905957339,0.0923645118,0.0853167404,0.0866537249,2933281.33,86636234.28,"2023-11-30T23:59:59.999Z"
"2023-11-29T00:00:00.000Z","2023-11-29T23:59:59.999Z","2023-11-29T02:49:00.000Z","2023-11-29T21:52:00.000Z","2781",0.0992677954,0.103694879,0.0874890117,0.090595496,2516738.88,90577209.76,"2023-11-29T23:59:59.999Z"
"2023-11-28T00:00:00.000Z","2023-11-28T23:59:59.999Z","2023-11-28T20:06:00.000Z","2023-11-28T06:51:00.000Z","2781",0.0902558781,0.1015030254,0.0884766531,0.0992774113,2838991.75,99257372.69,"2023-11-28T23:59:59.999Z"
"2023-11-27T00:00:00.000Z","2023-11-27T23:59:59.999Z","2023-11-27T02:32:00.000Z","2023-11-27T19:26:00.000Z","2781",0.0901217919,0.095732299,0.0842881649,0.0902659291,2944490.77,90247709.39,"2023-11-27T23:59:59.999Z"
"2023-11-26T00:00:00.000Z","2023-11-26T23:59:59.999Z","2023-11-26T00:05:00.000Z","2023-11-26T23:52:00.000Z","2781",0.1034090057,0.104089996,0.0900999206,0.0901153477,2618273.2,90097158.4,"2023-11-26T23:59:59.999Z"
"2023-11-25T00:00:00.000Z","2023-11-25T23:59:59.999Z","2023-11-25T08:22:00.000Z","2023-11-25T23:54:00.000Z","2781",0.1085686573,0.1116144161,0.1032840348,0.1034079296,1533432.56,103387057.27,"2023-11-25T23:59:59.999Z"
"2023-11-24T00:00:00.000Z","2023-11-24T23:59:59.999Z","2023-11-24T16:31:00.000Z","2023-11-24T23:26:00.000Z","2781",0.1123377529,0.1173835045,0.1083773205,0.1085762251,2241032.41,108554309.51,"2023-11-24T23:59:59.999Z"
"2023-11-23T00:00:00.000Z","2023-11-23T23:59:59.999Z","2023-11-23T12:18:00.000Z","2023-11-23T19:39:00.000Z","2781",0.1127377767,0.1217919326,0.1083567148,0.112363955,2626697.82,112341274.91,"2023-11-23T23:59:59.999Z"
"2023-11-22T00:00:00.000Z","2023-11-22T23:59:59.999Z","2023-11-22T22:08:00.000Z","2023-11-22T00:05:00.000Z","2781",0.086916673,0.1157694712,0.0868835325,0.1127381488,4380211.44,112715393.16,"2023-11-22T23:59:59.999Z"
"2023-11-21T00:00:00.000Z","2023-11-21T23:59:59.999Z","2023-11-21T17:10:00.000Z","2023-11-21T23:31:00.000Z","2781",0.0983721926,0.1024811741,0.0862288686,0.0868922644,3723178.4,86874725.67,"2023-11-21T23:59:59.999Z"
"2023-11-20T00:00:00.000Z","2023-11-20T23:59:59.999Z","2023-11-20T02:31:00.000Z","2023-11-20T23:55:00.000Z","2781",0.1124027862,0.1142048837,0.0977697427,0.0983091614,2801538.95,98289318.2,"2023-11-20T23:59:59.999Z"
"2023-11-19T00:00:00.000Z","2023-11-19T23:59:59.999Z","2023-11-19T21:02:00.000Z","2023-11-19T05:23:00.000Z","2781",0.1056652442,0.1139308042,0.0998471276,0.1124097934,2872830.83,112387104.09,"2023-11-19T23:59:59.999Z"
"2023-11-18T00:00:00.000Z","2023-11-18T23:59:59.999Z","2023-11-18T20:07:00.000Z","2023-11-18T11:12:00.000Z","2781",0.0966962542,0.110782392,0.0946233963,0.1056510112,2514049.75,105629686.12,"2023-11-18T23:59:59.999Z"
"2023-11-17T00:00:00.000Z","2023-11-17T23:59:59.999Z","2023-11-17T00:25:00.000Z","2023-11-17T16:25:00.000Z","2781",0.1018591104,0.1042770223,0.089649065,0.0973469477,4006436.3,97327298.73,"2023-11-17T23:59:59.999Z"
"2023-11-16T00:00:00.000Z","2023-11-16T23:59:59.999Z","2023-11-16T00:01:00.000Z","2023-11-16T20:22:00.000Z","2781",0.1282373362,0.1299368555,0.0997351778,0.1018747178,5887632.85,101854154.89,"2023-11-16T23:59:59.999Z"
"2023-11-15T00:00:00.000Z","2023-11-15T23:59:59.999Z","2023-11-15T23:51:00.000Z","2023-11-15T02:44:00.000Z","2781",0.1260459112,0.1298844532,0.1194889516,0.1282448113,4524000.67,128218925.71,"2023-11-15T23:59:59.999Z"
"2023-11-14T00:00:00.000Z","2023-11-14T23:59:59.999Z","2023-11-14T23:59:00.000Z","2023-11-14T19:07:00.000Z","2781",0.1163609092,0.1244871698,0.099018266,0.1244871698,7379568.63,124462042.7,"2023-11-14T23:59:59.999Z"
"2023-11-13T00:00:00.000Z","2023-11-13T23:59:59.999Z","2023-11-13T03:45:00.000Z","2023-11-13T23:44:00.000Z","2781",0.1336965053,0.1373072932,0.115538026,0.1162276694,6820206.32,116204209.48,"2023-11-13T23:59:59.999Z"
"2023-11-12T00:00:00.000Z","2023-11-12T23:59:59.999Z","2023-11-12T03:44:00.000Z","2023-11-12T21:39:00.000Z","2781",0.1589082694,0.1641838589,0.1304631612,0.1336814039,8195809.38,133654420.99,"2023-11-12T23:59:59.999Z"
"2023-11-11T00:00:00.000Z","2023-11-11T23:59:59.999Z","2023-11-11T19:12:00.000Z","2023-11-11T16:38:00.000Z","2781",0.1612384764,0.1857449414,0.1398308913,0.1588118663,10274075.16,158779810.89,"2023-11-11T23:59:59.999Z"
"2023-11-10T00:00:00.000Z","2023-11-10T23:59:59.999Z","2023-11-10T21:24:00.000Z","2023-11-10T07:03:00.000Z","2781",0.134241288,0.1653627195,0.1218684777,0.1612397504,9331012.78,161207205.01,"2023-11-10T23:59:59.999Z"
"2023-11-09T00:00:00.000Z","2023-11-09T23:59:59.999Z","2023-11-09T15:57:00.000Z","2023-11-09T02:10:00.000Z","2781",0.1271255768,0.137145703,0.1170429223,0.1341610845,11411789.47,134134004.73,"2023-11-09T23:59:59.999Z"
"2023-11-08T00:00:00.000Z","2023-11-08T23:59:59.999Z","2023-11-08T23:48:00.000Z","2023-11-08T18:25:00.000Z","2781",0.1245967301,0.1273358006,0.1044736968,0.1272019312,7270682.38,127176256.08,"2023-11-08T23:59:59.999Z"
"2023-11-07T00:00:00.000Z","2023-11-07T23:59:59.999Z","2023-11-07T00:00:00.000Z","2023-11-07T15:51:00.000Z","2781",0.1364169029,0.1364169029,0.1180056003,0.1246514733,4904342.9,124626312.99,"2023-11-07T23:59:59.999Z"
"2023-11-06T00:00:00.000Z","2023-11-06T23:59:59.999Z","2023-11-06T15:34:00.000Z","2023-11-06T08:35:00.000Z","2781",0.138108444,0.1447270168,0.1280094244,0.1364189085,5014398.38,136391373.08,"2023-11-06T23:59:59.999Z"
"2023-11-05T00:00:00.000Z","2023-11-05T23:59:59.999Z","2023-11-05T23:43:00.000Z","2023-11-05T02:48:00.000Z","2781",0.1215060595,0.1406396175,0.117197104,0.1381719872,3633856.65,138144097.84,"2023-11-05T23:59:59.999Z"
"2023-11-04T00:00:00.000Z","2023-11-04T23:59:59.999Z","2023-11-04T00:00:00.000Z","2023-11-04T19:56:00.000Z","2781",0.1344105092,0.1344105092,0.1162028563,0.1215022187,3728067.16,121477694.04,"2023-11-04T23:59:59.999Z"
"2023-11-03T00:00:00.000Z","2023-11-03T23:59:59.999Z","2023-11-03T21:04:00.000Z","2023-11-03T01:40:00.000Z","2781",0.1273710163,0.1355124176,0.1166250115,0.1338390163,4591211.07,133812001.62,"2023-11-03T23:59:59.999Z"
"2023-11-02T00:00:00.000Z","2023-11-02T23:59:59.999Z","2023-11-02T04:25:00.000Z","2023-11-02T18:32:00.000Z","2781",0.147296989,0.1538602182,0.1238866012,0.1274352131,6652032.07,127409490.94,"2023-11-02T23:59:59.999Z"
"2023-11-01T00:00:00.000Z","2023-11-01T23:59:59.999Z","2023-11-01T00:29:00.000Z","2023-11-01T11:55:00.000Z","2781",0.1562491457,0.1582281988,0.1355670082,0.147118058,6657986.53,147088362.94,"2023-11-01T23:59:59.999Z"
"2023-10-31T00:00:00.000Z","2023-10-31T23:59:59.999Z","2023-10-31T02:22:00.000Z","2023-10-31T19:58:00.000Z","2781",0.1656479818,0.166474668,0.1493875961,0.1562996789,5652886.39,156268130.58,"2023-10-31T23:59:59.999Z"
"2023-10-30T00:00:00.000Z","2023-10-30T23:59:59.999Z","2023-10-30T16:37:00.000Z","2023-10-30T17:31:00.000Z","2781",0.1719674006,0.1729420943,0.1609805451,0.1656376741,5516382.45,165604240.98,"2023-10-30T23:59:59.999Z"
"2023-10-29T00:00:00.000Z","2023-10-29T23:59:59.999Z","2023-10-29T16:00:00.000Z","2023-10-29T05:53:00.000Z","2781",0.1670251103,0.1750763375,0.155503794,0.1720246477,4731086.94,171989925.43,"2023-10-29T23:59:59.999Z"
"2023-10-28T00:00:00.000Z","2023-10-28T23:59:59.999Z","2023-10-28T22:33:00.000Z","2023-10-28T02:51:00.000Z","2781",0.1367807984,0.1735981649,0.1330610663,0.1671272792,7291355.5,167093545.43,"2023-10-28T23:59:59.999Z"
"2023-10-27T00:00:00.000Z","2023-10-27T23:59:59.999Z","2023-10-27T10:46:00.000Z","2023-10-27T18:37:00.000Z","2781",0.1406680915,0.1463749635,0.1322465639,0.1367814572,5262873.8,136753848.57,"2023-10-27T23:59:59.999Z"
"2023-10-26T00:00:00.000Z","2023-10-26T23:59:59.999Z","2023-10-26T08:08:00.000Z","2023-10-26T15:47:00.000Z","2781",0.1481844686,0.161483966,0.1316723723,0.1406152513,7895389.94,140586868.82,"2023-10-26T23:59:59.999Z"
"2023-10-25T00:00:00.000Z","2023-10-25T23:59:59.999Z","2023-10-25T16:19:00.000Z","2023-10-25T00:48:00.000Z","2781",0.1326612567,0.1650815169,0.1293506716,0.1482736157,8754667.35,148243687.46,"2023-10-25T23:59:59.999Z"
"2023-10-24T00:00:00.000Z","2023-10-24T23:59:59.999Z","2023-10-24T12:05:00.000Z","2023-10-24T05:07:00.000Z","2781",0.1154872759,0.144584199,0.1145521026,0.132501299,11357762.09,132474554.3,"2023-10-24T23:59:59.999Z"
"2023-10-23T00:00:00.000Z","2023-10-23T23:59:59.999Z","2023-10-23T23:46:00.000Z","2023-10-23T01:06:00.000Z","2781",0.0883282212,0.1188308362,0.0880041138,0.1154857474,5512546.53,115462437.2,"2023-10-23T23:59:59.999Z"
"2023-10-22T00:00:00.000Z","2023-10-22T23:59:59.999Z","2023-10-22T12:38:00.000Z","2023-10-22T23:16:00.000Z","2781",0.0951271121,0.0981028258,0.083364568,0.0862575979,3052466.66,86240187.27,"2023-10-22T23:59:59.999Z"
"2023-10-21T00:00:00.000Z","2023-10-21T23:59:59.999Z","2023-10-21T18:09:00.000Z","2023-10-21T09:43:00.000Z","2781",0.092260111,0.1014387265,0.0843219909,0.0951284145,3187347.47,95109213.29,"2023-10-21T23:59:59.999Z"
"2023-10-20T00:00:00.000Z","2023-10-20T23:59:59.999Z","2023-10-20T09:00:00.000Z","2023-10-20T13:37:00.000Z","2781",0.0855794735,0.0969496653,0.0842633367,0.0922616359,4863010.78,92243013.34,"2023-10-20T23:59:59.999Z"
"2023-10-19T00:00:00.000Z","2023-10-19T23:59:59.999Z","2023-10-19T23:59:00.000Z","2023-10-19T05:43:00.000Z","2781",0.0766307798,0.0855611992,0.0690914544,0.0855611992,4232077.67,85543929.07,"2023-10-19T23:59:59.999Z"
"2023-10-18T00:00:00.000Z","2023-10-18T23:59:59.999Z","2023-10-18T13:09:00.000Z","2023-10-18T01:18:00.000Z","2781",0.0760324803,0.0828279108,0.0733210436,0.0766422049,1826058.69,76626735.11,"2023-10-18T23:59:59.999Z"
"2023-10-17T00:00:00.000Z","2023-10-17T23:59:59.999Z","2023-10-17T17:21:00.000Z","2023-10-17T02:16:00.000Z","2781",0.073831462,0.0827495706,0.0719447851,0.0760328207,2395943.39,76017473.89,"2023-10-17T23:59:59.999Z"
"2023-10-16T00:00:00.000Z","2023-10-16T23:59:59.999Z","2023-10-16T23:59:00.000Z","2023-10-16T00:43:00.000Z","2781",0.060927729,0.0738375569,0.0602570109,0.0738375569,3007996.52,73822653.17,"2023-10-16T23:59:59.999Z"
"2023-10-15T00:00:00.000Z","2023-10-15T23:59:59.999Z","2023-10-15T12:33:00.000Z","2023-10-15T23:59:00.000Z","2781",0.0643566013,0.0656075141,0.0609221746,0.0609221746,1243346.95,60909877.75,"2023-10-15T23:59:59.999Z"
"2023-10-14T00:00:00.000Z","2023-10-14T23:59:59.999Z","2023-10-14T17:37:00.000Z","2023-10-14T01:42:00.000Z","2781",0.0622069843,0.0648228594,0.0599291616,0.0643556257,1456663.17,64342635.82,"2023-10-14T23:59:59.999Z"
"2023-10-13T00:00:00.000Z","2023-10-13T23:59:59.999Z","2023-10-13T22:40:00.000Z","2023-10-13T00:07:00.000Z","2781",0.0512385295,0.0650030995,0.0509119405,0.0622068826,2707419.49,62194326.47,"2023-10-13T23:59:59.999Z"
"2023-10-12T00:00:00.000Z","2023-10-12T23:59:59.999Z","2023-10-12T13:25:00.000Z","2023-10-12T18:08:00.000Z","2781",0.0549654786,0.0570723576,0.0499042527,0.0513148476,2230735.79,51304489.97,"2023-10-12T23:59:59.999Z"
"2023-10-11T00:00:00.000Z","2023-10-11T23:59:59.999Z","2023-10-11T02:14:00.000Z","2023-10-11T16:31:00.000Z","2781",0.0585546719,0.0606689556,0.0534346246,0.054956568,2547845.67,54945475.31,"2023-10-11T23:59:59.999Z"
"2023-10-10T00:00:00.000Z","2023-10-10T23:59:59.999Z","2023-10-10T06:14:00.000Z","2023-10-10T18:31:00.000Z","2781",0.0625921885,0.066439125,0.0571206771,0.0585336524,2537706.09,58521837.65,"2023-10-10T23:59:59.999Z"
"2023-10-09T00:00:00.000Z","2023-10-09T23:59:59.999Z","2023-10-09T00:03:00.000Z","2023-10-09T17:30:00.000Z","2781",0.0671343208,0.0671559629,0.0539414449,0.0625647215,4115021.88,62552093.13,"2023-10-09T23:59:59.999Z"
"2023-10-08T00:00:00.000Z","2023-10-08T23:59:59.999Z","2023-10-08T04:11:00.000Z","2023-10-08T18:05:00.000Z","2781",0.0713350896,0.071687113,0.0640364276,0.0671332099,2334347.45,67119659.36,"2023-10-08T23:59:59.999Z"
"2023-10-07T00:00:00.000Z","2023-10-07T23:59:59.999Z","2023-10-07T00:15:00.000Z","2023-10-07T22:58:00.000Z","2781",0.0851599474,0.0851948564,0.0692338202,0.0713614897,2393967.61,71347085.79,"2023-10-07T23:59:59.999Z"
"2023-10-06T00:00:00.000Z","2023-10-06T23:59:59.999Z","2023-10-06T23:53:00.000Z","2023-10-06T13:06:00.000Z","2781",0.0760532672,0.0854140464,0.0717710264,0.0852626309,3010268.55,85245421.05,"2023-10-06T23:59:59.999Z"
"2023-10-05T00:00:00.000Z","2023-10-05T23:59:59.999Z","2023-10-05T00:04:00.000Z","2023-10-05T23:51:00.000Z","2781",0.0873380113,0.0873464663,0.0757460913,0.0760509022,2838944.39,76035551.67,"2023-10-05T23:59:59.999Z"
"2023-10-04T00:00:00.000Z","2023-10-04T23:59:59.999Z","2023-10-04T00:06:00.000Z","2023-10-04T15:09:00.000Z","2781",0.0874295718,0.0883702272,0.0796803897,0.0873050944,2779768.13,87287472.33,"2023-10-04T23:59:59.999Z"
"2023-10-03T00:00:00.000Z","2023-10-03T23:59:59.999Z","2023-10-03T00:28:00.000Z","2023-10-03T16:45:00.000Z","2781",0.0924998448,0.0934183693,0.0858609928,0.0869615909,2132549.92,86944038.1,"2023-10-03T23:59:59.999Z"
"2023-10-02T00:00:00.000Z","2023-10-02T23:59:59.999Z","2023-10-02T10:39:00.000Z","2023-10-02T19:15:00.000Z","2781",0.0964832426,0.1074103192,0.0882928911,0.0924710929,3747489.25,92452428.08,"2023-10-02T23:59:59.999Z"
"2023-10-01T00:00:00.000Z","2023-10-01T23:59:59.999Z","2023-10-01T23:55:00.000Z","2023-10-01T02:15:00.000Z","2781",0.0901492207,0.0965510485,0.087250738,0.0964857764,1870731.48,96466301.23,"2023-10-01T23:59:59.999Z"
"2023-09-30T00:00:00.000Z","2023-09-30T23:59:59.999Z","2023-09-30T20:44:00.000Z","2023-09-30T01:37:00.000Z","2781",0.0810884643,0.0937404557,0.0805187327,0.0901344741,1753360.8,90116280.92,"2023-09-30T23:59:59.999Z"
"2023-09-29T00:00:00.000Z","2023-09-29T23:59:59.999Z","2023-09-29T07:58:00.000Z","2023-09-29T01:29:00.000Z","2781",0.0766928202,0.0860334663,0.0753784598,0.0810910801,2889733.22,81074712.25,"2023-09-29T23:59:59.999Z"
"2023-09-28T00:00:00.000Z","2023-09-28T23:59:59.999Z","2023-09-28T23:13:00.000Z","2023-09-28T04:50:00.000Z","2781",0.0671334862,0.0768314396,0.0662528307,0.0766961511,2199502.74,76680670.35,"2023-09-28T23:59:59.999Z"
"2023-09-27T00:00:00.000Z","2023-09-27T23:59:59.999Z","2023-09-27T14:14:00.000Z","2023-09-27T00:37:00.000Z","2781",0.0658778449,0.0728728619,0.0657528213,0.0671329158,1472470.05,67119365.37,"2023-09-27T23:59:59.999Z"
"2023-09-26T00:00:00.000Z","2023-09-26T23:59:59.999Z","2023-09-26T08:22:00.000Z","2023-09-26T23:42:00.000Z","2781",0.070421095,0.0723599099,0.0655850165,0.0658815408,1621138.23,65868242.99,"2023-09-26T23:59:59.999Z"
"2023-09-25T00:00:00.000Z","2023-09-25T23:59:59.999Z","2023-09-25T03:08:00.000Z","2023-09-25T15:22:00.000Z","2781",0.0767756209,0.0783388264,0.0698383439,0.070421332,2420146.29,70407117.84,"2023-09-25T23:59:59.999Z"
"2023-09-24T00:00:00.000Z","2023-09-24T23:59:59.999Z","2023-09-24T17:59:00.000Z","2023-09-24T03:16:00.000Z","2781",0.0712030112,0.0815303839,0.0707012897,0.0767824143,1889223.81,76766916.18,"2023-09-24T23:59:59.999Z"
"2023-09-23T00:00:00.000Z","2023-09-23T23:59:59.999Z","2023-09-23T18:52:00.000Z","2023-09-23T05:28:00.000Z","2781",0.0691264171,0.0744671163,0.0665121575,0.0712033302,1530018.08,71188958.15,"2023-09-23T23:59:59.999Z"
"2023-09-22T00:00:00.000Z","2023-09-22T23:59:59.999Z","2023-09-22T21:39:00.000Z","2023-09-22T04:16:00.000Z","2781",0.0630806793,0.0709450636,0.0621930047,0.0691264171,1664414.77,69112464.26,"2023-09-22T23:59:59.999Z"
"2023-09-21T00:00:00.000Z","2023-09-21T23:59:59.999Z","2023-09-21T01:14:00.000Z","2023-09-21T16:03:00.000Z","2781",0.0739007176,0.0739680747,0.0598668976,0.0630855448,2172954.74,63072811.33,"2023-09-21T23:59:59.999Z"
"2023-09-20T00:00:00.000Z","2023-09-20T23:59:59.999Z","2023-09-20T08:40:00.000Z","2023-09-20T01:57:00.000Z","2781",0.0694041568,0.0802567521,0.0670149528,0.0738998535,3321781.56,73884937.23,"2023-09-20T23:59:59.999Z"
"2023-09-19T00:00:00.000Z","2023-09-19T23:59:59.999Z","2023-09-19T10:16:00.000Z","2023-09-19T01:10:00.000Z","2781",0.0623924376,0.0694688126,0.0619899506,0.0694057469,2359998.6,69391737.74,"2023-09-19T23:59:59.999Z"
"2023-09-18T00:00:00.000Z","2023-09-18T23:59:59.999Z","2023-09-18T13:25:00.000Z","2023-09-18T03:59:00.000Z","2781",0.0566061041,0.0654657943,0.0552722406,0.0623924376,2554220.51,62379844.02,"2023-09-18T23:59:59.999Z"
"2023-09-17T00:00:00.000Z","2023-09-17T23:59:59.999Z","2023-09-17T16:01:00.000Z","2023-09-17T13:29:00.000Z","2781",0.0549324203,0.0576925539,0.0505509419,0.0566081682,1960956.4,56596742.12,"2023-09-17T23:59:59.999Z"
"2023-09-16T00:00:00.000Z","2023-09-16T23:59:59.999Z","2023-09-16T00:00:00.000Z","2023-09-16T17:05:00.000Z","2781",0.0642520854,0.0642520854,0.0530086316,0.0549327279,2291072.44,54921640.02,"2023-09-16T23:59:59.999Z"
"2023-09-15T00:00:00.000Z","2023-09-15T23:59:59.999Z","2023-09-15T08:55:00.000Z","2023-09-15T22:28:00.000Z","2781",0.0647779516,0.0701291218,0.062331097,0.0642522025,2292073.63,64239233.54,"2023-09-15T23:59:59.999Z"
"2023-09-14T00:00:00.000Z","2023-09-14T23:59:59.999Z","2023-09-14T12:24:00.000Z","2023-09-14T00:37:00.000Z","2781",0.0614787419,0.0731154978,0.0613515783,0.0647777021,3289656.83,64764627.01,"2023-09-14T23:59:59.999Z"
"2023-09-13T00:00:00.000Z","2023-09-13T23:59:59.999Z","2023-09-13T23:50:00.000Z","2023-09-13T00:12:00.000Z","2781",0.0541970514,0.0620516749,0.0536450668,0.0614805236,2691048.17,61468114.12,"2023-09-13T23:59:59.999Z"
"2023-09-12T00:00:00.000Z","2023-09-12T23:59:59.999Z","2023-09-12T13:15:00.000Z","2023-09-12T02:47:00.000Z","2781",0.0513634581,0.0562047447,0.0490847676,0.0542256475,4148277.49,54214702.29,"2023-09-12T23:59:59.999Z"
"2023-09-11T00:00:00.000Z","2023-09-11T23:59:59.999Z","2023-09-11T00:25:00.000Z","2023-09-11T20:03:00.000Z","2781",0.0653128347,0.0654704403,0.0449214638,0.0512199138,5401281.11,51209575.33,"2023-09-11T23:59:59.999Z"
"2023-09-10T00:00:00.000Z","2023-09-10T23:59:59.999Z","2023-09-10T23:58:00.000Z","2023-09-10T06:41:00.000Z","2781",0.0558502341,0.0653347365,0.0477851987,0.0653340372,5136448.55,65320849.85,"2023-09-10T23:59:59.999Z"
"2023-09-09T00:00:00.000Z","2023-09-09T23:59:59.999Z","2023-09-09T01:11:00.000Z","2023-09-09T19:06:00.000Z","2781",0.0625953485,0.0639369208,0.0555124151,0.0558620021,3416062.56,55850726.6,"2023-09-09T23:59:59.999Z"
"2023-09-08T00:00:00.000Z","2023-09-08T23:59:59.999Z","2023-09-08T04:41:00.000Z","2023-09-08T17:40:00.000Z","2781",0.0725640393,0.0730634069,0.0595629091,0.0625967202,3718644.8,62584085.38,"2023-09-08T23:59:59.999Z"
"2023-09-07T00:00:00.000Z","2023-09-07T23:59:59.999Z","2023-09-07T00:22:00.000Z","2023-09-07T20:11:00.000Z","2781",0.0807322757,0.081092474,0.069380921,0.0725830919,4047763.68,72568441.36,"2023-09-07T23:59:59.999Z"
"2023-09-06T00:00:00.000Z","2023-09-06T23:59:59.999Z","2023-09-06T06:19:00.000Z","2023-09-06T01:14:00.000Z","2781",0.0815187836,0.084911007,0.0778499156,0.0807425965,5927899.1,80726299.01,"2023-09-06T23:59:59.999Z"
"2023-09-05T00:00:00.000Z","2023-09-05T23:59:59.999Z","2023-09-05T20:08:00.000Z","2023-09-05T03:38:00.000Z","2781",0.0652983824,0.0843513456,0.0649300281,0.0816100179,6813918.18,81593545.3,"2023-09-05T23:59:59.999Z"
"2023-09-04T00:00:00.000Z","2023-09-04T23:59:59.999Z","2023-09-04T20:11:00.000Z","2023-09-04T00:17:00.000Z","2781",0.0626916448,0.0737065387,0.0589477977,0.0653000892,8721915.13,65286908.73,"2023-09-04T23:59:59.999Z"
"2023-09-03T00:00:00.000Z","2023-09-03T23:59:59.999Z","2023-09-03T04:58:00.000Z","2023-09-03T23:47:00.000Z","2781",0.0691884717,0.0718852463,0.0605491077,0.0618502467,8885147.63,61837762.51,"2023-09-03T23:59:59.999Z"
"2023-09-02T00:00:00.000Z","2023-09-02T23:59:59.999Z","2023-09-02T16:02:00.000Z","2023-09-02T23:24:00.000Z","2781",0.072651465,0.0771884245,0.0690999612,0.0692138262,7017899.46,69199855.77,"2023-09-02T23:59:59.999Z"
"2023-09-01T00:00:00.000Z","2023-09-01T23:59:59.999Z","2023-09-01T02:52:00.000Z","2023-09-01T18:42:00.000Z","2781",0.0851625233,0.0876055066,0.0685598322,0.0721366168,5900812.57,72122056.38,"2023-09-01T23:59:59.999Z"
"2023-08-31T00:00:00.000Z","2023-08-31T23:59:59.999Z","2023-08-31T00:03:00.000Z","2023-08-31T17:08:00.000Z","2781",0.1001821958,0.1001982082,0.0772748053,0.0851842453,6126970.1,85167051.3,"2023-08-31T23:59:59.999Z"
"2023-08-30T00:00:00.000Z","2023-08-30T23:59:59.999Z","2023-08-30T01:58:00.000Z","2023-08-30T00:02:00.000Z","2781",0.095294815,0.1231512753,0.0952215636,0.0998469311,11514685.48,99826777.49,"2023-08-30T23:59:59.999Z"
"2023-08-29T00:00:00.000Z","2023-08-29T23:59:59.999Z","2023-08-29T14:46:00.000Z","2023-08-29T00:39:00.000Z","2781",0.0761569206,0.1104247712,0.0761046458,0.0952919247,11821962.27,95272690.55,"2023-08-29T23:59:59.999Z"
"2023-08-28T00:00:00.000Z","2023-08-28T23:59:59.999Z","2023-08-28T00:37:00.000Z","2023-08-28T21:40:00.000Z","2781",0.0904744732,0.0922348356,0.0710741948,0.0761773557,15348068.55,76161979.73,"2023-08-28T23:59:59.999Z"
"2023-08-27T00:00:00.000Z","2023-08-27T23:59:59.999Z","2023-08-27T13:25:00.000Z","2023-08-27T04:07:00.000Z","2781",0.0913876742,0.1069132979,0.0868759962,0.0906166066,11508050.19,90598316.07,"2023-08-27T23:59:59.999Z"
"2023-08-26T00:00:00.000Z","2023-08-26T23:59:59.999Z","2023-08-26T00:04:00.000Z","2023-08-26T20:40:00.000Z","2781",0.1036397195,0.104143291,0.0875092907,0.0913876742,9927305.11,91369228.05,"2023-08-26T23:59:59.999Z"
"2023-08-25T00:00:00.000Z","2023-08-25T23:59:59.999Z","2023-08-25T09:55:00.000Z","2023-08-25T04:18:00.000Z","2781",0.1110051612,0.1123187308,0.0845779494,0.1036397195,16808556.21,103618800.35,"2023-08-25T23:59:59.999Z"
"2023-08-24T00:00:00.000Z","2023-08-24T23:59:59.999Z","2023-08-24T00:04:00.000Z","2023-08-24T23:16:00.000Z","2781",0.1264764219,0.1265990045,0.1008188646,0.1108965595,14140040.09,110874175.54,"2023-08-24T23:59:59.999Z"
"2023-08-23T00:00:00.000Z","2023-08-23T23:59:59.999Z","2023-08-23T00:33:00.000Z","2023-08-23T13:01:00.000Z","2781",0.1440803511,0.147875926,0.1111160814,0.1264377895,17027002.68,126412268.68,"2023-08-23T23:59:59.999Z"
"2023-08-22T00:00:00.000Z","2023-08-22T23:59:59.999Z","2023-08-22T02:13:00.000Z","2023-08-22T21:40:00.000Z","2781",0.1646812552,0.1743760085,0.1265174453,0.1440803511,16653502.3,144051269.22,"2023-08-22T23:59:59.999Z"
"2023-08-21T00:00:00.000Z","2023-08-21T23:59:59.999Z","2023-08-21T00:09:00.000Z","2023-08-21T16:34:00.000Z","2781",0.1782508105,0.18050521,0.1560233644,0.1646608105,16156364.65,164627574.51,"2023-08-21T23:59:59.999Z"
"2023-08-20T00:00:00.000Z","2023-08-20T23:59:59.999Z","2023-08-20T18:50:00.000Z","2023-08-20T02:42:00.000Z","2781",0.1444233164,0.1977198435,0.1372971003,0.1782428857,20426418.53,178206908.3,"2023-08-20T23:59:59.999Z"
"2023-08-19T00:00:00.000Z","2023-08-19T23:59:59.999Z","2023-08-19T01:48:00.000Z","2023-08-19T20:55:00.000Z","2781",0.1451040101,0.1549385747,0.1355640047,0.1444902533,13336385.66,144461088.64,"2023-08-19T23:59:59.999Z"
"2023-08-18T00:00:00.000Z","2023-08-18T23:59:59.999Z","2023-08-18T02:36:00.000Z","2023-08-18T21:50:00.000Z","2781",0.1492768788,0.1843124868,0.1396008859,0.1450786103,18901067.34,145049326.94,"2023-08-18T23:59:59.999Z"
"2023-08-17T00:00:00.000Z","2023-08-17T23:59:59.999Z","2023-08-17T08:24:00.000Z","2023-08-17T21:54:00.000Z","2781",0.1466685152,0.177622087,0.1195863473,0.1492768788,21994351.27,149246748.02,"2023-08-17T23:59:59.999Z"
"2023-08-16T00:00:00.000Z","2023-08-16T23:59:59.999Z","2023-08-16T04:53:00.000Z","2023-08-16T23:26:00.000Z","2781",0.1783329359,0.1936058118,0.1402054051,0.1479727905,19440992.56,147942922.96,"2023-08-16T23:59:59.999Z"
"2023-08-15T00:00:00.000Z","2023-08-15T23:59:59.999Z","2023-08-15T23:59:00.000Z","2023-08-15T01:47:00.000Z","2781",0.1652935682,0.1783373268,0.1330841596,0.1783373268,24551202.6,178301330.27,"2023-08-15T23:59:59.999Z"
"2023-08-14T00:00:00.000Z","2023-08-14T23:59:59.999Z","2023-08-14T23:57:00.000Z","2023-08-14T00:10:00.000Z","2781",0.115311633,0.1708860251,0.1136672247,0.1653829767,23352268.12,165349594.93,"2023-08-14T23:59:59.999Z"
"2023-08-13T00:00:00.000Z","2023-08-13T23:59:59.999Z","2023-08-13T12:15:00.000Z","2023-08-13T15:16:00.000Z","2781",0.1157285272,0.1233742728,0.1077564464,0.1153246905,10834903.18,115301412.81,"2023-08-13T23:59:59.999Z"
"2023-08-12T00:00:00.000Z","2023-08-12T23:59:59.999Z","2023-08-12T00:46:00.000Z","2023-08-12T22:06:00.000Z","2781",0.126515046,0.135841055,0.1132489379,0.1158840199,10939770.09,115860629.27,"2023-08-12T23:59:59.999Z"
"2023-08-11T00:00:00.000Z","2023-08-11T23:59:59.999Z","2023-08-11T20:26:00.000Z","2023-08-11T00:50:00.000Z","2781",0.1005231588,0.1330364844,0.1002082222,0.1265728916,12850490.13,126547343.48,"2023-08-11T23:59:59.999Z"
"2023-08-10T00:00:00.000Z","2023-08-10T23:59:59.999Z","2023-08-10T01:15:00.000Z","2023-08-10T10:51:00.000Z","2781",0.0991667787,0.1045193235,0.0946110831,0.1005251329,9900778.94,100504842.4,"2023-08-10T23:59:59.999Z"
"2023-08-09T00:00:00.000Z","2023-08-09T23:59:59.999Z","2023-08-09T17:17:00.000Z","2023-08-09T11:36:00.000Z","2781",0.0998151806,0.1219327279,0.0882504518,0.0992889199,14324284.31,99268878.94,"2023-08-09T23:59:59.999Z"
"2023-08-08T00:00:00.000Z","2023-08-08T23:59:59.999Z","2023-08-08T18:30:00.000Z","2023-08-08T00:58:00.000Z","2781",0.0887222387,0.1148672189,0.0871348662,0.0998623036,12445630.5,99842146.94,"2023-08-08T23:59:59.999Z"
"2023-08-07T00:00:00.000Z","2023-08-07T23:59:59.999Z","2023-08-07T02:53:00.000Z","2023-08-07T23:20:00.000Z","2781",0.104737609,0.1104704053,0.0793314246,0.0888063812,16487290.68,88788456.1,"2023-08-07T23:59:59.999Z"
"2023-08-06T00:00:00.000Z","2023-08-06T23:59:59.999Z","2023-08-06T03:38:00.000Z","2023-08-06T20:15:00.000Z","2781",0.1029119289,0.1274688431,0.0940772468,0.1045891111,14127003.27,104568000.34,"2023-08-06T23:59:59.999Z"
"2023-08-05T00:00:00.000Z","2023-08-05T23:59:59.999Z","2023-08-05T08:12:00.000Z","2023-08-05T02:19:00.000Z","2781",0.1101869141,0.1265334126,0.0999524109,0.1028733977,14706039.56,102852633.27,"2023-08-05T23:59:59.999Z"
"2023-08-04T00:00:00.000Z","2023-08-04T23:59:59.999Z","2023-08-04T23:58:00.000Z","2023-08-04T18:58:00.000Z","2781",0.1056748973,0.1111692039,0.0924845984,0.1094382888,12479362.28,109416199.22,"2023-08-04T23:59:59.999Z"
"2023-08-03T00:00:00.000Z","2023-08-03T23:59:59.999Z","2023-08-03T22:25:00.000Z","2023-08-03T13:15:00.000Z","2781",0.0917193668,0.1132311748,0.0798798443,0.1056748974,19544601.2,105653567.42,"2023-08-03T23:59:59.999Z"
"2023-08-02T00:00:00.000Z","2023-08-02T23:59:59.999Z","2023-08-02T23:59:00.000Z","2023-08-02T02:21:00.000Z","2781",0.0753225074,0.0917193667,0.0702236861,0.0917193667,14994619.47,91700853.6,"2023-08-02T23:59:59.999Z"
"2023-08-01T00:00:00.000Z","2023-08-01T23:59:59.999Z","2023-08-01T23:59:00.000Z","2023-08-01T03:55:00.000Z","2781",0.0680087864,0.0746353465,0.0550326376,0.0746353465,11144045.99,74620281.76,"2023-08-01T23:59:59.999Z"
"2023-07-31T00:00:00.000Z","2023-07-31T23:59:59.999Z","2023-07-31T13:36:00.000Z","2023-07-31T05:42:00.000Z","2781",0.0711625204,0.0812231097,0.0613583557,0.0680082588,10980815.91,67994531.71,"2023-07-31T23:59:59.999Z"
"2023-07-30T00:00:00.000Z","2023-07-30T23:59:59.999Z","2023-07-30T00:09:00.000Z","2023-07-30T21:03:00.000Z","2781",0.0846910227,0.0850988886,0.0619186147,0.0711189399,12813693.66,71104584.87,"2023-07-30T23:59:59.999Z"
"2023-07-29T00:00:00.000Z","2023-07-29T23:59:59.999Z","2023-07-29T14:22:00.000Z","2023-07-29T01:10:00.000Z","2781",0.0745756914,0.1019332986,0.0703559954,0.0847473669,11218006.79,84730261.08,"2023-07-29T23:59:59.999Z"
"2023-07-28T00:00:00.000Z","2023-07-28T23:59:59.999Z","2023-07-28T01:06:00.000Z","2023-07-28T16:38:00.000Z","2781",0.0911321686,0.097604276,0.0715997046,0.0745722745,11700552.84,74557222.42,"2023-07-28T23:59:59.999Z"
"2023-07-27T00:00:00.000Z","2023-07-27T23:59:59.999Z","2023-07-27T03:38:00.000Z","2023-07-27T18:11:00.000Z","2781",0.0815361734,0.1194721569,0.0790686335,0.091148243,26340285.23,91129845.14,"2023-07-27T23:59:59.999Z"
"2023-07-26T00:00:00.000Z","2023-07-26T23:59:59.999Z","2023-07-26T21:18:00.000Z","2023-07-26T10:20:00.000Z","2781",0.0755049286,0.0990918255,0.063947571,0.0806031553,20431967.97,80586885.99,"2023-07-26T23:59:59.999Z"
"2023-07-25T00:00:00.000Z","2023-07-25T23:59:59.999Z","2023-07-25T22:13:00.000Z","2023-07-25T09:22:00.000Z","2781",0.0407538144,0.0895527426,0.0329923965,0.0753720593,21625975.75,75000000.00,"2023-07-25T23:59:59.999Z"
"2023-07-24T00:00:00.000Z","2023-07-24T23:59:59.999Z","2023-07-24T08:41:00.000Z","2023-07-24T21:24:00.000Z","2781",0.0505907175,0.0516247632,0.0390377947,0.040748824,6747721.1,40000000.00,"2023-07-24T23:59:59.999Z"
"2023-07-23T00:00:00.000Z","2023-07-23T23:59:59.999Z","2023-07-23T18:36:00.000Z","2023-07-23T15:46:00.000Z","2781",0.0474345218,0.0608660542,0.0379601105,0.0506169196,10517331.5,50000000.00,"2023-07-23T23:59:59.999Z"
"2023-07-22T00:00:00.000Z","2023-07-22T23:59:59.999Z","2023-07-22T13:12:00.000Z","2023-07-22T23:32:00.000Z","2781",0.0577998149,0.06377953,0.0415252593,0.0473310858,12493643.47,43000000.00,"2023-07-22T23:59:59.999Z"
"2023-07-21T00:00:00.000Z","2023-07-21T23:59:59.999Z","2023-07-21T02:21:00.000Z","2023-07-21T20:16:00.000Z","2781",0.071180241,0.0815668286,0.0530556929,0.0578125196,13524390.04,56000000.00,"2023-07-21T23:59:59.999Z"
"2023-07-20T00:00:00.000Z","2023-07-20T23:59:59.999Z","2023-07-20T15:48:00.000Z","2023-07-20T20:38:00.000Z","2781",0.0668123311,0.0962084441,0.0666294897,0.0712686864,19188271.19,69000000.00,"2023-07-20T23:59:59.999Z"
"2023-07-19T00:00:00.000Z","2023-07-19T23:59:59.999Z","2023-07-19T05:34:00.000Z","2023-07-19T00:02:00.000Z","2781",0.0515713886,0.0782978774,0.051538944,0.0667230055,15592812.63,64000000.00,"2023-07-19T23:59:59.999Z"
"2023-07-18T00:00:00.000Z","2023-07-18T23:59:59.999Z","2023-07-18T16:49:00.000Z","2023-07-18T12:46:00.000Z","2781",0.04862911,0.0556789961,0.0413920448,0.0514658845,6295086.06,50000000.00,"2023-07-18T23:59:59.999Z"
"2023-07-17T00:00:00.000Z","2023-07-17T23:59:59.999Z","2023-07-17T11:46:00.000Z","2023-07-17T03:03:00.000Z","2781",0.0497325626,0.0601169656,0.0350331248,0.0486411125,11878248.2,48000000.00,"2023-07-17T23:59:59.999Z"
"2023-07-16T00:00:00.000Z","2023-07-16T23:59:59.999Z","2023-07-16T23:21:00.000Z","2023-07-16T04:43:00.000Z","2781",0.0462674996,0.0525409962,0.0340506207,0.049705152,10943316.06,48000000.00,"2023-07-16T23:59:59.999Z"
"2023-07-15T00:00:00.000Z","2023-07-15T23:59:59.999Z","2023-07-15T23:17:00.000Z","2023-07-15T06:27:00.000Z","2781",0.0296136641,0.0501292665,0.0284605613,0.0470072367,12844067.08,46000000.00,"2023-07-15T23:59:59.999Z"
"2023-07-14T00:00:00.000Z","2023-07-14T23:59:59.999Z","2023-07-14T16:08:00.000Z","2023-07-14T00:32:00.000Z","2781",0.0231832487,0.0360125429,0.0219554121,0.0295979878,9619175.9,29000000.00,"2023-07-14T23:59:59.999Z"
"2023-07-13T00:00:00.000Z","2023-07-13T23:59:59.999Z","2023-07-13T23:02:00.000Z","2023-07-13T02:16:00.000Z","2781",0.0163672238,0.0250301633,0.0141821551,0.0231705546,4315420.63,23000000.00,"2023-07-13T23:59:59.999Z"
"2023-07-12T00:00:00.000Z","2023-07-12T23:59:59.999Z","2023-07-12T01:59:00.000Z","2023-07-12T19:50:00.000Z","2781",0.0180892182,0.0203042999,0.0134204975,0.0163674542,3190121.94,18000000.00,"2023-07-12T23:59:59.999Z"
"2023-07-11T00:00:00.000Z","2023-07-11T23:59:59.999Z","2023-07-11T23:54:00.000Z","2023-07-11T01:07:00.000Z","2781",0.01193654,0.0183353118,0.0114313775,0.0180903257,2872877.52,18000000.00,"2023-07-11T23:59:59.999Z"
"2023-07-10T00:00:00.000Z","2023-07-10T23:59:59.999Z","2023-07-10T20:10:00.000Z","2023-07-10T12:32:00.000Z","2781",0.0111128285,0.0130767546,0.00784536230026,0.01193654,2104460.07,1200000.00,"2023-07-10T23:59:59.999Z"
"2023-07-09T00:00:00.000Z","2023-07-09T23:59:59.999Z","2023-07-09T12:35:00.000Z","2023-07-09T22:42:00.000Z","2781",0.0113098339,0.0127673085,0.0105166493,0.0111175692,1549242.12,11500000.00,"2023-07-09T23:59:59.999Z"
"2023-07-08T00:00:00.000Z","2023-07-08T23:59:59.999Z","2023-07-08T17:28:00.000Z","2023-07-08T05:34:00.000Z","2781",0.0122981994,0.0127842999,0.0102213532,0.0113098339,1644575.37,10600000.00,"2023-07-08T23:59:59.999Z"
"2023-07-07T00:00:00.000Z","2023-07-07T23:59:59.999Z","2023-07-07T16:10:00.000Z","2023-07-07T01:59:00.000Z","2781",0.011482607,0.0128532816,0.0099775270029,0.0122960455,1823862.94,12600000.00,"2023-07-07T23:59:59.999Z"
"2023-07-06T00:00:00.000Z","2023-07-06T23:59:59.999Z","2023-07-06T01:07:00.000Z","2023-07-06T21:05:00.000Z","2781",0.0134707443,0.0135713285,0.0104037343,0.0114834251,1832352.67,11000000.00,"2023-07-06T23:59:59.999Z"
"2023-07-05T00:00:00.000Z","2023-07-05T23:59:59.999Z","2023-07-05T16:54:00.000Z","2023-07-05T12:43:00.000Z","2781",0.014317992,0.0153851146,0.011773238,0.013470253,1892325.81,13000000.00,"2023-07-05T23:59:59.999Z"
"2023-07-04T00:00:00.000Z","2023-07-04T23:59:59.999Z","2023-07-04T04:20:00.000Z","2023-07-04T19:17:00.000Z","2781",0.0160537138,0.017292959,0.0120682023,0.014317992,2142471.56,14000000.00,"2023-07-04T23:59:59.999Z"
"2023-07-03T00:00:00.000Z","2023-07-03T23:59:59.999Z","2023-07-03T10:54:00.000Z","2023-07-03T00:00:00.000Z","2781",0.0132955795,0.0177369672,0.0132955795,0.0161659577,3188034.03,16000000.00,"2023-07-03T23:59:59.999Z"
"2023-07-02T00:00:00.000Z","2023-07-02T23:59:59.999Z","2023-07-02T00:32:00.000Z","2023-07-02T07:41:00.000Z","2781",0.0134502868,0.0135234122,0.0116152851,0.0132941676,1786521.08,13000000.00,"2023-07-02T23:59:59.999Z"
"2023-07-01T00:00:00.000Z","2023-07-01T23:59:59.999Z","2023-07-01T00:31:00.000Z","2023-07-01T05:22:00.000Z","2781",0.0155286767,0.0157857271,0.0122880136,0.0134504142,2159650.34,13000000.00,"2023-07-01T23:59:59.999Z"
"2023-06-30T00:00:00.000Z","2023-06-30T23:59:59.999Z","2023-06-30T13:35:00.000Z","2023-06-30T16:52:00.000Z","2781",0.0151726127,0.0192565862,0.01431737,0.0155669496,2924614.19,16000000.00,"2023-06-30T23:59:59.999Z"
"2023-06-29T00:00:00.000Z","2023-06-29T23:59:59.999Z","2023-06-29T10:58:00.000Z","2023-06-29T01:12:00.000Z","2781",0.0135635243,0.017868802,0.0118925276,0.0151780347,2633654.8,15000000.00,"2023-06-29T23:59:59.999Z"
"2023-06-28T00:00:00.000Z","2023-06-28T23:59:59.999Z","2023-06-28T00:15:00.000Z","2023-06-28T19:10:00.000Z","2781",0.0191440807,0.0193482761,0.012319475,0.0135635243,2549629.44,13000000.00,"2023-06-28T23:59:59.999Z"
"2023-06-27T00:00:00.000Z","2023-06-27T23:59:59.999Z","2023-06-27T19:06:00.000Z","2023-06-27T05:36:00.000Z","2781",0.0172037362,0.0203532637,0.0152374011,0.0191424923,3022948.47,19000000.00,"2023-06-27T23:59:59.999Z"
"2023-06-26T00:00:00.000Z","2023-06-26T23:59:59.999Z","2023-06-26T00:27:00.000Z","2023-06-26T23:19:00.000Z","2781",0.0249579275,0.0268613603,0.0156423157,0.0169678567,4321086.53,16000000.00,"2023-06-26T23:59:59.999Z"
"2023-06-25T00:00:00.000Z","2023-06-25T23:59:59.999Z","2023-06-25T23:57:00.000Z","2023-06-25T00:31:00.000Z","2781",0.0148963422,0.0252093806,0.0146729199,0.0246092574,3881740.79,24000000.00,"2023-06-25T23:59:59.999Z"
"2023-06-24T00:00:00.000Z","2023-06-24T23:59:59.999Z","2023-06-24T04:02:00.000Z","2023-06-24T17:46:00.000Z","2781",0.0180526951,0.0211067437,0.0139572713,0.0148986752,3407565.83,14000000.00,"2023-06-24T23:59:59.999Z"
"2023-06-23T00:00:00.000Z","2023-06-23T23:59:59.999Z","2023-06-23T18:18:00.000Z","2023-06-23T00:32:00.000Z","2781",0.0139924271,0.0234303412,0.0129122326,0.0179575582,4327233.1,18000000.00,"2023-06-23T23:59:59.999Z"
"2023-06-22T00:00:00.000Z","2023-06-22T23:59:59.999Z","2023-06-22T21:51:00.000Z","2023-06-22T01:13:00.000Z","2781",0.0095514510079,0.0160108838,0.00840176164195,0.0139904138,2959773.26,14000000.00,"2023-06-22T23:59:59.999Z"
"2023-06-21T00:00:00.000Z","2023-06-21T23:59:59.999Z","2023-06-21T20:42:00.000Z","2023-06-21T11:31:00.000Z","2781",0.00835376496299,0.0110037553,0.00655198678441,0.00955495510086,2605926.03,9500000.00,"2023-06-21T23:59:59.999Z"
"2023-06-20T00:00:00.000Z","2023-06-20T23:59:59.999Z","2023-06-20T03:22:00.000Z","2023-06-20T15:22:00.000Z","2781",0.00993803047984,0.0107405217,0.00760741950018,0.00836220831846,1597703.21,7240000.00,"2023-06-20T23:59:59.999Z"
"2023-06-19T00:00:00.000Z","2023-06-19T23:59:59.999Z","2023-06-19T04:36:00.000Z","2023-06-19T00:02:00.000Z","2781",0.00908368963644,0.0118945501,0.00908131433216,0.00993079384892,1531555.81,9980000.00,,"2023-06-19T23:59:59.999Z"
"2023-06-18T00:00:00.000Z","2023-06-18T23:59:59.999Z","2023-06-18T00:40:00.000Z","2023-06-18T20:33:00.000Z","2781",0.0102448675,0.0108483311,0.00838175251251,0.00908368963644,1368678.01,9140000.00,,"2023-06-18T23:59:59.999Z"
"2023-06-17T00:00:00.000Z","2023-06-17T23:59:59.999Z","2023-06-17T00:02:00.000Z","2023-06-17T21:07:00.000Z","2781",0.0140438495,0.0140587928,0.0100311874,0.010246334,1652568.1,1000000.00,,"2023-06-17T23:59:59.999Z"
"2023-06-16T00:00:00.000Z","2023-06-16T23:59:59.999Z","2023-06-16T18:29:00.000Z","2023-06-16T13:46:00.000Z","2781",0.0113050064,0.0158437299,0.0102031045,0.0140503754,2350134.26,1460000.00,,"2023-06-16T23:59:59.999Z"
"2023-06-15T00:00:00.000Z","2023-06-15T23:59:59.999Z","2023-06-15T00:09:00.000Z","2023-06-15T11:08:00.000Z","2781",0.0130611582,0.0136982604,0.0085986923126,0.0113044293,3312710.65,1100000.00,,"2023-06-15T23:59:59.999Z"
"2023-06-14T00:00:00.000Z","2023-06-14T23:59:59.999Z","2023-06-14T12:50:00.000Z","2023-06-14T20:53:00.000Z","2781",0.0143993405,0.018617881,0.0105577615,0.0130597353,4749032.93,1270000.00,,"2023-06-14T23:59:59.999Z"
"2023-06-13T00:00:00.000Z","2023-06-13T23:59:59.999Z","2023-06-13T06:56:00.000Z","2023-06-13T02:00:00.000Z","2781",0.00924631497523,0.0146043614,0.00883231964897,0.0142366329,2850676.51,1380000.00,,"2023-06-13T23:59:59.999Z"
"2023-06-12T00:00:00.000Z","2023-06-12T23:59:59.999Z","2023-06-12T22:14:00.000Z","2023-06-12T15:09:00.000Z","2781",0.010700477,0.0116261653,0.00819325350691,0.00924631497478,2230419.29,9140000.00,,"2023-06-12T23:59:59.999Z"
"2023-06-11T00:00:00.000Z","2023-06-11T23:59:59.999Z","2023-06-11T21:20:00.000Z","2023-06-11T16:34:00.000Z","2781",0.0123530472,0.0143444565,0.00779131245048,0.0106405987,3457606.17,1020000.00,,"2023-06-11T23:59:59.999Z"
"2023-06-10T00:00:00.000Z","2023-06-10T23:59:59.999Z","2023-06-10T01:16:00.000Z","2023-06-10T11:48:00.000Z","2781",0.0147821446,0.0161624446,0.00812094448579,0.0126162014,4683381.61,1210000.00,,"2023-06-10T23:59:59.999Z"
"2023-06-09T00:00:00.000Z","2023-06-09T23:59:59.999Z","2023-06-09T00:08:00.000Z","2023-06-09T07:27:00.000Z","2781",0.0206660076,0.0210837954,0.0113859459,0.0147838472,6191204.93,1500000.00,,"2023-06-09T23:59:59.999Z"
"2023-06-08T00:00:00.000Z","2023-06-08T23:59:59.999Z","2023-06-08T01:46:00.000Z","2023-06-08T21:36:00.000Z","2781",0.0219010549,0.0275199467,0.0161873649,0.0203872721,7228701.69,2050000.00,,"2023-06-08T23:59:59.999Z"
"2023-06-07T00:00:00.000Z","2023-06-07T23:59:59.999Z","2023-06-07T13:08:00.000Z","2023-06-07T04:09:00.000Z","2781",0.0207909079,0.0266538349,0.015273425,0.0218998867,11746863.3,2100000.00,,"2023-06-07T23:59:59.999Z"
"2023-06-06T00:00:00.000Z","2023-06-06T23:59:59.999Z","2023-06-06T23:56:00.000Z","2023-06-06T02:18:00.000Z","2781",0.00990439193058,0.0199387677,0.00740742646728,0.0198333278,6236497.05,1950000.00,,"2023-06-06T23:59:59.999Z"
"2023-06-05T00:00:00.000Z","2023-06-05T23:59:59.999Z","2023-06-05T11:33:00.000Z","2023-06-05T20:32:00.000Z","2781",0.0121584399,0.0153688479,0.00701150383482,0.00990427019656,6727510.06,9380000.00,,"2023-06-05T23:59:59.999Z"
"2023-06-04T00:00:00.000Z","2023-06-04T23:59:59.999Z","2023-06-04T14:41:00.000Z","2023-06-04T01:13:00.000Z","2781",0.00620601717068,0.0138149775,0.00565910583896,0.0117916088,5993747.17,1240000.00,,"2023-06-04T23:59:59.999Z"
"2023-06-03T00:00:00.000Z","2023-06-03T23:59:59.999Z","2023-06-03T17:25:00.000Z","2023-06-03T00:10:00.000Z","2781",0.00250844255699,0.00969447436331,0.00250432288833,0.00620832808295,5550367.3,6000000.00,,"2023-06-03T23:59:59.999Z"
"2023-06-02T00:00:00.000Z","2023-06-02T23:59:59.999Z","2023-06-02T23:16:00.000Z","2023-06-02T01:37:00.000Z","2781",0.00138697193317,0.00251549937869,0.00132125449755,0.00250836089264,354091.8,2090000.00,,"2023-06-02T23:59:59.999Z"
"2023-06-01T00:00:00.000Z","2023-06-01T23:59:59.999Z","2023-06-01T10:05:00.000Z","2023-06-01T00:00:00.000Z","2781",0.00070592183795,0.00161780707902,0.00070592183795,0.00138737232357,316743.7,1250000.00,,"2023-06-01T23:59:59.999Z"
"2023-05-31T00:00:00.000Z","2023-05-31T23:59:59.999Z","2023-05-31T00:07:00.000Z","2023-05-31T22:51:00.000Z","2781",0.00092826677538,0.00092900500212,0.0006576139544,0.00070589062679,173144.54,750000.00,,"2023-05-31T23:59:59.999Z"
"2023-05-30T00:00:00.000Z","2023-05-30T23:59:59.999Z","2023-05-30T02:24:00.000Z","2023-05-30T23:09:00.000Z","2781",0.0011912834101,0.00124680691247,0.00086737556559,0.00092812521098,322654.63,1000000.00,"2023-05-30T23:59:59.999Z"
"2023-05-29T00:00:00.000Z","2023-05-29T23:59:59.999Z","2023-05-29T05:53:00.000Z","2023-05-29T16:08:00.000Z","2781",0.00131815113117,0.00150860858453,0.0010387955473,0.0011919436418,328106.9,1024000.00,"2023-05-29T23:59:59.999Z"
"2023-05-28T00:00:00.000Z","2023-05-28T23:59:59.999Z","2023-05-28T00:59:00.000Z","2023-05-28T19:28:00.000Z","2781",0.00173612221024,0.00192510244898,0.00113464283753,0.00131827541145,315899.51,1430000.00,"2023-05-28T23:59:59.999Z"
"2023-05-27T00:00:00.000Z","2023-05-27T23:59:59.999Z","2023-05-27T02:56:00.000Z","2023-05-27T14:56:00.000Z","2781",0.00223789084116,0.00236648817494,0.00163073042642,0.00173600381097,317168.93,2030000.00,"2023-05-27T23:59:59.999Z"
"2023-05-26T00:00:00.000Z","2023-05-26T23:59:59.999Z","2023-05-26T13:33:00.000Z","2023-05-26T21:22:00.000Z","2781",0.00216165695873,0.00262972188631,0.0018038694191,0.00223779592284,403951.28,2220000.00,"2023-05-26T23:59:59.999Z"
"2023-05-25T00:00:00.000Z","2023-05-25T23:59:59.999Z","2023-05-25T02:50:00.000Z","2023-05-25T08:41:00.000Z","2781",0.00210736771949,0.00335045891021,0.00154355769074,0.00216177821194,946855.86,2200000.00,"2023-05-25T23:59:59.999Z"
"2023-05-24T00:00:00.000Z","2023-05-24T23:59:59.999Z","2023-05-24T17:59:00.000Z","2023-05-24T10:01:00.000Z","2781",0.0016170326378,0.00296975223888,0.00086287185491,0.00210670646777,1016693.89,1910000.00,"2023-05-24T23:59:59.999Z"
"2023-05-23T00:00:00.000Z","2023-05-23T23:59:59.999Z","2023-05-23T01:20:00.000Z","2023-05-23T22:40:00.000Z","2781",0.00212402888249,0.00327712519074,0.00114429438491,0.00161788318953,695599.8,1730000.00,"2023-05-23T23:59:59.999Z"
"2023-05-22T00:00:00.000Z","2023-05-22T23:59:59.999Z","2023-05-22T22:45:00.000Z","2023-05-22T06:47:00.000Z","2781",0.00144379791645,0.00246629598743,0.00099833110482,0.00212404270306,697678.41,1800000.00,"2023-05-22T23:59:59.999Z"
"2023-05-21T00:00:00.000Z","2023-05-21T23:59:59.999Z","2023-05-21T00:01:00.000Z","2023-05-21T23:19:00.000Z","2781",0.00276622446847,0.00276642412323,0.00118775460426,0.00144389723617,1296731.1,1500000.00,"2023-05-21T23:59:59.999Z"
"2023-05-20T00:00:00.000Z","2023-05-20T23:59:59.999Z","2023-05-20T01:22:00.000Z","2023-05-20T16:27:00.000Z","2781",0.0033876264376,0.00441707062557,0.00197611893247,0.00278818943885,1095619.15,2830000.00,"2023-05-20T23:59:59.999Z"
"2023-05-19T00:00:00.000Z","2023-05-19T23:59:59.999Z","2023-05-19T00:49:00.000Z","2023-05-19T19:53:00.000Z","2781",0.00421861103098,0.00498391016912,0.00210977479271,0.00338522741623,1641401.25,3560000.00,"2023-05-19T23:59:59.999Z"
"2023-05-18T00:00:00.000Z","2023-05-18T23:59:59.999Z","2023-05-18T00:00:00.000Z","2023-05-18T22:30:00.000Z","2781",0.00844078703889,0.00844078703889,0.00271702026662,0.00419810336752,4374530.49,4890000.00,"2023-05-18T23:59:59.999Z"
"2023-05-17T00:00:00.000Z","2023-05-17T23:59:59.999Z","2023-05-17T18:02:00.000Z","2023-05-17T23:10:00.000Z","2781",0.00877381516594,0.0104582786,0.00685905635038,0.00844016375659,3655104.29,8480000.00,"2023-05-17T23:59:59.999Z"
"2023-05-16T00:00:00.000Z","2023-05-16T23:59:59.999Z","2023-05-16T15:47:00.000Z","2023-05-16T21:21:00.000Z","2781",0.00857663091094,0.0105786261,0.00627441370283,0.00915327667798,5590644.14,8720000.00,"2023-05-16T23:59:59.999Z"
"2023-05-15T00:00:00.000Z","2023-05-15T23:59:59.999Z","2023-05-15T23:54:00.000Z","2023-05-15T00:58:00.000Z","2781",0.00528599018015,0.00880474028684,0.00430947528324,0.00856443172556,3960664.73,8000000.00,"2023-05-15T23:59:59.999Z"
"2023-05-14T00:00:00.000Z","2023-05-14T23:59:59.999Z","2023-05-14T12:15:00.000Z","2023-05-14T01:13:00.000Z","2781",0.00449341470219,0.00684642027006,0.00313272247074,0.00528823992202,4063262.91,5200000.00,"2023-05-14T23:59:59.999Z"
"2023-05-13T00:00:00.000Z","2023-05-13T23:59:59.999Z","2023-05-13T03:09:00.000Z","2023-05-13T15:06:00.000Z","2781",0.00303846132595,0.00496666645982,0.00189984101289,0.00440993370206,3517917.81,4200000.00,"2023-05-13T23:59:59.999Z"
"2023-05-12T00:00:00.000Z","2023-05-12T23:59:59.999Z","2023-05-12T16:48:00.000Z","2023-05-12T04:18:00.000Z","2781",0.00486457239192,0.00814099822662,0.00242188122188,0.00326449690876,11400197.84,2520000.00,"2023-05-12T23:59:59.999Z"
"2023-05-11T00:00:00.000Z","2023-05-11T23:59:59.999Z","2023-05-11T09:24:00.000Z","2023-05-11T00:51:00.000Z","2781",0.00010690919619,0.004542855275,0.00009179266514,0.00222436678294,9792202.81,884000.00,"2023-05-11T23:59:59.999Z"
"2023-05-11T00:00:00.000Z","2023-05-11T23:59:59.999Z","2023-05-11T09:24:00.000Z","2023-05-11T00:51:00.000Z","2781",0.00004692419619,0.004542855275,0.00009179266514,0.00222436678294,1002202.81,64000.00,"2023-05-2T23:59:59.999Z"